datetime,score_combined_pct,score_combined_pct_7D_rolling,score_combined_pct_30D_rolling,score_ratio_7D_30D
2018-01-01 00:00:00+00:00,90,76.28571428571429,69.3,1.1008039579468152
2018-01-02 00:00:00+00:00,82,76.71428571428571,69.93333333333334,1.0969630941032273
2018-01-03 00:00:00+00:00,81,77.28571428571429,70.0,1.1040816326530614
2018-01-04 00:00:00+00:00,84,79.71428571428571,70.43333333333334,1.1317693191805827
2018-01-05 00:00:00+00:00,84,84.28571428571429,71.53333333333333,1.1782718679270405
2018-01-06 00:00:00+00:00,82,84.71428571428571,72.5,1.1684729064039407
2018-01-07 00:00:00+00:00,65,81.14285714285714,73.03333333333333,1.1110386646671448
2018-01-08 00:00:00+00:00,67,77.85714285714286,72.63333333333334,1.0719202779781025
2018-01-09 00:00:00+00:00,52,73.57142857142857,71.76666666666667,1.0251476345298918
2018-01-10 00:00:00+00:00,53,69.57142857142857,70.7,0.9840371792281268
2018-01-11 00:00:00+00:00,48,64.42857142857143,69.4,0.9283655825442568
2018-01-12 00:00:00+00:00,52,59.857142857142854,68.33333333333333,0.8759581881533102
2018-01-13 00:00:00+00:00,51,55.42857142857143,67.73333333333333,0.8183352080989876
2018-01-14 00:00:00+00:00,54,53.857142857142854,67.5,0.7978835978835979
2018-01-15 00:00:00+00:00,27,48.142857142857146,66.3,0.7261366084895498
2018-01-16 00:00:00+00:00,10,42.142857142857146,63.7,0.6615833146445391
2018-01-17 00:00:00+00:00,10,36.0,61.0,0.5901639344262295
2018-01-18 00:00:00+00:00,18,31.714285714285715,58.666666666666664,0.5405844155844156
2018-01-19 00:00:00+00:00,55,32.142857142857146,57.766666666666666,0.5564256862583464
2018-01-20 00:00:00+00:00,59,33.285714285714285,58.166666666666664,0.572247237003684
2018-01-21 00:00:00+00:00,51,32.857142857142854,58.5,0.5616605616605617
2018-01-22 00:00:00+00:00,39,34.57142857142857,58.733333333333334,0.5886168315226203
2018-01-23 00:00:00+00:00,40,38.857142857142854,58.666666666666664,0.6623376623376623
2018-01-24 00:00:00+00:00,50,44.57142857142857,58.266666666666666,0.7649558679306963
2018-01-25 00:00:00+00:00,67,51.57142857142857,57.86666666666667,0.891211323238973
2018-01-26 00:00:00+00:00,64,52.857142857142854,57.43333333333333,0.9203216980349888
2018-01-27 00:00:00+00:00,56,52.42857142857143,57.06666666666667,0.9187249666221629
2018-01-28 00:00:00+00:00,49,52.142857142857146,56.96666666666667,0.9153222435843852
2018-01-29 00:00:00+00:00,43,52.714285714285715,55.766666666666666,0.9452651353428401
2018-01-30 00:00:00+00:00,27,50.857142857142854,53.666666666666664,0.9476486246672582
2018-01-31 00:00:00+00:00,18,46.285714285714285,51.266666666666666,0.9028422812558053
2018-02-01 00:00:00+00:00,10,38.142857142857146,48.86666666666667,0.7805496004677451
2018-02-02 00:00:00+00:00,11,30.571428571428573,46.53333333333333,0.6569791240278346
2018-02-03 00:00:00+00:00,9,23.857142857142858,44.03333333333333,0.5417973396777334
2018-02-04 00:00:00+00:00,6,17.714285714285715,41.43333333333333,0.42753706470520636
2018-02-05 00:00:00+00:00,4,12.142857142857142,38.833333333333336,0.3126916002452483
2018-02-06 00:00:00+00:00,6,9.142857142857142,36.86666666666667,0.2479979333505554
2018-02-07 00:00:00+00:00,16,8.857142857142858,35.166666666666664,0.25186188219363576
2018-02-08 00:00:00+00:00,45,13.857142857142858,34.93333333333333,0.3966739367502727
2018-02-09 00:00:00+00:00,53,19.857142857142858,34.93333333333333,0.5684296619411124
2018-02-10 00:00:00+00:00,52,26.0,35.06666666666667,0.741444866920152
2018-02-11 00:00:00+00:00,56,33.142857142857146,35.2,0.9415584415584416
2018-02-12 00:00:00+00:00,60,41.142857142857146,35.5,1.158953722334004
2018-02-13 00:00:00+00:00,75,51.0,36.2,1.4088397790055247
2018-02-14 00:00:00+00:00,70,58.714285714285715,37.63333333333333,1.5601670251803113
2018-02-15 00:00:00+00:00,72,62.57142857142857,39.7,1.5761065131342207
2018-02-16 00:00:00+00:00,64,64.14285714285714,41.5,1.5456110154905334
2018-02-17 00:00:00+00:00,61,65.42857142857143,42.93333333333333,1.523957409050577
2018-02-18 00:00:00+00:00,61,66.14285714285714,43.13333333333333,1.5334510929565024
2018-02-19 00:00:00+00:00,72,67.85714285714286,43.56666666666667,1.557547272926003
2018-02-20 00:00:00+00:00,74,67.71428571428571,44.333333333333336,1.5273899033297527
2018-02-21 00:00:00+00:00,52,65.14285714285714,44.766666666666666,1.4551643442187001
2018-02-22 00:00:00+00:00,39,60.42857142857143,44.733333333333334,1.3508622525015967
2018-02-23 00:00:00+00:00,36,56.42857142857143,44.266666666666666,1.2747418244406197
2018-02-24 00:00:00+00:00,43,53.857142857142854,43.46666666666667,1.2390446976336547
2018-02-25 00:00:00+00:00,65,54.42857142857143,43.5,1.251231527093596
2018-02-26 00:00:00+00:00,62,53.0,43.7,1.2128146453089244
2018-02-27 00:00:00+00:00,81,54.0,44.766666666666666,1.2062546537602383
2018-02-28 00:00:00+00:00,71,56.714285714285715,45.7,1.2410128165051577
2018-03-01 00:00:00+00:00,72,61.42857142857143,47.2,1.3014527845036319
2018-03-02 00:00:00+00:00,45,62.714285714285715,48.1,1.3038313038313039
2018-03-03 00:00:00+00:00,38,62.0,49.03333333333333,1.2644459551325629
2018-03-04 00:00:00+00:00,30,57.0,49.666666666666664,1.1476510067114094
2018-03-05 00:00:00+00:00,26,51.857142857142854,50.233333333333334,1.0323253388946818
2018-03-06 00:00:00+00:00,19,43.0,50.666666666666664,0.8486842105263158
2018-03-07 00:00:00+00:00,16,35.142857142857146,51.06666666666667,0.6881760537113017
2018-03-08 00:00:00+00:00,11,26.428571428571427,51.233333333333334,0.515847197694953
2018-03-09 00:00:00+00:00,13,21.857142857142858,51.13333333333333,0.42745390203017325
2018-03-10 00:00:00+00:00,9,17.714285714285715,49.93333333333333,0.3547587259202747
2018-03-11 00:00:00+00:00,19,16.142857142857142,48.8,0.3307962529274005
2018-03-12 00:00:00+00:00,17,14.857142857142858,47.63333333333333,0.31190642807157853
2018-03-13 00:00:00+00:00,14,14.142857142857142,46.233333333333334,0.30590174065300235
2018-03-14 00:00:00+00:00,5,12.571428571428571,44.4,0.28314028314028317
2018-03-15 00:00:00+00:00,6,11.857142857142858,42.1,0.2816423481506617
2018-03-16 00:00:00+00:00,5,10.714285714285714,39.93333333333333,0.2683043167183401
2018-03-17 00:00:00+00:00,4,10.0,37.666666666666664,0.26548672566371684
2018-03-18 00:00:00+00:00,5,8.0,35.7,0.22408963585434172
2018-03-19 00:00:00+00:00,7,6.571428571428571,33.9,0.19384745048461863
2018-03-20 00:00:00+00:00,19,7.285714285714286,32.5,0.22417582417582418
2018-03-21 00:00:00+00:00,26,10.285714285714286,30.966666666666665,0.33215439028140864
2018-03-22 00:00:00+00:00,32,14.0,29.566666666666666,0.47350620067643745
2018-03-23 00:00:00+00:00,27,17.142857142857142,28.733333333333334,0.5966191581040768
2018-03-24 00:00:00+00:00,30,20.857142857142858,28.433333333333334,0.7335454697705577
2018-03-25 00:00:00+00:00,18,22.714285714285715,27.833333333333332,0.8160821214713431
2018-03-26 00:00:00+00:00,8,22.857142857142858,26.666666666666668,0.8571428571428571
2018-03-27 00:00:00+00:00,5,20.857142857142858,24.666666666666668,0.8455598455598455
2018-03-28 00:00:00+00:00,2,17.428571428571427,22.666666666666668,0.76890756302521
2018-03-29 00:00:00+00:00,2,13.142857142857142,20.033333333333335,0.6560494414071785
2018-03-30 00:00:00+00:00,3,9.714285714285714,17.766666666666666,0.5467703028678639
2018-03-31 00:00:00+00:00,4,6.0,15.5,0.3870967741935484
2018-04-01 00:00:00+00:00,6,4.285714285714286,14.2,0.30181086519114686
2018-04-02 00:00:00+00:00,9,4.428571428571429,13.233333333333333,0.334652752788773
2018-04-03 00:00:00+00:00,15,5.857142857142857,12.733333333333333,0.4599850411368736
2018-04-04 00:00:00+00:00,15,7.714285714285714,12.366666666666667,0.6237966884867154
2018-04-05 00:00:00+00:00,9,8.714285714285714,12.033333333333333,0.7241788682231894
2018-04-06 00:00:00+00:00,11,9.857142857142858,11.866666666666667,0.8306581059390048
2018-04-07 00:00:00+00:00,13,11.142857142857142,11.933333333333334,0.9337589784517158
2018-04-08 00:00:00+00:00,21,13.285714285714286,12.2,1.088992974238876
2018-04-09 00:00:00+00:00,25,15.571428571428571,12.733333333333333,1.2228870605833957
2018-04-10 00:00:00+00:00,22,16.571428571428573,12.833333333333334,1.2912801484230056
2018-04-11 00:00:00+00:00,27,18.285714285714285,13.166666666666666,1.3887884267631103
2018-04-12 00:00:00+00:00,32,21.571428571428573,13.766666666666667,1.5669318574887583
2018-04-13 00:00:00+00:00,38,25.428571428571427,14.866666666666667,1.7104420243433696
2018-04-14 00:00:00+00:00,41,29.428571428571427,16.033333333333335,1.8354618354618353
2018-04-15 00:00:00+00:00,52,33.857142857142854,17.6,1.9237012987012985
2018-04-16 00:00:00+00:00,55,38.142857142857146,19.3,1.9763138415988157
2018-04-17 00:00:00+00:00,60,43.57142857142857,21.133333333333333,2.0617395223073456
2018-04-18 00:00:00+00:00,51,47.0,22.6,2.079646017699115
2018-04-19 00:00:00+00:00,61,51.142857142857146,24.0,2.130952380952381
2018-04-20 00:00:00+00:00,67,55.285714285714285,25.366666666666667,2.1794631124460295
2018-04-21 00:00:00+00:00,78,60.57142857142857,26.9,2.251725969198088
2018-04-22 00:00:00+00:00,71,63.285714285714285,28.366666666666667,2.230988752727883
2018-04-23 00:00:00+00:00,61,64.14285714285714,29.4,2.181729834791059
2018-04-24 00:00:00+00:00,45,62.0,30.3,2.046204620462046
2018-04-25 00:00:00+00:00,41,60.57142857142857,31.4,1.9290263876251137
2018-04-26 00:00:00+00:00,52,59.285714285714285,32.96666666666667,1.7983533150368336
2018-04-27 00:00:00+00:00,79,61.0,35.53333333333333,1.7166979362101313
2018-04-28 00:00:00+00:00,87,62.285714285714285,38.36666666666667,1.6234330395929006
2018-04-29 00:00:00+00:00,79,63.42857142857143,40.9,1.5508208173244848
2018-04-30 00:00:00+00:00,61,63.42857142857143,42.8,1.4819759679572766
2018-05-01 00:00:00+00:00,58,65.28571428571429,44.53333333333333,1.4659965782720277
2018-05-02 00:00:00+00:00,59,67.85714285714286,46.2,1.468769325912183
2018-05-03 00:00:00+00:00,68,70.14285714285714,47.96666666666667,1.4623250273007047
2018-05-04 00:00:00+00:00,68,68.57142857142857,49.733333333333334,1.378782075833014
2018-05-05 00:00:00+00:00,52,63.57142857142857,51.166666666666664,1.2424383434155422
2018-05-06 00:00:00+00:00,46,58.857142857142854,52.333333333333336,1.124658780709736
2018-05-07 00:00:00+00:00,37,55.42857142857143,53.13333333333333,1.0431977056820219
2018-05-08 00:00:00+00:00,40,52.857142857142854,53.766666666666666,0.9830838721105305
2018-05-09 00:00:00+00:00,57,52.57142857142857,54.833333333333336,0.9587494572297003
2018-05-10 00:00:00+00:00,55,50.714285714285715,55.93333333333333,0.9066916397071344
2018-05-11 00:00:00+00:00,52,48.42857142857143,56.766666666666666,0.8531163492995555
2018-05-12 00:00:00+00:00,35,46.0,56.86666666666667,0.8089097303634232
2018-05-13 00:00:00+00:00,39,45.0,56.9,0.7908611599297013
2018-05-14 00:00:00+00:00,42,45.714285714285715,56.93333333333333,0.8029441284710607
2018-05-15 00:00:00+00:00,41,45.857142857142854,56.56666666666667,0.8106742991834328
2018-05-16 00:00:00+00:00,47,44.42857142857143,56.3,0.7891398122303984
2018-05-17 00:00:00+00:00,39,42.142857142857146,55.6,0.7579650565262076
2018-05-18 00:00:00+00:00,39,40.285714285714285,55.2,0.7298136645962733
2018-05-19 00:00:00+00:00,46,41.857142857142854,54.7,0.7652128493079132
2018-05-20 00:00:00+00:00,61,45.0,54.5,0.8256880733944955
2018-05-21 00:00:00+00:00,60,47.57142857142857,53.9,0.8825868009541479
2018-05-22 00:00:00+00:00,35,46.714285714285715,52.7,0.8864190837625372
2018-05-23 00:00:00+00:00,23,43.285714285714285,51.43333333333333,0.8415887417831682
2018-05-24 00:00:00+00:00,20,40.57142857142857,50.6,0.8018068887634104
2018-05-25 00:00:00+00:00,32,39.57142857142857,50.3,0.786708321499574
2018-05-26 00:00:00+00:00,25,36.57142857142857,49.4,0.7403123192596877
2018-05-27 00:00:00+00:00,19,30.571428571428573,47.4,0.6449668474984931
2018-05-28 00:00:00+00:00,15,24.142857142857142,45.0,0.5365079365079365
2018-05-29 00:00:00+00:00,22,22.285714285714285,43.1,0.5170699370235333
2018-05-30 00:00:00+00:00,36,24.142857142857142,42.266666666666666,0.571203244704822
2018-05-31 00:00:00+00:00,55,29.142857142857142,42.166666666666664,0.6911349520045172
2018-06-01 00:00:00+00:00,58,32.857142857142854,42.13333333333333,0.7798372513562386
2018-06-02 00:00:00+00:00,49,36.285714285714285,41.5,0.8743545611015491
2018-06-03 00:00:00+00:00,42,39.57142857142857,40.63333333333333,0.9738661666471347
2018-06-04 00:00:00+00:00,41,43.285714285714285,40.266666666666666,1.0749763481551562
2018-06-05 00:00:00+00:00,50,47.285714285714285,40.4,1.1704384724186705
2018-06-06 00:00:00+00:00,55,50.0,41.0,1.2195121951219512
2018-06-07 00:00:00+00:00,64,51.285714285714285,41.8,1.2269309637730692
2018-06-08 00:00:00+00:00,74,53.57142857142857,42.36666666666667,1.2644711700573226
2018-06-09 00:00:00+00:00,45,53.0,42.03333333333333,1.260904044409199
2018-06-10 00:00:00+00:00,24,50.42857142857143,41.1,1.226972540841154
2018-06-11 00:00:00+00:00,19,47.285714285714285,40.56666666666667,1.1656297687522008
2018-06-12 00:00:00+00:00,11,41.714285714285715,39.63333333333333,1.0525051063318516
2018-06-13 00:00:00+00:00,13,35.714285714285715,38.666666666666664,0.9236453201970444
2018-06-14 00:00:00+00:00,11,28.142857142857142,37.666666666666664,0.7471554993678888
2018-06-15 00:00:00+00:00,22,20.714285714285715,36.833333333333336,0.5623787976729153
2018-06-16 00:00:00+00:00,22,17.428571428571427,36.266666666666666,0.48056722689075626
2018-06-17 00:00:00+00:00,26,17.714285714285715,35.833333333333336,0.4943521594684385
2018-06-18 00:00:00+00:00,29,19.142857142857142,35.266666666666666,0.5428031325951931
2018-06-19 00:00:00+00:00,29,21.714285714285715,34.2,0.6349206349206349
2018-06-20 00:00:00+00:00,34,24.714285714285715,33.333333333333336,0.7414285714285714
2018-06-21 00:00:00+00:00,28,27.142857142857142,33.1,0.8200258955545964
2018-06-22 00:00:00+00:00,28,28.0,33.266666666666666,0.841683366733467
2018-06-23 00:00:00+00:00,18,27.428571428571427,33.2,0.8261617900172116
2018-06-24 00:00:00+00:00,17,26.142857142857142,32.7,0.7994757536041939
2018-06-25 00:00:00+00:00,12,23.714285714285715,32.266666666666666,0.7349468713105077
2018-06-26 00:00:00+00:00,17,22.0,32.2,0.6832298136645962
2018-06-27 00:00:00+00:00,11,18.714285714285715,32.06666666666667,0.5836055836055836
2018-06-28 00:00:00+00:00,7,15.714285714285714,31.566666666666666,0.49781264142404585
2018-06-29 00:00:00+00:00,7,12.714285714285714,30.6,0.41549953314659194
2018-06-30 00:00:00+00:00,15,12.285714285714286,29.266666666666666,0.41978522616335834
2018-07-01 00:00:00+00:00,37,15.142857142857142,28.566666666666666,0.5300883480580096
2018-07-02 00:00:00+00:00,40,19.142857142857142,28.266666666666666,0.6772237196765498
2018-07-03 00:00:00+00:00,37,22.0,28.1,0.7829181494661921
2018-07-04 00:00:00+00:00,50,27.571428571428573,28.4,0.9708249496981892
2018-07-05 00:00:00+00:00,59,35.0,28.7,1.2195121951219512
2018-07-06 00:00:00+00:00,56,42.0,28.733333333333334,1.4617169373549883
2018-07-07 00:00:00+00:00,53,47.42857142857143,28.366666666666667,1.671982541547759
2018-07-08 00:00:00+00:00,57,50.285714285714285,27.8,1.8088386433710173
2018-07-09 00:00:00+00:00,36,49.714285714285715,27.5,1.8077922077922077
2018-07-10 00:00:00+00:00,32,49.0,27.766666666666666,1.7647058823529413
2018-07-11 00:00:00+00:00,29,46.0,28.1,1.6370106761565835
2018-07-12 00:00:00+00:00,32,42.142857142857146,28.8,1.463293650793651
2018-07-13 00:00:00+00:00,38,39.57142857142857,29.633333333333333,1.3353687931865659
2018-07-14 00:00:00+00:00,43,38.142857142857146,30.7,1.2424383434155422
2018-07-15 00:00:00+00:00,58,38.285714285714285,31.9,1.200179131213614
2018-07-16 00:00:00+00:00,51,40.42857142857143,32.86666666666667,1.2300782381918285
2018-07-17 00:00:00+00:00,38,41.285714285714285,33.266666666666666,1.241053535642714
2018-07-18 00:00:00+00:00,34,42.0,33.43333333333333,1.256231306081755
2018-07-19 00:00:00+00:00,32,42.0,33.53333333333333,1.2524850894632207
2018-07-20 00:00:00+00:00,35,41.57142857142857,33.56666666666667,1.238473542346432
2018-07-21 00:00:00+00:00,42,41.42857142857143,34.03333333333333,1.2172939694976914
2018-07-22 00:00:00+00:00,39,38.714285714285715,34.4,1.1254152823920267
2018-07-23 00:00:00+00:00,41,37.285714285714285,35.166666666666664,1.060257278266757
2018-07-24 00:00:00+00:00,50,39.0,36.266666666666666,1.0753676470588236
2018-07-25 00:00:00+00:00,61,42.857142857142854,37.9,1.1307953260459855
2018-07-26 00:00:00+00:00,72,48.57142857142857,39.733333333333334,1.2224352828379674
2018-07-27 00:00:00+00:00,63,52.57142857142857,41.46666666666667,1.2677997243913641
2018-07-28 00:00:00+00:00,64,55.714285714285715,43.36666666666667,1.2847260349181948
2018-07-29 00:00:00+00:00,59,58.57142857142857,45.1,1.2987012987012987
2018-07-30 00:00:00+00:00,41,58.57142857142857,45.96666666666667,1.2742152698642908
2018-07-31 00:00:00+00:00,21,54.42857142857143,45.43333333333333,1.197987632323656
2018-08-01 00:00:00+00:00,14,47.714285714285715,44.56666666666667,1.0706272037610856
2018-08-02 00:00:00+00:00,7,38.42857142857143,43.56666666666667,0.8820636135096732
2018-08-03 00:00:00+00:00,7,30.428571428571427,42.13333333333333,0.7221971066907775
2018-08-04 00:00:00+00:00,11,22.857142857142858,40.53333333333333,0.5639097744360902
2018-08-05 00:00:00+00:00,14,16.428571428571427,39.13333333333333,0.4198101727914334
2018-08-06 00:00:00+00:00,16,12.857142857142858,37.9,0.33923859781379573
2018-08-07 00:00:00+00:00,7,10.857142857142858,36.233333333333334,0.2996451570508608
2018-08-08 00:00:00+00:00,5,9.571428571428571,35.2,0.2719155844155844
2018-08-09 00:00:00+00:00,6,9.428571428571429,34.333333333333336,0.27461858529819694
2018-08-10 00:00:00+00:00,1,8.571428571428571,33.4,0.2566295979469632
2018-08-11 00:00:00+00:00,1,7.142857142857143,32.36666666666667,0.22068559658672945
2018-08-12 00:00:00+00:00,1,5.285714285714286,31.133333333333333,0.16977669011930255
2018-08-13 00:00:00+00:00,0,3.0,29.7,0.10101010101010101
2018-08-14 00:00:00+00:00,0,2.0,27.766666666666666,0.07202881152460984
2018-08-15 00:00:00+00:00,1,1.4285714285714286,26.1,0.05473453749315818
2018-08-16 00:00:00+00:00,4,1.1428571428571428,24.966666666666665,0.04577531947358383
2018-08-17 00:00:00+00:00,6,1.8571428571428572,24.033333333333335,0.07727362789776104
2018-08-18 00:00:00+00:00,8,2.857142857142857,23.233333333333334,0.12297601967616315
2018-08-19 00:00:00+00:00,5,3.4285714285714284,22.233333333333334,0.15420860998072392
2018-08-20 00:00:00+00:00,4,4.0,20.966666666666665,0.1907790143084261
2018-08-21 00:00:00+00:00,3,4.428571428571429,19.766666666666666,0.22404239942182608
2018-08-22 00:00:00+00:00,3,4.714285714285714,18.5,0.2548262548262548
2018-08-23 00:00:00+00:00,6,5.0,17.033333333333335,0.29354207436399216
2018-08-24 00:00:00+00:00,10,5.571428571428571,15.333333333333334,0.3633540372670807
2018-08-25 00:00:00+00:00,13,6.285714285714286,13.366666666666667,0.47025293908086924
2018-08-26 00:00:00+00:00,15,7.714285714285714,11.766666666666667,0.6556050182112505
2018-08-27 00:00:00+00:00,15,9.285714285714286,10.133333333333333,0.9163533834586467
2018-08-28 00:00:00+00:00,19,11.571428571428571,8.8,1.3149350649350648
2018-08-29 00:00:00+00:00,16,13.428571428571429,7.966666666666667,1.6855947399880455
2018-08-30 00:00:00+00:00,16,14.857142857142858,7.8,1.9047619047619049
2018-08-31 00:00:00+00:00,16,15.714285714285714,7.866666666666666,1.9975786924939467
2018-09-01 00:00:00+00:00,25,17.428571428571427,8.466666666666667,2.058492688413948
2018-09-02 00:00:00+00:00,29,19.428571428571427,9.2,2.111801242236025
2018-09-03 00:00:00+00:00,23,20.571428571428573,9.6,2.1428571428571432
2018-09-04 00:00:00+00:00,3,18.285714285714285,9.233333333333333,1.9804022692109335
2018-09-05 00:00:00+00:00,1,16.142857142857142,8.733333333333333,1.8484187568157036
2018-09-06 00:00:00+00:00,1,14.0,8.533333333333333,1.640625
2018-09-07 00:00:00+00:00,1,11.857142857142858,8.4,1.41156462585034
2018-09-08 00:00:00+00:00,0,8.285714285714286,8.2,1.010452961672474
2018-09-09 00:00:00+00:00,0,4.142857142857143,8.166666666666666,0.5072886297376095
2018-09-10 00:00:00+00:00,1,1.0,8.166666666666666,0.12244897959183675
2018-09-11 00:00:00+00:00,0,0.5714285714285714,8.133333333333333,0.0702576112412178
2018-09-12 00:00:00+00:00,1,0.5714285714285714,8.166666666666666,0.06997084548104957
2018-09-13 00:00:00+00:00,2,0.7142857142857143,8.233333333333333,0.08675534991324466
2018-09-14 00:00:00+00:00,5,1.2857142857142858,8.366666666666667,0.15367103016505407
2018-09-15 00:00:00+00:00,5,2.0,8.4,0.23809523809523808
2018-09-16 00:00:00+00:00,5,2.7142857142857144,8.366666666666667,0.3244166192373364
2018-09-17 00:00:00+00:00,5,3.2857142857142856,8.266666666666667,0.3974654377880184
2018-09-18 00:00:00+00:00,7,4.285714285714286,8.333333333333334,0.5142857142857142
2018-09-19 00:00:00+00:00,12,5.857142857142857,8.6,0.6810631229235881
2018-09-20 00:00:00+00:00,24,9.0,9.3,0.9677419354838709
2018-09-21 00:00:00+00:00,25,11.857142857142858,10.033333333333333,1.1817750355956336
2018-09-22 00:00:00+00:00,25,14.714285714285714,10.666666666666666,1.3794642857142858
2018-09-23 00:00:00+00:00,24,17.428571428571427,11.133333333333333,1.5654405474764757
2018-09-24 00:00:00+00:00,20,19.571428571428573,11.366666666666667,1.721826560536238
2018-09-25 00:00:00+00:00,16,20.857142857142858,11.4,1.8295739348370927
2018-09-26 00:00:00+00:00,16,21.428571428571427,11.433333333333334,1.874219075385256
2018-09-27 00:00:00+00:00,20,20.857142857142858,11.466666666666667,1.818936877076412
2018-09-28 00:00:00+00:00,24,20.714285714285715,11.733333333333333,1.7654220779220782
2018-09-29 00:00:00+00:00,29,21.285714285714285,12.166666666666666,1.7495107632093934
2018-09-30 00:00:00+00:00,31,22.285714285714285,12.666666666666666,1.7593984962406015
2018-10-01 00:00:00+00:00,28,23.428571428571427,12.766666666666667,1.8351361432301379
2018-10-02 00:00:00+00:00,15,23.285714285714285,12.3,1.8931475029036002
2018-10-03 00:00:00+00:00,19,23.714285714285715,12.166666666666666,1.9491193737769081
2018-10-04 00:00:00+00:00,23,24.142857142857142,12.833333333333334,1.8812615955473098
2018-10-05 00:00:00+00:00,36,25.857142857142858,14.0,1.846938775510204
2018-10-06 00:00:00+00:00,33,26.428571428571427,15.066666666666666,1.7541087231352717
2018-10-07 00:00:00+00:00,33,26.714285714285715,16.133333333333333,1.655844155844156
2018-10-08 00:00:00+00:00,35,27.714285714285715,17.3,1.601981833195706
2018-10-09 00:00:00+00:00,35,30.571428571428573,18.466666666666665,1.655492521918515
2018-10-10 00:00:00+00:00,12,29.571428571428573,18.833333333333332,1.5701643489254111
2018-10-11 00:00:00+00:00,9,27.571428571428573,19.133333333333333,1.441015430562469
2018-10-12 00:00:00+00:00,8,23.571428571428573,19.366666666666667,1.2171133513646424
2018-10-13 00:00:00+00:00,15,21.0,19.8,1.0606060606060606
2018-10-14 00:00:00+00:00,22,19.428571428571427,20.366666666666667,0.9539396773439326
2018-10-15 00:00:00+00:00,18,17.0,20.8,0.8173076923076923
2018-10-16 00:00:00+00:00,27,15.857142857142858,21.533333333333335,0.7363998230871296
2018-10-17 00:00:00+00:00,30,18.428571428571427,22.366666666666667,0.8239301681924632
2018-10-18 00:00:00+00:00,36,22.285714285714285,23.333333333333332,0.9551020408163265
2018-10-19 00:00:00+00:00,41,27.0,24.3,1.1111111111111112
2018-10-20 00:00:00+00:00,44,31.142857142857142,24.966666666666665,1.2473774556551593
2018-10-21 00:00:00+00:00,32,32.57142857142857,25.2,1.292517006802721
2018-10-22 00:00:00+00:00,31,34.42857142857143,25.4,1.3554555680539935
2018-10-23 00:00:00+00:00,32,35.142857142857146,25.666666666666668,1.3692022263450836
2018-10-24 00:00:00+00:00,34,35.714285714285715,26.133333333333333,1.3666180758017494
2018-10-25 00:00:00+00:00,32,35.142857142857146,26.666666666666668,1.3178571428571428
2018-10-26 00:00:00+00:00,44,35.57142857142857,27.6,1.2888198757763973
2018-10-27 00:00:00+00:00,49,36.285714285714285,28.566666666666666,1.270211701950325
2018-10-28 00:00:00+00:00,51,39.0,29.466666666666665,1.323529411764706
2018-10-29 00:00:00+00:00,32,39.142857142857146,29.566666666666666,1.323884683523917
2018-10-30 00:00:00+00:00,29,38.714285714285715,29.5,1.3123486682808716
2018-10-31 00:00:00+00:00,37,39.142857142857146,29.8,1.3135186960690317
2018-11-01 00:00:00+00:00,45,41.0,30.8,1.3311688311688312
2018-11-02 00:00:00+00:00,42,40.714285714285715,31.566666666666666,1.289787298235028
2018-11-03 00:00:00+00:00,42,39.714285714285715,32.2,1.2333629103815438
2018-11-04 00:00:00+00:00,46,39.0,32.53333333333333,1.1987704918032787
2018-11-05 00:00:00+00:00,45,40.857142857142854,32.93333333333333,1.2406015037593985
2018-11-06 00:00:00+00:00,49,43.714285714285715,33.46666666666667,1.3062037564029596
2018-11-07 00:00:00+00:00,43,44.57142857142857,33.733333333333334,1.3212874082439299
2018-11-08 00:00:00+00:00,48,45.0,34.166666666666664,1.3170731707317074
2018-11-09 00:00:00+00:00,50,46.142857142857146,35.43333333333333,1.3022443219997315
2018-11-10 00:00:00+00:00,56,48.142857142857146,37.0,1.3011583011583012
2018-11-11 00:00:00+00:00,49,48.57142857142857,38.36666666666667,1.2659798932605186
2018-11-12 00:00:00+00:00,24,45.57142857142857,38.666666666666664,1.1785714285714286
2018-11-13 00:00:00+00:00,16,40.857142857142854,38.46666666666667,1.0621440950730376
2018-11-14 00:00:00+00:00,9,36.0,38.166666666666664,0.943231441048035
2018-11-15 00:00:00+00:00,8,30.285714285714285,37.53333333333333,0.8069018015732048
2018-11-16 00:00:00+00:00,11,24.714285714285715,36.9,0.6697638404955478
2018-11-17 00:00:00+00:00,25,20.285714285714285,36.53333333333333,0.5552659019812305
2018-11-18 00:00:00+00:00,5,14.0,35.333333333333336,0.3962264150943396
2018-11-19 00:00:00+00:00,2,10.857142857142858,33.93333333333333,0.3199550940218917
2018-11-20 00:00:00+00:00,0,8.571428571428571,32.86666666666667,0.2607939727615184
2018-11-21 00:00:00+00:00,4,7.857142857142857,31.966666666666665,0.24579174735587667
2018-11-22 00:00:00+00:00,6,7.571428571428571,31.1,0.2434542949012402
2018-11-23 00:00:00+00:00,7,7.0,30.2,0.2317880794701987
2018-11-24 00:00:00+00:00,4,4.0,29.266666666666666,0.1366742596810934
2018-11-25 00:00:00+00:00,4,3.857142857142857,27.933333333333334,0.1380838731674054
2018-11-26 00:00:00+00:00,4,4.142857142857143,26.433333333333334,0.1567285173842551
2018-11-27 00:00:00+00:00,10,5.571428571428571,25.066666666666666,0.2222644376899696
2018-11-28 00:00:00+00:00,15,7.142857142857143,24.5,0.2915451895043732
2018-11-29 00:00:00+00:00,14,8.285714285714286,24.0,0.3452380952380953
2018-11-30 00:00:00+00:00,10,8.714285714285714,23.1,0.37724180581323435
2018-12-01 00:00:00+00:00,13,10.0,22.033333333333335,0.45385779122541603
2018-12-02 00:00:00+00:00,17,11.857142857142858,21.2,0.5592991913746631
2018-12-03 00:00:00+00:00,10,12.714285714285714,20.133333333333333,0.6315042573320718
2018-12-04 00:00:00+00:00,7,12.285714285714286,18.833333333333332,0.6523388116308471
2018-12-05 00:00:00+00:00,6,11.0,17.533333333333335,0.6273764258555132
2018-12-06 00:00:00+00:00,2,9.285714285714286,15.966666666666667,0.5815687444079929
2018-12-07 00:00:00+00:00,1,8.0,14.566666666666666,0.5491990846681922
2018-12-08 00:00:00+00:00,2,6.428571428571429,13.033333333333333,0.49324077457069787
2018-12-09 00:00:00+00:00,7,5.0,11.6,0.4310344827586207
2018-12-10 00:00:00+00:00,5,4.285714285714286,9.9,0.4329004329004329
2018-12-11 00:00:00+00:00,8,4.428571428571429,8.533333333333333,0.5189732142857143
2018-12-12 00:00:00+00:00,9,4.857142857142857,8.033333333333333,0.6046235921754594
2018-12-13 00:00:00+00:00,9,5.857142857142857,7.8,0.7509157509157509
2018-12-14 00:00:00+00:00,10,7.142857142857143,7.833333333333333,0.9118541033434652
2018-12-15 00:00:00+00:00,12,8.571428571428571,7.966666666666667,1.0759115361625822
2018-12-16 00:00:00+00:00,18,10.142857142857142,8.2,1.2369337979094077
2018-12-17 00:00:00+00:00,22,12.571428571428571,8.1,1.5520282186948855
2018-12-18 00:00:00+00:00,22,14.571428571428571,8.666666666666666,1.6813186813186813
2018-12-19 00:00:00+00:00,24,16.714285714285715,9.4,1.778115501519757
2018-12-20 00:00:00+00:00,30,19.714285714285715,10.4,1.8956043956043955
2018-12-21 00:00:00+00:00,30,22.571428571428573,11.266666666666667,2.003381234150465
2018-12-22 00:00:00+00:00,38,26.285714285714285,12.333333333333334,2.131274131274131
2018-12-23 00:00:00+00:00,27,27.571428571428573,13.0,2.120879120879121
2018-12-24 00:00:00+00:00,25,28.0,13.7,2.0437956204379564
2018-12-25 00:00:00+00:00,20,27.714285714285715,14.233333333333333,1.947139511542322
2018-12-26 00:00:00+00:00,23,27.571428571428573,14.866666666666667,1.8545803971812942
2018-12-27 00:00:00+00:00,37,28.571428571428573,15.766666666666667,1.812141347025068
2018-12-28 00:00:00+00:00,41,30.142857142857142,16.633333333333333,1.8121958202118522
2018-12-29 00:00:00+00:00,41,30.571428571428573,17.533333333333335,1.743617599130907
2018-12-30 00:00:00+00:00,44,33.0,18.666666666666668,1.7678571428571428
2018-12-31 00:00:00+00:00,47,36.142857142857146,19.8,1.8253968253968256
2019-01-01 00:00:00+00:00,50,40.42857142857143,20.9,1.9343814080656188
2019-01-02 00:00:00+00:00,50,44.285714285714285,22.233333333333334,1.9918612122510173
2019-01-03 00:00:00+00:00,38,44.42857142857143,23.266666666666666,1.9095374539500616
2019-01-04 00:00:00+00:00,30,42.857142857142854,24.066666666666666,1.780767708745548
2019-01-05 00:00:00+00:00,24,40.42857142857143,24.8,1.630184331797235
2019-01-06 00:00:00+00:00,23,37.42857142857143,25.533333333333335,1.4658709436777322
2019-01-07 00:00:00+00:00,19,33.42857142857143,26.1,1.2807881773399015
2019-01-08 00:00:00+00:00,23,29.571428571428573,26.633333333333333,1.1103164670123369
2019-01-09 00:00:00+00:00,12,24.142857142857142,26.866666666666667,0.8986175115207373
2019-01-10 00:00:00+00:00,11,20.285714285714285,26.966666666666665,0.7522514568250044
2019-01-11 00:00:00+00:00,10,17.428571428571427,27.0,0.6455026455026455
2019-01-12 00:00:00+00:00,14,16.0,27.166666666666668,0.5889570552147239
2019-01-13 00:00:00+00:00,22,15.857142857142858,27.566666666666666,0.5752288823631024
2019-01-14 00:00:00+00:00,15,15.285714285714286,27.666666666666668,0.5524956970740104
2019-01-15 00:00:00+00:00,23,15.285714285714286,27.833333333333332,0.5491873396065013
2019-01-16 00:00:00+00:00,29,17.714285714285715,28.066666666666666,0.6311503223617239
2019-01-17 00:00:00+00:00,40,21.857142857142858,28.666666666666668,0.7624584717607973
2019-01-18 00:00:00+00:00,41,26.285714285714285,29.233333333333334,0.8991692458055057
2019-01-19 00:00:00+00:00,40,30.0,29.566666666666666,1.0146561443066517
2019-01-20 00:00:00+00:00,42,32.857142857142854,29.966666666666665,1.0964563801048783
2019-01-21 00:00:00+00:00,52,38.142857142857146,30.433333333333334,1.2533249882647475
2019-01-22 00:00:00+00:00,55,42.714285714285715,31.366666666666667,1.3617731896159102
2019-01-23 00:00:00+00:00,58,46.857142857142854,32.46666666666667,1.4432384863596361
2019-01-24 00:00:00+00:00,58,49.42857142857143,33.733333333333334,1.4652738565782044
2019-01-25 00:00:00+00:00,52,51.0,34.7,1.4697406340057635
2019-01-26 00:00:00+00:00,52,52.714285714285715,35.2,1.497564935064935
2019-01-27 00:00:00+00:00,15,48.857142857142854,34.333333333333336,1.423023578363384
2019-01-28 00:00:00+00:00,12,43.142857142857146,33.36666666666667,1.2929927215641501
2019-01-29 00:00:00+00:00,14,37.285714285714285,32.36666666666667,1.1519788141827276
2019-01-30 00:00:00+00:00,48,35.857142857142854,32.4,1.1067019400352733
2019-01-31 00:00:00+00:00,52,35.0,32.46666666666667,1.0780287474332648
2019-02-01 00:00:00+00:00,55,35.42857142857143,32.63333333333333,1.0856559171165914
2019-02-02 00:00:00+00:00,34,32.857142857142854,32.5,1.010989010989011
2019-02-03 00:00:00+00:00,38,36.142857142857146,32.766666666666666,1.103037349222497
2019-02-04 00:00:00+00:00,47,41.142857142857146,33.53333333333333,1.2269241692700938
2019-02-05 00:00:00+00:00,54,46.857142857142854,34.56666666666667,1.3555586168893785
2019-02-06 00:00:00+00:00,51,47.285714285714285,35.63333333333333,1.3270078845382867
2019-02-07 00:00:00+00:00,49,46.857142857142854,36.5,1.283757338551859
2019-02-08 00:00:00+00:00,62,47.857142857142854,38.166666666666664,1.2538989394884592
2019-02-09 00:00:00+00:00,56,51.0,39.666666666666664,1.2857142857142858
2019-02-10 00:00:00+00:00,47,52.285714285714285,40.9,1.2783793223891025
2019-02-11 00:00:00+00:00,48,52.42857142857143,42.03333333333333,1.2473093916392886
2019-02-12 00:00:00+00:00,68,54.42857142857143,43.56666666666667,1.2493168652311728
2019-02-13 00:00:00+00:00,67,56.714285714285715,45.3,1.2519709870703248
2019-02-14 00:00:00+00:00,77,60.714285714285715,47.1,1.289050652107977
2019-02-15 00:00:00+00:00,79,63.142857142857146,48.766666666666666,1.294795430133776
2019-02-16 00:00:00+00:00,84,67.14285714285714,50.233333333333334,1.3366195847947673
2019-02-17 00:00:00+00:00,67,70.0,51.1,1.36986301369863
2019-02-18 00:00:00+00:00,44,69.42857142857143,51.233333333333334,1.3551445301607956
2019-02-19 00:00:00+00:00,44,66.0,51.3,1.2865497076023393
2019-02-20 00:00:00+00:00,54,64.14285714285714,51.36666666666667,1.2487253175118196
2019-02-21 00:00:00+00:00,67,62.714285714285715,51.766666666666666,1.211480084628829
2019-02-22 00:00:00+00:00,64,60.57142857142857,51.96666666666667,1.1655823329973425
2019-02-23 00:00:00+00:00,41,54.42857142857143,51.4,1.0589216231239578
2019-02-24 00:00:00+00:00,28,48.857142857142854,50.6,0.9655561829474872
2019-02-25 00:00:00+00:00,28,46.57142857142857,49.8,0.9351692484222605
2019-02-26 00:00:00+00:00,38,45.714285714285715,50.56666666666667,0.9040399284301723
2019-02-27 00:00:00+00:00,65,47.285714285714285,52.333333333333336,0.9035486806187443
2019-02-28 00:00:00+00:00,75,48.42857142857143,54.36666666666667,0.8907769116230183
2019-03-01 00:00:00+00:00,64,48.42857142857143,54.9,0.8821233411397347
2019-03-02 00:00:00+00:00,66,52.0,55.36666666666667,0.9391932570740518
2019-03-03 00:00:00+00:00,29,52.142857142857146,54.5,0.9567496723460027
2019-03-04 00:00:00+00:00,47,54.857142857142854,54.93333333333333,0.9986130374479889
2019-03-05 00:00:00+00:00,54,57.142857142857146,55.46666666666667,1.0302197802197803
2019-03-06 00:00:00+00:00,72,58.142857142857146,56.3,1.0327328089317434
2019-03-07 00:00:00+00:00,68,57.142857142857146,56.766666666666666,1.0066269608254341
2019-03-08 00:00:00+00:00,74,58.57142857142857,57.53333333333333,1.01804337030293
2019-03-09 00:00:00+00:00,78,60.285714285714285,58.5,1.0305250305250304
2019-03-10 00:00:00+00:00,76,67.0,58.96666666666667,1.1362351611079706
2019-03-11 00:00:00+00:00,76,71.14285714285714,59.63333333333333,1.1930048710372914
2019-03-12 00:00:00+00:00,72,73.71428571428571,60.46666666666667,1.2190896204126633
2019-03-13 00:00:00+00:00,76,74.28571428571429,61.4,1.209865053513262
2019-03-14 00:00:00+00:00,75,75.28571428571429,61.63333333333333,1.2215096963609675
2019-03-15 00:00:00+00:00,76,75.57142857142857,61.93333333333333,1.220206058742119
2019-03-16 00:00:00+00:00,54,72.14285714285714,61.166666666666664,1.1794472557415336
2019-03-17 00:00:00+00:00,47,68.0,60.1,1.1314475873544092
2019-03-18 00:00:00+00:00,39,62.714285714285715,58.6,1.0702096538274013
2019-03-19 00:00:00+00:00,53,60.0,58.13333333333333,1.0321100917431192
2019-03-20 00:00:00+00:00,58,57.42857142857143,58.6,0.9800097513408094
2019-03-21 00:00:00+00:00,69,56.57142857142857,59.43333333333333,0.9518468071468632
2019-03-22 00:00:00+00:00,70,55.714285714285715,59.96666666666667,0.9290875883427301
2019-03-23 00:00:00+00:00,51,55.285714285714285,59.43333333333333,0.9302139251662528
2019-03-24 00:00:00+00:00,48,55.42857142857143,58.9,0.9410623332524861
2019-03-25 00:00:00+00:00,62,58.714285714285715,59.6,0.9851390220517737
2019-03-26 00:00:00+00:00,69,61.0,60.96666666666667,1.0005467468562055
2019-03-27 00:00:00+00:00,69,62.57142857142857,62.333333333333336,1.0038197097020625
2019-03-28 00:00:00+00:00,81,64.28571428571429,63.766666666666666,1.0081397953849602
2019-03-29 00:00:00+00:00,86,66.57142857142857,64.46666666666667,1.0326488403013738
2019-03-30 00:00:00+00:00,87,71.71428571428571,64.86666666666666,1.1055645279694613
2019-03-31 00:00:00+00:00,73,75.28571428571429,65.16666666666667,1.15527950310559
2019-04-01 00:00:00+00:00,67,76.0,65.2,1.165644171779141
2019-04-02 00:00:00+00:00,72,76.42857142857143,66.63333333333334,1.1470020724648038
2019-04-03 00:00:00+00:00,66,76.0,67.26666666666667,1.1298315163528245
2019-04-04 00:00:00+00:00,71,74.57142857142857,67.83333333333333,1.0993330993330994
2019-04-05 00:00:00+00:00,67,71.85714285714286,67.66666666666667,1.0619282195636874
2019-04-06 00:00:00+00:00,81,71.0,68.1,1.0425844346549193
2019-04-07 00:00:00+00:00,71,70.71428571428571,68.0,1.0399159663865545
2019-04-08 00:00:00+00:00,69,71.0,67.7,1.0487444608567207
2019-04-09 00:00:00+00:00,73,71.14285714285714,67.6,1.0524091293322062
2019-04-10 00:00:00+00:00,52,69.14285714285714,66.8,1.0350727117194183
2019-04-11 00:00:00+00:00,56,67.0,66.26666666666667,1.011066398390342
2019-04-12 00:00:00+00:00,52,64.85714285714286,65.46666666666667,0.9906895548443411
2019-04-13 00:00:00+00:00,76,64.14285714285714,65.5,0.9792802617230097
2019-04-14 00:00:00+00:00,55,61.857142857142854,64.8,0.9545855379188712
2019-04-15 00:00:00+00:00,44,58.285714285714285,64.46666666666667,0.9041217314226621
2019-04-16 00:00:00+00:00,65,57.142857142857146,65.06666666666666,0.8782201405152226
2019-04-17 00:00:00+00:00,82,61.42857142857143,66.5,0.9237379162191193
2019-04-18 00:00:00+00:00,93,66.71428571428571,67.83333333333333,0.9835029835029835
2019-04-19 00:00:00+00:00,88,71.85714285714286,68.83333333333333,1.0439294361812523
2019-04-20 00:00:00+00:00,82,72.71428571428571,69.26666666666667,1.0497731335074934
2019-04-21 00:00:00+00:00,63,73.85714285714286,69.03333333333333,1.06987652617783
2019-04-22 00:00:00+00:00,67,77.14285714285714,69.56666666666666,1.1089054692312958
2019-04-23 00:00:00+00:00,55,75.71428571428571,69.8,1.0847318870241507
2019-04-24 00:00:00+00:00,82,75.71428571428571,70.46666666666667,1.074469522908501
2019-04-25 00:00:00+00:00,36,67.57142857142857,69.36666666666666,0.9741195853641794
2019-04-26 00:00:00+00:00,45,61.42857142857143,68.56666666666666,0.8958955483019655
2019-04-27 00:00:00+00:00,36,54.857142857142854,67.06666666666666,0.8179494461800625
2019-04-28 00:00:00+00:00,72,56.142857142857146,66.6,0.8429858429858431
2019-04-29 00:00:00+00:00,78,57.714285714285715,66.3,0.8705020469726352
2019-04-30 00:00:00+00:00,83,61.714285714285715,66.63333333333334,0.9261773744014864
2019-05-01 00:00:00+00:00,90,62.857142857142854,67.4,0.9325985587113182
2019-05-02 00:00:00+00:00,100,72.0,68.33333333333333,1.053658536585366
2019-05-03 00:00:00+00:00,97,79.42857142857143,69.36666666666666,1.145053888927027
2019-05-04 00:00:00+00:00,100,88.57142857142857,70.33333333333333,1.2593094109681788
2019-05-05 00:00:00+00:00,98,92.28571428571429,71.36666666666666,1.2931207046106628
2019-05-06 00:00:00+00:00,96,94.85714285714286,71.86666666666666,1.3199045852107079
2019-05-07 00:00:00+00:00,95,96.57142857142857,72.66666666666667,1.328964613368283
2019-05-08 00:00:00+00:00,78,94.85714285714286,72.96666666666667,1.3000065261371794
2019-05-09 00:00:00+00:00,68,90.28571428571429,72.8,1.240188383045526
2019-05-10 00:00:00+00:00,58,84.71428571428571,73.0,1.1604696673189823
2019-05-11 00:00:00+00:00,75,81.14285714285714,73.63333333333334,1.101985384466145
2019-05-12 00:00:00+00:00,79,78.42857142857143,74.53333333333333,1.0522616917965755
2019-05-13 00:00:00+00:00,81,76.28571428571429,74.7,1.02122776821572
2019-05-14 00:00:00+00:00,76,73.57142857142857,75.4,0.9757483895414929
2019-05-15 00:00:00+00:00,78,73.57142857142857,76.53333333333333,0.9612991538078646
2019-05-16 00:00:00+00:00,64,73.0,76.5,0.954248366013072
2019-05-17 00:00:00+00:00,68,74.42857142857143,76.03333333333333,0.978893968810672
2019-05-18 00:00:00+00:00,75,74.42857142857143,75.43333333333334,0.9866801338299349
2019-05-19 00:00:00+00:00,90,76.0,75.5,1.0066225165562914
2019-05-20 00:00:00+00:00,73,74.85714285714286,75.2,0.9954407294832827
2019-05-21 00:00:00+00:00,69,73.85714285714286,75.4,0.9795377036756346
2019-05-22 00:00:00+00:00,85,74.85714285714286,76.0,0.9849624060150376
2019-05-23 00:00:00+00:00,93,79.0,77.26666666666667,1.0224331320103537
2019-05-24 00:00:00+00:00,93,82.57142857142857,77.63333333333334,1.0636079249217933
2019-05-25 00:00:00+00:00,95,85.42857142857143,79.6,1.0732232591529074
2019-05-26 00:00:00+00:00,91,85.57142857142857,81.13333333333334,1.054701256015964
2019-05-27 00:00:00+00:00,93,88.42857142857143,83.03333333333333,1.0649767735275564
2019-05-28 00:00:00+00:00,100,92.85714285714286,83.96666666666667,1.105881018544774
2019-05-29 00:00:00+00:00,100,95.0,84.7,1.1216056670602126
2019-05-30 00:00:00+00:00,96,95.42857142857143,85.13333333333334,1.1209307528806354
2019-05-31 00:00:00+00:00,77,93.14285714285714,84.7,1.0996795412379827
2019-06-01 00:00:00+00:00,73,90.0,83.8,1.0739856801909309
2019-06-02 00:00:00+00:00,69,86.85714285714286,82.86666666666666,1.0481553844385705
2019-06-03 00:00:00+00:00,74,84.14285714285714,82.0,1.0261324041811846
2019-06-04 00:00:00+00:00,72,80.14285714285714,81.13333333333334,0.9877919943655358
2019-06-05 00:00:00+00:00,78,77.0,80.53333333333333,0.9561258278145696
2019-06-06 00:00:00+00:00,83,75.14285714285714,80.13333333333334,0.9377228428809127
2019-06-07 00:00:00+00:00,85,76.28571428571429,80.36666666666666,0.9492208330864492
2019-06-08 00:00:00+00:00,85,78.0,80.93333333333334,0.9637561779242174
2019-06-09 00:00:00+00:00,99,82.28571428571429,82.3,0.999826419024475
2019-06-10 00:00:00+00:00,100,86.0,83.13333333333334,1.0344827586206895
2019-06-11 00:00:00+00:00,100,90.0,83.83333333333333,1.0735586481113322
2019-06-12 00:00:00+00:00,98,92.85714285714286,84.4,1.100203114421124
2019-06-13 00:00:00+00:00,87,93.42857142857143,84.76666666666667,1.102185270490422
2019-06-14 00:00:00+00:00,89,94.0,85.13333333333334,1.1041503523884102
2019-06-15 00:00:00+00:00,86,94.14285714285714,85.86666666666666,1.0963842058562556
2019-06-16 00:00:00+00:00,92,93.14285714285714,86.66666666666667,1.0747252747252747
2019-06-17 00:00:00+00:00,90,91.71428571428571,87.16666666666667,1.0521715378311935
2019-06-18 00:00:00+00:00,97,91.28571428571429,87.4,1.0444589735207583
2019-06-19 00:00:00+00:00,98,91.28571428571429,88.23333333333333,1.03459441955853
2019-06-20 00:00:00+00:00,98,92.85714285714286,89.2,1.0409993593850095
2019-06-21 00:00:00+00:00,99,94.28571428571429,89.66666666666667,1.051513542219862
2019-06-22 00:00:00+00:00,97,95.85714285714286,89.8,1.0674514794782055
2019-06-23 00:00:00+00:00,97,96.57142857142857,89.93333333333334,1.0738112887853435
2019-06-24 00:00:00+00:00,95,97.28571428571429,89.93333333333334,1.0817536799745844
2019-06-25 00:00:00+00:00,97,97.28571428571429,90.13333333333334,1.0793533389687235
2019-06-26 00:00:00+00:00,91,96.28571428571429,90.06666666666666,1.0690493814105955
2019-06-27 00:00:00+00:00,70,92.28571428571429,89.06666666666666,1.036142001710864
2019-06-28 00:00:00+00:00,70,88.14285714285714,88.06666666666666,1.0008651454525792
2019-06-29 00:00:00+00:00,69,84.14285714285714,87.16666666666667,0.9653100245834471
2019-06-30 00:00:00+00:00,70,80.28571428571429,86.93333333333334,0.9235319894829097
2019-07-01 00:00:00+00:00,76,77.57142857142857,87.03333333333333,0.8912841275920556
2019-07-02 00:00:00+00:00,90,76.57142857142857,87.73333333333333,0.8727746417716022
2019-07-03 00:00:00+00:00,96,77.28571428571429,88.46666666666667,0.8736139519862203
2019-07-04 00:00:00+00:00,99,81.42857142857143,89.36666666666666,0.9111738690254171
2019-07-05 00:00:00+00:00,98,85.42857142857143,90.03333333333333,0.9488549214576613
2019-07-06 00:00:00+00:00,91,88.57142857142857,90.3,0.9808574592627749
2019-07-07 00:00:00+00:00,89,91.28571428571429,90.43333333333334,1.009425517350324
2019-07-08 00:00:00+00:00,88,93.0,90.53333333333333,1.0272459499263624
2019-07-09 00:00:00+00:00,100,94.42857142857143,90.56666666666666,1.0426415689573585
2019-07-10 00:00:00+00:00,99,94.85714285714286,90.53333333333333,1.0477593099095308
2019-07-11 00:00:00+00:00,87,93.14285714285714,90.1,1.0337719993657841
2019-07-12 00:00:00+00:00,77,90.14285714285714,89.4,1.008309364014062
2019-07-13 00:00:00+00:00,37,82.42857142857143,87.73333333333333,0.9395353886235346
2019-07-14 00:00:00+00:00,26,73.42857142857143,85.63333333333334,0.8574765055886114
2019-07-15 00:00:00+00:00,25,64.42857142857143,83.6,0.7706766917293234
2019-07-16 00:00:00+00:00,49,57.142857142857146,82.16666666666667,0.6954505940307157
2019-07-17 00:00:00+00:00,68,52.714285714285715,81.43333333333334,0.6473305654640079
2019-07-18 00:00:00+00:00,86,52.57142857142857,81.06666666666666,0.6484962406015038
2019-07-19 00:00:00+00:00,92,54.714285714285715,80.86666666666666,0.6765987516193618
2019-07-20 00:00:00+00:00,92,62.57142857142857,80.66666666666667,0.7756788665879574
2019-07-21 00:00:00+00:00,95,72.42857142857143,80.53333333333333,0.8993614001892148
2019-07-22 00:00:00+00:00,72,79.14285714285714,79.7,0.9930094999103781
2019-07-23 00:00:00+00:00,60,80.71428571428571,78.46666666666667,1.0286442529433182
2019-07-24 00:00:00+00:00,49,78.0,76.93333333333334,1.0138648180242633
2019-07-25 00:00:00+00:00,71,75.85714285714286,76.06666666666666,0.9972455239764618
2019-07-26 00:00:00+00:00,81,74.28571428571429,75.73333333333333,0.9808853118712274
2019-07-27 00:00:00+00:00,85,73.28571428571429,76.23333333333333,0.961334249484665
2019-07-28 00:00:00+00:00,78,70.85714285714286,76.5,0.9262371615312792
2019-07-29 00:00:00+00:00,94,74.0,77.33333333333333,0.956896551724138
2019-07-30 00:00:00+00:00,96,79.14285714285714,78.2,1.012056996711728
2019-07-31 00:00:00+00:00,93,85.42857142857143,78.76666666666667,1.0845777159784777
2019-08-01 00:00:00+00:00,81,86.85714285714286,78.46666666666667,1.1069304527248454
2019-08-02 00:00:00+00:00,64,84.42857142857143,77.4,1.0908084163898117
2019-08-03 00:00:00+00:00,86,84.57142857142857,76.96666666666667,1.09880591474355
2019-08-04 00:00:00+00:00,92,86.57142857142857,76.76666666666667,1.127721605359469
2019-08-05 00:00:00+00:00,79,84.42857142857143,76.36666666666666,1.1055683731371206
2019-08-06 00:00:00+00:00,84,82.71428571428571,76.2,1.0854893138357704
2019-08-07 00:00:00+00:00,56,77.42857142857143,75.13333333333334,1.0305488655089365
2019-08-08 00:00:00+00:00,36,71.0,73.0,0.9726027397260274
2019-08-09 00:00:00+00:00,25,65.42857142857143,70.53333333333333,0.9276262489873076
2019-08-10 00:00:00+00:00,34,58.0,68.76666666666667,0.8434318952981096
2019-08-11 00:00:00+00:00,39,50.42857142857143,67.5,0.7470899470899471
2019-08-12 00:00:00+00:00,32,43.714285714285715,67.33333333333333,0.6492220650636493
2019-08-13 00:00:00+00:00,20,34.57142857142857,67.13333333333334,0.5149666619378634
2019-08-14 00:00:00+00:00,10,28.0,66.63333333333334,0.4202101050525262
2019-08-15 00:00:00+00:00,8,24.0,65.26666666666667,0.3677221654749745
2019-08-16 00:00:00+00:00,12,22.142857142857142,63.4,0.34925642181162686
2019-08-17 00:00:00+00:00,28,21.285714285714285,61.46666666666667,0.3462968701580415
2019-08-18 00:00:00+00:00,90,28.571428571428573,61.4,0.46533271288971617
2019-08-19 00:00:00+00:00,84,36.0,61.13333333333333,0.5888767720828789
2019-08-20 00:00:00+00:00,56,41.142857142857146,59.833333333333336,0.6876243533625149
2019-08-21 00:00:00+00:00,37,45.0,58.666666666666664,0.7670454545454546
2019-08-22 00:00:00+00:00,55,51.714285714285715,58.5,0.884004884004884
2019-08-23 00:00:00+00:00,67,59.57142857142857,59.1,1.0079767947788252
2019-08-24 00:00:00+00:00,52,63.0,58.46666666666667,1.0775370581527937
2019-08-25 00:00:00+00:00,32,54.714285714285715,56.833333333333336,0.9627147046501885
2019-08-26 00:00:00+00:00,50,49.857142857142854,55.666666666666664,0.8956372968349016
2019-08-27 00:00:00+00:00,83,53.714285714285715,55.833333333333336,0.962046908315565
2019-08-28 00:00:00+00:00,60,57.0,54.7,1.0420475319926874
2019-08-29 00:00:00+00:00,41,55.0,52.86666666666667,1.0403530895334174
2019-08-30 00:00:00+00:00,25,49.0,50.6,0.9683794466403162
2019-08-31 00:00:00+00:00,51,48.857142857142854,49.6,0.9850230414746542
2019-09-01 00:00:00+00:00,30,48.57142857142857,48.46666666666667,1.0021615248575357
2019-09-02 00:00:00+00:00,36,46.57142857142857,46.8,0.9951159951159951
2019-09-03 00:00:00+00:00,22,37.857142857142854,44.46666666666667,0.8513600342685799
2019-09-04 00:00:00+00:00,36,34.42857142857143,43.03333333333333,0.8000442624764856
2019-09-05 00:00:00+00:00,47,35.285714285714285,41.8,0.8441558441558442
2019-09-06 00:00:00+00:00,61,40.42857142857143,41.96666666666667,0.9633495971859752
2019-09-07 00:00:00+00:00,41,39.0,42.13333333333333,0.9256329113924051
2019-09-08 00:00:00+00:00,38,40.142857142857146,42.56666666666667,0.9430585076630496
2019-09-09 00:00:00+00:00,57,43.142857142857146,43.333333333333336,0.9956043956043956
2019-09-10 00:00:00+00:00,82,51.714285714285715,44.766666666666666,1.1551962557174769
2019-09-11 00:00:00+00:00,90,59.42857142857143,46.7,1.2725604160293666
2019-09-12 00:00:00+00:00,96,66.42857142857143,49.233333333333334,1.3492600831801915
2019-09-13 00:00:00+00:00,97,71.57142857142857,52.13333333333333,1.3728534892217756
2019-09-14 00:00:00+00:00,100,80.0,55.2,1.4492753623188406
2019-09-15 00:00:00+00:00,99,88.71428571428571,58.1,1.5269240226210965
2019-09-16 00:00:00+00:00,97,94.42857142857143,60.4,1.5633869441816461
2019-09-17 00:00:00+00:00,88,95.28571428571429,60.333333333333336,1.579321231254933
2019-09-18 00:00:00+00:00,89,95.14285714285714,60.5,1.5726092089728452
2019-09-19 00:00:00+00:00,80,92.85714285714286,61.3,1.5147984152878118
2019-09-20 00:00:00+00:00,72,89.28571428571429,62.46666666666667,1.429333739899375
2019-09-21 00:00:00+00:00,49,82.0,62.266666666666666,1.316916488222698
2019-09-22 00:00:00+00:00,49,74.85714285714286,61.666666666666664,1.213899613899614
2019-09-23 00:00:00+00:00,24,64.42857142857143,60.733333333333334,1.0608436568919555
2019-09-24 00:00:00+00:00,22,55.0,60.4,0.9105960264900662
2019-09-25 00:00:00+00:00,10,43.714285714285715,59.06666666666667,0.7400838439213157
2019-09-26 00:00:00+00:00,12,34.0,56.7,0.599647266313933
2019-09-27 00:00:00+00:00,15,25.857142857142858,55.2,0.4684265010351967
2019-09-28 00:00:00+00:00,19,21.571428571428573,54.46666666666667,0.3960482601853471
2019-09-29 00:00:00+00:00,12,16.285714285714285,54.03333333333333,0.30140125143209656
2019-09-30 00:00:00+00:00,15,15.0,52.833333333333336,0.28391167192429023
2019-10-01 00:00:00+00:00,37,17.142857142857142,53.06666666666667,0.32304379038047376
2019-10-02 00:00:00+00:00,65,25.0,54.03333333333333,0.46267735965453427
2019-10-03 00:00:00+00:00,81,34.857142857142854,56.0,0.6224489795918366
2019-10-04 00:00:00+00:00,60,41.285714285714285,56.8,0.7268611670020121
2019-10-05 00:00:00+00:00,50,45.714285714285715,56.9,0.8034145116746172
2019-10-06 00:00:00+00:00,33,48.714285714285715,55.96666666666667,0.8704160639836638
2019-10-07 00:00:00+00:00,66,56.0,56.8,0.9859154929577465
2019-10-08 00:00:00+00:00,75,61.42857142857143,58.03333333333333,1.058504964306228
2019-10-09 00:00:00+00:00,93,65.42857142857143,59.233333333333334,1.1045904011576493
2019-10-10 00:00:00+00:00,96,67.57142857142857,59.7,1.131849724814549
2019-10-11 00:00:00+00:00,94,72.42857142857143,59.833333333333336,1.2105053720652605
2019-10-12 00:00:00+00:00,84,77.28571428571429,59.43333333333333,1.3003765723900331
2019-10-13 00:00:00+00:00,82,84.28571428571429,58.93333333333333,1.4301874595992246
2019-10-14 00:00:00+00:00,82,86.57142857142857,58.333333333333336,1.484081632653061
2019-10-15 00:00:00+00:00,23,79.14285714285714,55.8,1.4183307731694828
2019-10-16 00:00:00+00:00,20,68.71428571428571,53.233333333333334,1.2908131317649163
2019-10-17 00:00:00+00:00,19,57.714285714285715,50.93333333333333,1.1331338818249814
2019-10-18 00:00:00+00:00,48,51.142857142857146,49.56666666666667,1.03179940436161
2019-10-19 00:00:00+00:00,93,52.42857142857143,50.0,1.0485714285714287
2019-10-20 00:00:00+00:00,73,51.142857142857146,50.03333333333333,1.0221756923955458
2019-10-21 00:00:00+00:00,93,52.714285714285715,51.5,1.0235783633841886
2019-10-22 00:00:00+00:00,41,55.285714285714285,51.233333333333334,1.079096570313226
2019-10-23 00:00:00+00:00,52,59.857142857142854,52.166666666666664,1.1474212688270196
2019-10-24 00:00:00+00:00,38,62.57142857142857,52.7,1.187313635131472
2019-10-25 00:00:00+00:00,100,70.0,55.7,1.2567324955116697
2019-10-26 00:00:00+00:00,88,69.28571428571429,58.233333333333334,1.189794750183989
2019-10-27 00:00:00+00:00,87,71.28571428571429,60.63333333333333,1.175685227361973
2019-10-28 00:00:00+00:00,90,70.85714285714286,63.0,1.124716553287982
2019-10-29 00:00:00+00:00,87,77.42857142857143,65.5,1.1821155943293349
2019-10-30 00:00:00+00:00,88,82.57142857142857,67.93333333333334,1.215477358755082
2019-10-31 00:00:00+00:00,67,86.71428571428571,68.93333333333334,1.2579441834760983
2019-11-01 00:00:00+00:00,78,83.57142857142857,69.36666666666666,1.2047779227019977
2019-11-02 00:00:00+00:00,81,82.57142857142857,69.36666666666666,1.190361776618384
2019-11-03 00:00:00+00:00,87,82.57142857142857,70.26666666666667,1.1751152073732718
2019-11-04 00:00:00+00:00,85,81.85714285714286,71.43333333333334,1.1459236050929937
2019-11-05 00:00:00+00:00,84,81.42857142857143,73.13333333333334,1.1134262273733557
2019-11-06 00:00:00+00:00,73,79.28571428571429,73.36666666666666,1.0806776140715262
2019-11-07 00:00:00+00:00,49,76.71428571428571,72.5,1.0581280788177339
2019-11-08 00:00:00+00:00,82,77.28571428571429,72.13333333333334,1.0714285714285714
2019-11-09 00:00:00+00:00,98,79.71428571428571,72.2,1.1040759794222397
2019-11-10 00:00:00+00:00,87,79.71428571428571,71.96666666666667,1.1076556606894725
2019-11-11 00:00:00+00:00,65,76.85714285714286,71.33333333333333,1.0774365821094793
2019-11-12 00:00:00+00:00,75,75.57142857142857,71.1,1.0628892907373921
2019-11-13 00:00:00+00:00,57,73.28571428571429,70.26666666666667,1.0429655733261047
2019-11-14 00:00:00+00:00,46,72.85714285714286,71.03333333333333,1.025675403901589
2019-11-15 00:00:00+00:00,20,64.0,71.03333333333333,0.9009854528390427
2019-11-16 00:00:00+00:00,27,53.857142857142854,71.3,0.7553596473652574
2019-11-17 00:00:00+00:00,22,44.57142857142857,70.43333333333334,0.6328172537353796
2019-11-18 00:00:00+00:00,20,38.142857142857146,68.0,0.5609243697478992
2019-11-19 00:00:00+00:00,22,30.571428571428573,66.3,0.46110751993104937
2019-11-20 00:00:00+00:00,19,25.142857142857142,63.833333333333336,0.3938828795225662
2019-11-21 00:00:00+00:00,16,20.857142857142858,63.0,0.3310657596371882
2019-11-22 00:00:00+00:00,13,19.857142857142858,61.7,0.32183375781430884
2019-11-23 00:00:00+00:00,16,18.285714285714285,60.96666666666667,0.2999297039756307
2019-11-24 00:00:00+00:00,5,15.857142857142858,57.8,0.27434503213049927
2019-11-25 00:00:00+00:00,9,14.285714285714286,55.166666666666664,0.25895554596460946
2019-11-26 00:00:00+00:00,20,14.0,52.93333333333333,0.26448362720403024
2019-11-27 00:00:00+00:00,59,19.714285714285715,51.9,0.3798513625103221
2019-11-28 00:00:00+00:00,48,24.285714285714285,50.6,0.4799548277809147
2019-11-29 00:00:00+00:00,73,32.857142857142854,50.1,0.6558311947533504
2019-11-30 00:00:00+00:00,30,34.857142857142854,48.86666666666667,0.7133112453712726
2019-12-01 00:00:00+00:00,21,37.142857142857146,46.96666666666667,0.7908344317144885
2019-12-02 00:00:00+00:00,33,40.57142857142857,45.36666666666667,0.8943004093628634
2019-12-03 00:00:00+00:00,39,43.285714285714285,43.766666666666666,0.989010989010989
2019-12-04 00:00:00+00:00,76,45.714285714285715,43.46666666666667,1.0517090271691498
2019-12-05 00:00:00+00:00,57,47.0,42.56666666666667,1.1041503523884102
2019-12-06 00:00:00+00:00,89,49.285714285714285,43.1,1.143520053032814
2019-12-07 00:00:00+00:00,76,55.857142857142854,44.0,1.2694805194805194
2019-12-08 00:00:00+00:00,75,63.57142857142857,43.766666666666666,1.4525078881514526
2019-12-09 00:00:00+00:00,54,66.57142857142857,42.3,1.573792637622425
2019-12-10 00:00:00+00:00,75,71.71428571428571,41.9,1.7115581316058641
2019-12-11 00:00:00+00:00,62,69.71428571428571,41.8,1.667805878332194
2019-12-12 00:00:00+00:00,71,71.71428571428571,41.666666666666664,1.721142857142857
2019-12-13 00:00:00+00:00,50,66.14285714285714,41.43333333333333,1.5963682335363751
2019-12-14 00:00:00+00:00,28,59.285714285714285,40.833333333333336,1.4518950437317784
2019-12-15 00:00:00+00:00,44,54.857142857142854,41.63333333333333,1.3176255289946242
2019-12-16 00:00:00+00:00,12,48.857142857142854,41.13333333333333,1.1877749479046076
2019-12-17 00:00:00+00:00,21,41.142857142857146,41.1,1.0010427528675705
2019-12-18 00:00:00+00:00,4,32.857142857142854,40.56666666666667,0.8099542199788706
2019-12-19 00:00:00+00:00,30,27.0,40.833333333333336,0.6612244897959183
2019-12-20 00:00:00+00:00,11,21.428571428571427,40.56666666666667,0.5282310130296982
2019-12-21 00:00:00+00:00,38,22.857142857142858,41.3,0.5534417156693187
2019-12-22 00:00:00+00:00,44,22.857142857142858,42.333333333333336,0.5399325084364455
2019-12-23 00:00:00+00:00,39,26.714285714285715,43.1,0.6198210142525687
2019-12-24 00:00:00+00:00,44,30.0,44.4,0.6756756756756757
2019-12-25 00:00:00+00:00,28,33.42857142857143,45.03333333333333,0.742307285608544
2019-12-26 00:00:00+00:00,13,31.0,44.8,0.6919642857142858
2019-12-27 00:00:00+00:00,13,31.285714285714285,43.266666666666666,0.7230904688531807
2019-12-28 00:00:00+00:00,14,27.857142857142858,42.13333333333333,0.6611663652802894
2019-12-29 00:00:00+00:00,13,23.428571428571427,40.13333333333333,0.5837683910773611
2019-12-30 00:00:00+00:00,21,20.857142857142858,39.833333333333336,0.5236102809324567
2019-12-31 00:00:00+00:00,19,17.285714285714285,39.766666666666666,0.43467848161896777
2020-01-01 00:00:00+00:00,14,15.285714285714286,39.13333333333333,0.39060598685811637
2020-01-02 00:00:00+00:00,33,18.142857142857142,38.93333333333333,0.4659980430528376
2020-01-03 00:00:00+00:00,44,22.571428571428573,37.86666666666667,0.5960764587525151
2020-01-04 00:00:00+00:00,61,29.285714285714285,38.0,0.7706766917293233
2020-01-05 00:00:00+00:00,76,38.285714285714285,37.56666666666667,1.0191405754848522
2020-01-06 00:00:00+00:00,76,46.142857142857146,37.56666666666667,1.2282925592597287
2020-01-07 00:00:00+00:00,65,52.714285714285715,37.233333333333334,1.4157820693183272
2020-01-08 00:00:00+00:00,49,57.714285714285715,37.06666666666667,1.5570400822199382
2020-01-09 00:00:00+00:00,59,61.42857142857143,36.53333333333333,1.6814389989572474
2020-01-10 00:00:00+00:00,76,66.0,37.0,1.7837837837837838
2020-01-11 00:00:00+00:00,92,70.42857142857143,37.7,1.868131868131868
2020-01-12 00:00:00+00:00,99,73.71428571428571,39.333333333333336,1.8740920096852298
2020-01-13 00:00:00+00:00,93,76.14285714285714,41.5,1.8347676419965575
2020-01-14 00:00:00+00:00,88,79.42857142857143,42.96666666666667,1.8486091100520892
2020-01-15 00:00:00+00:00,82,84.14285714285714,45.3,1.8574582150741092
2020-01-16 00:00:00+00:00,93,89.0,47.7,1.8658280922431865
2020-01-17 00:00:00+00:00,87,90.57142857142857,50.46666666666667,1.7946782411775806
2020-01-18 00:00:00+00:00,92,90.57142857142857,52.53333333333333,1.724075416968818
2020-01-19 00:00:00+00:00,82,88.14285714285714,54.9,1.6055165235493103
2020-01-20 00:00:00+00:00,95,88.42857142857143,56.8,1.556841046277666
2020-01-21 00:00:00+00:00,81,87.42857142857143,58.03333333333333,1.5065233445474686
2020-01-22 00:00:00+00:00,32,80.28571428571429,57.8,1.3890261987147803
2020-01-23 00:00:00+00:00,36,72.14285714285714,57.53333333333333,1.2539314682999503
2020-01-24 00:00:00+00:00,43,65.85714285714286,58.03333333333333,1.1348157873143514
2020-01-25 00:00:00+00:00,97,66.57142857142857,60.833333333333336,1.0943248532289627
2020-01-26 00:00:00+00:00,98,68.85714285714286,63.666666666666664,1.081525804038893
2020-01-27 00:00:00+00:00,95,68.85714285714286,66.36666666666666,1.0375260099017007
2020-01-28 00:00:00+00:00,99,71.42857142857143,69.23333333333333,1.0317078203452783
2020-01-29 00:00:00+00:00,100,81.14285714285714,71.86666666666666,1.1290750066260271
2020-01-30 00:00:00+00:00,99,90.14285714285714,74.53333333333333,1.209430104778942
2020-01-31 00:00:00+00:00,97,97.85714285714286,77.3,1.2659397523563114
2020-02-01 00:00:00+00:00,94,97.42857142857143,79.33333333333333,1.228091236494598
2020-02-02 00:00:00+00:00,67,93.0,80.1,1.161048689138577
2020-02-03 00:00:00+00:00,72,89.71428571428571,80.46666666666667,1.1149248431767071
2020-02-04 00:00:00+00:00,73,86.0,80.36666666666666,1.070095396101203
2020-02-05 00:00:00+00:00,78,82.85714285714286,80.43333333333334,1.0301343910958498
2020-02-06 00:00:00+00:00,69,78.57142857142857,80.56666666666666,0.9752349429635322
2020-02-07 00:00:00+00:00,51,72.0,80.63333333333334,0.8929309632079371
2020-02-08 00:00:00+00:00,53,66.14285714285714,80.43333333333334,0.8223314190989284
2020-02-09 00:00:00+00:00,68,66.28571428571429,80.16666666666667,0.8268488268488269
2020-02-10 00:00:00+00:00,86,68.28571428571429,79.96666666666667,0.8539272315845888
2020-02-11 00:00:00+00:00,97,71.71428571428571,79.9,0.8975505095655282
2020-02-12 00:00:00+00:00,79,71.85714285714286,79.43333333333334,0.9046220250584497
2020-02-13 00:00:00+00:00,73,72.42857142857143,78.93333333333334,0.9175916988416988
2020-02-14 00:00:00+00:00,82,76.85714285714286,78.93333333333334,0.9736969111969112
2020-02-15 00:00:00+00:00,39,74.85714285714286,77.13333333333334,0.97049018397333
2020-02-16 00:00:00+00:00,18,67.71428571428571,74.83333333333333,0.9048679605472478
2020-02-17 00:00:00+00:00,8,56.57142857142857,72.03333333333333,0.7853506974284392
2020-02-18 00:00:00+00:00,21,45.714285714285715,70.0,0.653061224489796
2020-02-19 00:00:00+00:00,38,39.857142857142854,68.1,0.5852737570799245
2020-02-20 00:00:00+00:00,98,43.42857142857143,68.66666666666667,0.6324549237170596
2020-02-21 00:00:00+00:00,58,40.0,69.53333333333333,0.5752636625119847
2020-02-22 00:00:00+00:00,90,47.285714285714285,71.33333333333333,0.6628838451268358
2020-02-23 00:00:00+00:00,58,53.0,71.83333333333333,0.7378190255220418
2020-02-24 00:00:00+00:00,47,58.57142857142857,70.16666666666667,0.834747200542925
2020-02-25 00:00:00+00:00,5,56.285714285714285,67.06666666666666,0.8392502130076683
2020-02-26 00:00:00+00:00,9,52.142857142857146,64.2,0.812194036493102
2020-02-27 00:00:00+00:00,2,38.42857142857143,60.96666666666667,0.6303210185112864
2020-02-28 00:00:00+00:00,3,30.571428571428573,57.733333333333334,0.5295282085120423
2020-02-29 00:00:00+00:00,1,17.857142857142858,54.46666666666667,0.3278545200209827
2020-03-01 00:00:00+00:00,30,13.857142857142858,52.233333333333334,0.26529309873279244
2020-03-02 00:00:00+00:00,50,14.285714285714286,50.766666666666666,0.28139949348091176
2020-03-03 00:00:00+00:00,57,21.714285714285715,50.43333333333333,0.430554244169578
2020-03-04 00:00:00+00:00,72,30.714285714285715,50.43333333333333,0.6090076480030215
2020-03-05 00:00:00+00:00,77,41.42857142857143,50.56666666666667,0.8192861851398436
2020-03-06 00:00:00+00:00,78,52.142857142857146,50.56666666666667,1.0311705433656653
2020-03-07 00:00:00+00:00,16,54.285714285714285,48.8,1.1124121779859486
2020-03-08 00:00:00+00:00,2,50.285714285714285,47.166666666666664,1.066128218071681
2020-03-09 00:00:00+00:00,0,43.142857142857146,45.4,0.9502831969792324
2020-03-10 00:00:00+00:00,3,35.42857142857143,43.233333333333334,0.819473510298491
2020-03-11 00:00:00+00:00,3,25.571428571428573,40.46666666666667,0.6319133913862085
2020-03-12 00:00:00+00:00,1,14.714285714285714,37.266666666666666,0.39483772041911575
2020-03-13 00:00:00+00:00,0,3.5714285714285716,34.63333333333333,0.1031211329575141
2020-03-14 00:00:00+00:00,0,1.2857142857142858,32.2,0.03992901508429458
2020-03-15 00:00:00+00:00,1,1.1428571428571428,29.5,0.038740920096852295
2020-03-16 00:00:00+00:00,1,1.2857142857142858,28.233333333333334,0.04553887670770788
2020-03-17 00:00:00+00:00,7,1.8571428571428572,27.866666666666667,0.06664388243335612
2020-03-18 00:00:00+00:00,27,5.285714285714286,28.5,0.18546365914786966
2020-03-19 00:00:00+00:00,15,7.285714285714286,28.3,0.2574457344775366
2020-03-20 00:00:00+00:00,5,8.0,27.2,0.29411764705882354
2020-03-21 00:00:00+00:00,4,8.571428571428571,24.066666666666666,0.3561535417491096
2020-03-22 00:00:00+00:00,12,10.142857142857142,22.533333333333335,0.4501267962806424
2020-03-23 00:00:00+00:00,30,14.285714285714286,20.533333333333335,0.6957328385899815
2020-03-24 00:00:00+00:00,65,22.571428571428573,20.766666666666666,1.0869066727814722
2020-03-25 00:00:00+00:00,54,26.428571428571427,21.0,1.258503401360544
2020-03-26 00:00:00+00:00,29,28.428571428571427,21.8,1.3040629095674967
2020-03-27 00:00:00+00:00,22,30.857142857142858,22.233333333333334,1.3878774898265154
2020-03-28 00:00:00+00:00,13,32.142857142857146,22.6,1.422250316055626
2020-03-29 00:00:00+00:00,20,33.285714285714285,23.166666666666668,1.436793422404933
2020-03-30 00:00:00+00:00,42,35.0,24.533333333333335,1.4266304347826086
2020-03-31 00:00:00+00:00,93,39.0,26.633333333333333,1.4643304130162704
2020-04-01 00:00:00+00:00,100,45.57142857142857,28.3,1.6102978293791013
2020-04-02 00:00:00+00:00,41,47.285714285714285,27.766666666666666,1.7029669010461328
2020-04-03 00:00:00+00:00,59,52.57142857142857,27.333333333333332,1.9233449477351916
2020-04-04 00:00:00+00:00,36,55.857142857142854,25.966666666666665,2.1511094810196223
2020-04-05 00:00:00+00:00,33,57.714285714285715,24.466666666666665,2.3588945114830677
2020-04-06 00:00:00+00:00,17,54.142857142857146,24.5,2.2099125364431487
2020-04-07 00:00:00+00:00,19,43.57142857142857,25.066666666666666,1.7382218844984803
2020-04-08 00:00:00+00:00,28,33.285714285714285,26.0,1.2802197802197801
2020-04-09 00:00:00+00:00,75,38.142857142857146,28.4,1.3430583501006037
2020-04-10 00:00:00+00:00,88,42.285714285714285,31.233333333333334,1.3538649184326879
2020-04-11 00:00:00+00:00,94,50.57142857142857,34.333333333333336,1.4729542302357834
2020-04-12 00:00:00+00:00,40,51.57142857142857,35.666666666666664,1.4459279038718291
2020-04-13 00:00:00+00:00,67,58.714285714285715,37.9,1.5491895966830005
2020-04-14 00:00:00+00:00,88,68.57142857142857,40.8,1.680672268907563
2020-04-15 00:00:00+00:00,96,78.28571428571429,43.96666666666667,1.780569695656883
2020-04-16 00:00:00+00:00,76,78.42857142857143,46.266666666666666,1.6951420337587486
2020-04-17 00:00:00+00:00,77,76.85714285714286,47.93333333333333,1.6034174448638985
2020-04-18 00:00:00+00:00,89,76.14285714285714,50.4,1.5107709750566893
2020-04-19 00:00:00+00:00,89,83.14285714285714,53.2,1.5628356605800213
2020-04-20 00:00:00+00:00,88,86.14285714285714,56.0,1.538265306122449
2020-04-21 00:00:00+00:00,88,86.14285714285714,58.53333333333333,1.4716889033517735
2020-04-22 00:00:00+00:00,37,77.71428571428571,58.766666666666666,1.322421197633903
2020-04-23 00:00:00+00:00,29,71.0,57.56666666666667,1.23335263462652
2020-04-24 00:00:00+00:00,67,69.57142857142857,58.0,1.1995073891625616
2020-04-25 00:00:00+00:00,80,68.28571428571429,59.7,1.1438143096434554
2020-04-26 00:00:00+00:00,82,67.28571428571429,61.7,1.0905302153276222
2020-04-27 00:00:00+00:00,87,67.14285714285714,64.16666666666667,1.046382189239332
2020-04-28 00:00:00+00:00,75,65.28571428571429,66.0,0.9891774891774893
2020-04-29 00:00:00+00:00,70,70.0,66.93333333333334,1.045816733067729
2020-04-30 00:00:00+00:00,89,78.57142857142857,66.8,1.176218990590248
2020-05-01 00:00:00+00:00,98,83.0,66.73333333333333,1.2437562437562437
2020-05-02 00:00:00+00:00,88,84.14285714285714,68.3,1.23195984103744
2020-05-03 00:00:00+00:00,74,83.0,68.8,1.2063953488372094
2020-05-04 00:00:00+00:00,77,81.57142857142857,70.16666666666667,1.1625381744146588
2020-05-05 00:00:00+00:00,77,81.85714285714286,71.63333333333334,1.14272419065346
2020-05-06 00:00:00+00:00,50,79.0,72.73333333333333,1.0861594867094408
2020-05-07 00:00:00+00:00,77,77.28571428571429,74.66666666666667,1.035076530612245
2020-05-08 00:00:00+00:00,95,76.85714285714286,76.9,0.9994426899498421
2020-05-09 00:00:00+00:00,95,77.85714285714286,77.56666666666666,1.0037448584934618
2020-05-10 00:00:00+00:00,50,74.42857142857143,76.3,0.9754727579105037
2020-05-11 00:00:00+00:00,35,68.42857142857143,74.33333333333333,0.9205637411915439
2020-05-12 00:00:00+00:00,66,66.85714285714286,75.2,0.8890577507598785
2020-05-13 00:00:00+00:00,98,73.71428571428571,76.23333333333333,0.9669560872009494
2020-05-14 00:00:00+00:00,95,76.28571428571429,76.46666666666667,0.9976335782787397
2020-05-15 00:00:00+00:00,93,76.0,76.36666666666666,0.9951986032300306
2020-05-16 00:00:00+00:00,97,76.28571428571429,77.06666666666666,0.9898665348492339
2020-05-17 00:00:00+00:00,98,83.14285714285714,77.76666666666667,1.069132325026024
2020-05-18 00:00:00+00:00,86,90.42857142857143,77.66666666666667,1.164316370324954
2020-05-19 00:00:00+00:00,59,89.42857142857143,76.66666666666667,1.1664596273291925
2020-05-20 00:00:00+00:00,59,83.85714285714286,75.7,1.1077561804113985
2020-05-21 00:00:00+00:00,57,78.42857142857143,74.66666666666667,1.0503826530612244
2020-05-22 00:00:00+00:00,66,74.57142857142857,75.63333333333334,0.9859598312661335
2020-05-23 00:00:00+00:00,68,70.42857142857143,76.93333333333334,0.9154493686556078
2020-05-24 00:00:00+00:00,77,67.42857142857143,77.26666666666667,0.872673486996179
2020-05-25 00:00:00+00:00,91,68.14285714285714,77.63333333333334,0.8777525608783658
2020-05-26 00:00:00+00:00,98,73.71428571428571,78.16666666666667,0.9430399025281753
2020-05-27 00:00:00+00:00,47,72.0,76.83333333333333,0.9370932754880694
2020-05-28 00:00:00+00:00,42,69.85714285714286,75.73333333333333,0.9224094567404427
2020-05-29 00:00:00+00:00,46,67.0,74.93333333333334,0.8941281138790035
2020-05-30 00:00:00+00:00,88,69.85714285714286,74.9,0.9326721342742704
2020-05-31 00:00:00+00:00,91,71.85714285714286,74.66666666666667,0.9623724489795918
2020-06-01 00:00:00+00:00,92,72.0,74.8,0.9625668449197862
2020-06-02 00:00:00+00:00,86,70.28571428571429,75.2,0.9346504559270518
2020-06-03 00:00:00+00:00,49,70.57142857142857,74.26666666666667,0.9502436522185176
2020-06-04 00:00:00+00:00,50,71.71428571428571,73.36666666666666,0.9774777698448757
2020-06-05 00:00:00+00:00,53,72.71428571428571,73.46666666666667,0.9897588799585169
2020-06-06 00:00:00+00:00,64,69.28571428571429,73.03333333333333,0.9486861837386713
2020-06-07 00:00:00+00:00,78,67.42857142857143,72.46666666666667,0.9304770666316204
2020-06-08 00:00:00+00:00,83,66.14285714285714,72.06666666666666,0.9178009779304876
2020-06-09 00:00:00+00:00,96,67.57142857142857,73.6,0.9180900621118013
2020-06-10 00:00:00+00:00,73,71.0,74.86666666666666,0.948352626892253
2020-06-11 00:00:00+00:00,53,71.42857142857143,74.43333333333334,0.9596315015034227
2020-06-12 00:00:00+00:00,52,71.28571428571429,72.9,0.9778561630413483
2020-06-13 00:00:00+00:00,56,70.14285714285714,71.6,0.9796488427773344
2020-06-14 00:00:00+00:00,38,64.42857142857143,69.76666666666667,0.923486451436762
2020-06-15 00:00:00+00:00,35,57.57142857142857,67.7,0.8503903777168178
2020-06-16 00:00:00+00:00,46,50.42857142857143,65.96666666666667,0.764455352631199
2020-06-17 00:00:00+00:00,80,51.42857142857143,65.76666666666667,0.7819853739772645
2020-06-18 00:00:00+00:00,72,54.142857142857146,66.2,0.8178679326715581
2020-06-19 00:00:00+00:00,64,55.857142857142854,66.36666666666666,0.8416445433020019
2020-06-20 00:00:00+00:00,51,55.142857142857146,66.16666666666667,0.8333933069449442
2020-06-21 00:00:00+00:00,51,57.0,65.66666666666667,0.8680203045685279
2020-06-22 00:00:00+00:00,68,61.714285714285715,65.66666666666667,0.939811457577955
2020-06-23 00:00:00+00:00,72,65.42857142857143,65.5,0.9989094874591058
2020-06-24 00:00:00+00:00,90,66.85714285714286,65.46666666666667,1.021239453011347
2020-06-25 00:00:00+00:00,95,70.14285714285714,65.36666666666666,1.0730676768412617
2020-06-26 00:00:00+00:00,84,73.0,66.6,1.0960960960960962
2020-06-27 00:00:00+00:00,63,74.71428571428571,67.3,1.1101676926342603
2020-06-28 00:00:00+00:00,30,71.71428571428571,66.76666666666667,1.074103131017759
2020-06-29 00:00:00+00:00,43,68.14285714285714,65.26666666666667,1.0440682912593025
2020-06-30 00:00:00+00:00,53,65.42857142857143,64.0,1.0223214285714286
2020-07-01 00:00:00+00:00,92,65.71428571428571,64.0,1.0267857142857142
2020-07-02 00:00:00+00:00,96,65.85714285714286,64.33333333333333,1.0236861584011845
2020-07-03 00:00:00+00:00,92,67.0,65.76666666666667,1.0187531677648252
2020-07-04 00:00:00+00:00,92,71.14285714285714,67.16666666666667,1.0591988656504785
2020-07-05 00:00:00+00:00,72,77.14285714285714,67.8,1.1378002528445006
2020-07-06 00:00:00+00:00,98,85.0,68.93333333333334,1.2330754352030948
2020-07-07 00:00:00+00:00,100,91.71428571428571,69.66666666666667,1.3164730006835268
2020-07-08 00:00:00+00:00,96,92.28571428571429,70.1,1.31648665172203
2020-07-09 00:00:00+00:00,77,89.57142857142857,69.46666666666667,1.2894159583219083
2020-07-10 00:00:00+00:00,51,83.71428571428571,68.73333333333333,1.2179576001108492
2020-07-11 00:00:00+00:00,68,80.28571428571429,69.23333333333333,1.1596395900680927
2020-07-12 00:00:00+00:00,82,81.71428571428571,70.23333333333333,1.1634687097430334
2020-07-13 00:00:00+00:00,94,81.14285714285714,71.5,1.1348651348651349
2020-07-14 00:00:00+00:00,96,80.57142857142857,73.43333333333334,1.0972051099150508
2020-07-15 00:00:00+00:00,88,79.42857142857143,75.2,1.0562310030395137
2020-07-16 00:00:00+00:00,46,75.0,75.2,0.9973404255319148
2020-07-17 00:00:00+00:00,36,72.85714285714286,73.73333333333333,0.9881167656936193
2020-07-18 00:00:00+00:00,29,67.28571428571429,72.3,0.9306461173681092
2020-07-19 00:00:00+00:00,40,61.285714285714285,71.5,0.8571428571428571
2020-07-20 00:00:00+00:00,44,54.142857142857146,71.26666666666667,0.7597220366163304
2020-07-21 00:00:00+00:00,68,50.142857142857146,71.83333333333333,0.6980444149817701
2020-07-22 00:00:00+00:00,94,51.0,72.7,0.7015130674002751
2020-07-23 00:00:00+00:00,90,57.285714285714285,73.3,0.7815240693821868
2020-07-24 00:00:00+00:00,92,65.28571428571429,73.36666666666666,0.8898552605958332
2020-07-25 00:00:00+00:00,51,68.42857142857143,71.9,0.9517186568646929
2020-07-26 00:00:00+00:00,35,67.71428571428571,70.26666666666667,0.9636757928978043
2020-07-27 00:00:00+00:00,36,66.57142857142857,69.36666666666666,0.9597034392805657
2020-07-28 00:00:00+00:00,53,64.42857142857143,70.13333333333334,0.9186583378598587
2020-07-29 00:00:00+00:00,92,64.14285714285714,71.76666666666667,0.8937694910755756
2020-07-30 00:00:00+00:00,98,65.28571428571429,73.26666666666667,0.8910698037176655
2020-07-31 00:00:00+00:00,96,65.85714285714286,73.4,0.8972362787076683
2020-08-01 00:00:00+00:00,75,69.28571428571429,72.7,0.9530359599135391
2020-08-02 00:00:00+00:00,52,71.71428571428571,71.36666666666666,1.0048708881030226
2020-08-03 00:00:00+00:00,46,73.14285714285714,69.83333333333333,1.0473917490623934
2020-08-04 00:00:00+00:00,60,74.14285714285714,69.43333333333334,1.0678279953363965
2020-08-05 00:00:00+00:00,77,72.0,68.73333333333333,1.0475266731328807
2020-08-06 00:00:00+00:00,72,68.28571428571429,67.8,1.0071639275179098
2020-08-07 00:00:00+00:00,70,64.57142857142857,66.93333333333334,0.964712578258395
2020-08-08 00:00:00+00:00,82,65.57142857142857,67.1,0.9772195018096658
2020-08-09 00:00:00+00:00,93,71.42857142857143,68.5,1.0427528675703859
2020-08-10 00:00:00+00:00,96,78.57142857142857,69.43333333333334,1.1316096289692064
2020-08-11 00:00:00+00:00,87,82.42857142857143,69.6,1.1843185550082103
2020-08-12 00:00:00+00:00,95,85.0,69.63333333333334,1.2206797510770702
2020-08-13 00:00:00+00:00,75,85.42857142857143,68.93333333333334,1.2392926222713456
2020-08-14 00:00:00+00:00,62,84.28571428571429,68.06666666666666,1.2382817965579964
2020-08-15 00:00:00+00:00,50,79.71428571428571,68.2,1.1688311688311688
2020-08-16 00:00:00+00:00,55,74.28571428571429,68.83333333333333,1.0792113455551713
2020-08-17 00:00:00+00:00,59,69.0,69.83333333333333,0.9880668257756564
2020-08-18 00:00:00+00:00,39,62.142857142857146,69.8,0.8902988129349162
2020-08-19 00:00:00+00:00,38,54.0,69.6,0.7758620689655173
2020-08-20 00:00:00+00:00,23,46.57142857142857,68.1,0.683868260960772
2020-08-21 00:00:00+00:00,18,40.285714285714285,65.56666666666666,0.6144237054252306
2020-08-22 00:00:00+00:00,19,35.857142857142854,63.2,0.5673598553345388
2020-08-23 00:00:00+00:00,31,32.42857142857143,61.166666666666664,0.5301673803036201
2020-08-24 00:00:00+00:00,61,32.714285714285715,61.5,0.5319396051103369
2020-08-25 00:00:00+00:00,60,35.714285714285715,62.333333333333336,0.5729564553093964
2020-08-26 00:00:00+00:00,66,39.714285714285715,63.333333333333336,0.6270676691729323
2020-08-27 00:00:00+00:00,81,48.0,64.26666666666667,0.7468879668049793
2020-08-28 00:00:00+00:00,76,56.285714285714285,63.733333333333334,0.8831440526001195
2020-08-29 00:00:00+00:00,72,63.857142857142854,62.86666666666667,1.0157551886077867
2020-08-30 00:00:00+00:00,86,71.71428571428571,62.53333333333333,1.1468169357295157
2020-08-31 00:00:00+00:00,89,75.71428571428571,63.0,1.201814058956916
2020-09-01 00:00:00+00:00,87,79.57142857142857,64.16666666666667,1.2400742115027827
2020-09-02 00:00:00+00:00,41,76.0,64.0,1.1875
2020-09-03 00:00:00+00:00,18,67.0,62.6,1.0702875399361023
2020-09-04 00:00:00+00:00,6,57.0,60.233333333333334,0.9463198671831765
2020-09-05 00:00:00+00:00,1,46.857142857142854,57.86666666666667,0.8097432521395654
2020-09-06 00:00:00+00:00,2,34.857142857142854,55.6,0.6269270298047276
2020-09-07 00:00:00+00:00,7,23.142857142857142,53.1,0.4358353510895884
2020-09-08 00:00:00+00:00,24,14.142857142857142,50.8,0.27840269966254216
2020-09-09 00:00:00+00:00,23,11.571428571428571,48.36666666666667,0.23924387122181745
2020-09-10 00:00:00+00:00,37,14.285714285714286,46.7,0.3059039461609055
2020-09-11 00:00:00+00:00,52,20.857142857142858,45.266666666666666,0.4607616242373238
2020-09-12 00:00:00+00:00,83,32.57142857142857,45.53333333333333,0.7153315206023845
2020-09-13 00:00:00+00:00,47,39.0,45.03333333333333,0.8660251665433013
2020-09-14 00:00:00+00:00,55,45.857142857142854,45.2,1.0145385587863462
2020-09-15 00:00:00+00:00,25,46.0,44.2,1.0407239819004523
2020-09-16 00:00:00+00:00,36,47.857142857142854,43.43333333333333,1.1018528670101964
2020-09-17 00:00:00+00:00,31,47.0,43.166666666666664,1.0888030888030888
2020-09-18 00:00:00+00:00,59,48.0,43.86666666666667,1.094224924012158
2020-09-19 00:00:00+00:00,66,45.57142857142857,45.3,1.0059918006937876
2020-09-20 00:00:00+00:00,62,47.714285714285715,46.766666666666666,1.0202627023724673
2020-09-21 00:00:00+00:00,35,44.857142857142854,47.3,0.9483539716097855
2020-09-22 00:00:00+00:00,32,45.857142857142854,47.333333333333336,0.9688128772635813
2020-09-23 00:00:00+00:00,35,45.714285714285715,46.46666666666667,0.9838081574093052
2020-09-24 00:00:00+00:00,91,54.285714285714285,47.5,1.1428571428571428
2020-09-25 00:00:00+00:00,75,56.57142857142857,47.8,1.1835026897788405
2020-09-26 00:00:00+00:00,71,57.285714285714285,47.46666666666667,1.2068619582664526
2020-09-27 00:00:00+00:00,48,55.285714285714285,46.53333333333333,1.1880884158821121
2020-09-28 00:00:00+00:00,59,58.714285714285715,46.1,1.2736287573597769
2020-09-29 00:00:00+00:00,84,66.14285714285714,46.03333333333333,1.43684700527568
2020-09-30 00:00:00+00:00,78,72.28571428571429,45.666666666666664,1.582898852971846
2020-10-01 00:00:00+00:00,68,69.0,45.03333333333333,1.5321983715766099
2020-10-02 00:00:00+00:00,46,64.85714285714286,45.2,1.4348925410872313
2020-10-03 00:00:00+00:00,55,62.57142857142857,46.43333333333333,1.3475540970156907
2020-10-04 00:00:00+00:00,53,63.285714285714285,48.0,1.318452380952381
2020-10-05 00:00:00+00:00,54,62.57142857142857,49.766666666666666,1.2572959525404268
2020-10-06 00:00:00+00:00,40,56.285714285714285,51.03333333333333,1.1029205934496595
2020-10-07 00:00:00+00:00,41,51.0,52.166666666666664,0.9776357827476039
2020-10-08 00:00:00+00:00,43,47.42857142857143,52.8,0.8982683982683983
2020-10-09 00:00:00+00:00,68,50.57142857142857,54.3,0.9313338595106551
2020-10-10 00:00:00+00:00,74,53.285714285714285,55.53333333333333,0.9595266678099812
2020-10-11 00:00:00+00:00,92,58.857142857142854,56.86666666666667,1.0350025121420197
2020-10-12 00:00:00+00:00,95,64.71428571428571,57.266666666666666,1.130051554964244
2020-10-13 00:00:00+00:00,95,72.57142857142857,58.86666666666667,1.232810224882705
2020-10-14 00:00:00+00:00,85,78.85714285714286,59.86666666666667,1.3172128539611836
2020-10-15 00:00:00+00:00,81,84.28571428571429,61.733333333333334,1.365319345880901
2020-10-16 00:00:00+00:00,88,87.14285714285714,63.46666666666667,1.373049219687875
2020-10-17 00:00:00+00:00,96,90.28571428571429,65.63333333333334,1.3756076325908728
2020-10-18 00:00:00+00:00,93,90.42857142857143,66.76666666666667,1.3543969759646246
2020-10-19 00:00:00+00:00,50,84.0,66.23333333333333,1.268243583291394
2020-10-20 00:00:00+00:00,52,77.85714285714286,65.9,1.1814437459354
2020-10-21 00:00:00+00:00,65,75.0,66.9,1.1210762331838564
2020-10-22 00:00:00+00:00,99,77.57142857142857,69.13333333333334,1.1220553795288606
2020-10-23 00:00:00+00:00,100,79.28571428571429,71.3,1.1120016028851936
2020-10-24 00:00:00+00:00,98,79.57142857142857,71.53333333333333,1.1123685261616296
2020-10-25 00:00:00+00:00,59,74.71428571428571,71.0,1.0523138832997987
2020-10-26 00:00:00+00:00,28,71.57142857142857,69.56666666666666,1.0288178520090356
2020-10-27 00:00:00+00:00,28,68.14285714285714,68.9,0.9890109890109888
2020-10-28 00:00:00+00:00,28,62.857142857142854,67.86666666666666,0.9261857984844233
2020-10-29 00:00:00+00:00,41,54.57142857142857,66.43333333333334,0.8214464912909468
2020-10-30 00:00:00+00:00,44,46.57142857142857,65.3,0.7131918617370379
2020-10-31 00:00:00+00:00,82,44.285714285714285,65.76666666666667,0.6733762942582
2020-11-01 00:00:00+00:00,87,48.285714285714285,67.13333333333334,0.7192509575826358
2020-11-02 00:00:00+00:00,68,54.0,67.56666666666666,0.799210656142082
2020-11-03 00:00:00+00:00,67,59.57142857142857,68.03333333333333,0.8756211940925317
2020-11-04 00:00:00+00:00,66,65.0,68.43333333333334,0.9498295177788602
2020-11-05 00:00:00+00:00,81,70.71428571428571,69.8,1.013098649201801
2020-11-06 00:00:00+00:00,74,75.0,70.9,1.0578279266572637
2020-11-07 00:00:00+00:00,74,73.85714285714286,71.93333333333334,1.0267443399973522
2020-11-08 00:00:00+00:00,73,71.85714285714286,72.1,0.9966316623736875
2020-11-09 00:00:00+00:00,75,72.85714285714286,72.13333333333334,1.0100343279640875
2020-11-10 00:00:00+00:00,68,73.0,71.33333333333333,1.0233644859813085
2020-11-11 00:00:00+00:00,72,73.85714285714286,70.56666666666666,1.046629327215062
2020-11-12 00:00:00+00:00,81,73.85714285714286,70.1,1.053596902384349
2020-11-13 00:00:00+00:00,65,72.57142857142857,69.43333333333334,1.0451958027570125
2020-11-14 00:00:00+00:00,58,70.28571428571429,68.66666666666667,1.0235783633841886
2020-11-15 00:00:00+00:00,53,67.42857142857143,67.5,0.998941798941799
2020-11-16 00:00:00+00:00,71,66.85714285714286,66.66666666666667,1.002857142857143
2020-11-17 00:00:00+00:00,59,65.57142857142857,65.53333333333333,1.0005813108559802
2020-11-18 00:00:00+00:00,88,67.85714285714286,66.8,1.0158254918733962
2020-11-19 00:00:00+00:00,97,70.14285714285714,68.3,1.02698180297009
2020-11-20 00:00:00+00:00,94,74.28571428571429,69.26666666666667,1.0724597827581466
2020-11-21 00:00:00+00:00,84,78.0,68.76666666666667,1.1342704798836645
2020-11-22 00:00:00+00:00,63,79.42857142857143,67.53333333333333,1.1761387674516994
2020-11-23 00:00:00+00:00,75,80.0,66.76666666666667,1.1982026959560659
2020-11-24 00:00:00+00:00,79,82.85714285714286,67.43333333333334,1.2287267848315797
2020-11-25 00:00:00+00:00,58,78.57142857142857,68.43333333333334,1.1481455709414792
2020-11-26 00:00:00+00:00,70,74.71428571428571,69.83333333333333,1.0698943061711559
2020-11-27 00:00:00+00:00,68,71.0,71.16666666666667,0.9976580796252926
2020-11-28 00:00:00+00:00,94,72.42857142857143,72.93333333333334,0.9930791329328806
2020-11-29 00:00:00+00:00,85,75.57142857142857,74.3,1.01711209382811
2020-11-30 00:00:00+00:00,83,76.71428571428571,74.33333333333333,1.0320307495195387
2020-12-01 00:00:00+00:00,71,75.57142857142857,73.8,1.024003097173829
2020-12-02 00:00:00+00:00,70,77.28571428571429,73.86666666666666,1.0462867457452296
2020-12-03 00:00:00+00:00,48,74.14285714285714,73.23333333333333,1.0124195331295922
2020-12-04 00:00:00+00:00,43,70.57142857142857,72.46666666666667,0.9738467604152976
2020-12-05 00:00:00+00:00,52,64.57142857142857,71.5,0.903096903096903
2020-12-06 00:00:00+00:00,82,64.14285714285714,71.76666666666667,0.8937694910755756
2020-12-07 00:00:00+00:00,73,62.714285714285715,71.73333333333333,0.8742697822623473
2020-12-08 00:00:00+00:00,60,61.142857142857146,71.3,0.8575435784411942
2020-12-09 00:00:00+00:00,37,56.42857142857143,70.03333333333333,0.8057387638539472
2020-12-10 00:00:00+00:00,50,56.714285714285715,69.43333333333334,0.8168164049104999
2020-12-11 00:00:00+00:00,60,59.142857142857146,69.03333333333333,0.8567289784093262
2020-12-12 00:00:00+00:00,65,61.0,68.5,0.8905109489051095
2020-12-13 00:00:00+00:00,39,54.857142857142854,67.63333333333334,0.811096247271703
2020-12-14 00:00:00+00:00,45,50.857142857142854,67.2,0.7568027210884353
2020-12-15 00:00:00+00:00,67,51.857142857142854,67.66666666666667,0.7663617171006333
2020-12-16 00:00:00+00:00,96,60.285714285714285,68.5,0.8800834202294057
2020-12-17 00:00:00+00:00,97,67.0,69.76666666666667,0.9603440038222647
2020-12-18 00:00:00+00:00,91,71.42857142857143,69.86666666666666,1.0223555070883317
2020-12-19 00:00:00+00:00,38,67.57142857142857,67.9,0.9951609509783294
2020-12-20 00:00:00+00:00,23,65.28571428571429,65.53333333333333,0.9962214794361286
2020-12-21 00:00:00+00:00,33,63.57142857142857,63.833333333333336,0.9958970533383066
2020-12-22 00:00:00+00:00,32,58.57142857142857,62.8,0.9326660600545951
2020-12-23 00:00:00+00:00,19,47.57142857142857,60.93333333333333,0.7807127227258518
2020-12-24 00:00:00+00:00,27,37.57142857142857,59.2,0.6346525096525096
2020-12-25 00:00:00+00:00,38,30.0,58.53333333333333,0.5125284738041003
2020-12-26 00:00:00+00:00,90,37.42857142857143,59.2,0.6322393822393823
2020-12-27 00:00:00+00:00,69,44.0,59.233333333333334,0.7428249859313449
2020-12-28 00:00:00+00:00,69,49.142857142857146,58.4,0.8414872798434443
2020-12-29 00:00:00+00:00,63,53.57142857142857,57.666666666666664,0.9289843104872006
2020-12-30 00:00:00+00:00,67,60.42857142857143,57.13333333333333,1.0576762793798966
2020-12-31 00:00:00+00:00,52,64.0,56.5,1.1327433628318584
2021-01-01 00:00:00+00:00,85,70.71428571428571,57.0,1.2406015037593985
2021-01-02 00:00:00+00:00,92,71.0,58.46666666666667,1.2143671607753705
2021-01-03 00:00:00+00:00,47,67.85714285714286,58.6,1.157971721111653
2021-01-04 00:00:00+00:00,32,62.57142857142857,57.93333333333333,1.0800591813250042
2021-01-05 00:00:00+00:00,26,57.285714285714285,56.06666666666667,1.021742823169696
2021-01-06 00:00:00+00:00,43,53.857142857142854,55.06666666666667,0.9780352819093738
2021-01-07 00:00:00+00:00,39,52.0,54.36666666666667,0.9564684242795831
2021-01-08 00:00:00+00:00,36,45.0,54.333333333333336,0.8282208588957055
2021-01-09 00:00:00+00:00,54,39.57142857142857,54.46666666666667,0.7265256163664976
2021-01-10 00:00:00+00:00,11,34.42857142857143,52.833333333333336,0.6516448850833709
2021-01-11 00:00:00+00:00,10,31.285714285714285,51.0,0.6134453781512604
2021-01-12 00:00:00+00:00,7,28.571428571428573,49.93333333333333,0.5721914934197979
2021-01-13 00:00:00+00:00,65,31.714285714285715,50.6,0.626764539808018
2021-01-14 00:00:00+00:00,71,36.285714285714285,50.733333333333334,0.7152243288905575
2021-01-15 00:00:00+00:00,83,43.0,50.3,0.8548707753479126
2021-01-16 00:00:00+00:00,68,45.0,49.333333333333336,0.9121621621621622
2021-01-17 00:00:00+00:00,50,50.57142857142857,47.96666666666667,1.0543035838379826
2021-01-18 00:00:00+00:00,42,55.142857142857146,48.1,1.1464211464211465
2021-01-19 00:00:00+00:00,23,57.42857142857143,48.1,1.193941193941194
2021-01-20 00:00:00+00:00,18,50.714285714285715,47.6,1.0654261704681873
2021-01-21 00:00:00+00:00,8,41.714285714285715,46.8,0.8913308913308914
2021-01-22 00:00:00+00:00,9,31.142857142857142,46.46666666666667,0.6702193072350892
2021-01-23 00:00:00+00:00,15,23.571428571428573,46.06666666666667,0.5116807938805045
2021-01-24 00:00:00+00:00,24,19.857142857142858,45.6,0.43546365914786966
2021-01-25 00:00:00+00:00,21,16.857142857142858,43.3,0.3893104585945233
2021-01-26 00:00:00+00:00,20,16.428571428571427,41.666666666666664,0.3942857142857143
2021-01-27 00:00:00+00:00,24,17.285714285714285,40.166666666666664,0.4303497332542976
2021-01-28 00:00:00+00:00,54,23.857142857142858,39.86666666666667,0.5984233158146202
2021-01-29 00:00:00+00:00,68,32.285714285714285,39.9,0.8091657715717866
2021-01-30 00:00:00+00:00,73,40.57142857142857,40.6,0.9992962702322308
2021-01-31 00:00:00+00:00,72,47.42857142857143,40.166666666666664,1.1807943094250148
2021-02-01 00:00:00+00:00,74,55.0,39.56666666666667,1.3900589721988204
2021-02-02 00:00:00+00:00,66,61.57142857142857,40.2,1.5316275764036957
2021-02-03 00:00:00+00:00,43,64.28571428571429,40.56666666666667,1.584693039089095
2021-02-04 00:00:00+00:00,33,61.285714285714285,40.8,1.5021008403361344
2021-02-05 00:00:00+00:00,29,55.714285714285715,40.333333333333336,1.3813459268004722
2021-02-06 00:00:00+00:00,35,50.285714285714285,40.2,1.2508884150675195
2021-02-07 00:00:00+00:00,30,44.285714285714285,40.0,1.1071428571428572
2021-02-08 00:00:00+00:00,38,39.142857142857146,39.46666666666667,0.9917953667953668
2021-02-09 00:00:00+00:00,62,38.57142857142857,41.166666666666664,0.9369577790630422
2021-02-10 00:00:00+00:00,87,44.857142857142854,43.733333333333334,1.025696864111498
2021-02-11 00:00:00+00:00,84,52.142857142857146,46.3,1.1261956186362234
2021-02-12 00:00:00+00:00,92,61.142857142857146,47.2,1.2953995157384988
2021-02-13 00:00:00+00:00,68,65.85714285714286,47.1,1.3982408249924174
2021-02-14 00:00:00+00:00,71,71.71428571428571,46.7,1.5356378097277452
2021-02-15 00:00:00+00:00,45,72.71428571428571,45.93333333333333,1.5830396019075264
2021-02-16 00:00:00+00:00,28,67.85714285714286,45.2,1.5012642225031605
2021-02-17 00:00:00+00:00,42,61.42857142857143,45.2,1.3590391908975978
2021-02-18 00:00:00+00:00,64,58.57142857142857,46.56666666666667,1.2577973207894466
2021-02-19 00:00:00+00:00,80,56.857142857142854,48.63333333333333,1.1690982081660628
2021-02-20 00:00:00+00:00,81,58.714285714285715,51.06666666666667,1.149757553151809
2021-02-21 00:00:00+00:00,47,55.285714285714285,52.333333333333336,1.0564149226569608
2021-02-22 00:00:00+00:00,13,50.714285714285715,52.266666666666666,0.970298833819242
2021-02-23 00:00:00+00:00,12,48.42857142857143,51.86666666666667,0.9337128167462359
2021-02-24 00:00:00+00:00,29,46.57142857142857,52.13333333333333,0.8933138472780416
2021-02-25 00:00:00+00:00,44,43.714285714285715,52.93333333333333,0.825836631881972
2021-02-26 00:00:00+00:00,25,35.857142857142854,52.96666666666667,0.6769756360694057
2021-02-27 00:00:00+00:00,6,25.142857142857142,51.36666666666667,0.4894780754612033
2021-02-28 00:00:00+00:00,7,19.428571428571427,49.333333333333336,0.39382239382239376
2021-03-01 00:00:00+00:00,12,19.285714285714285,47.3,0.4077318030806403
2021-03-02 00:00:00+00:00,42,23.571428571428573,46.3,0.5091021289725394
2021-03-03 00:00:00+00:00,62,28.285714285714285,45.9,0.6162464985994398
2021-03-04 00:00:00+00:00,32,26.571428571428573,44.766666666666666,0.5935538772471014
2021-03-05 00:00:00+00:00,26,26.714285714285715,44.2,0.6043956043956044
2021-03-06 00:00:00+00:00,27,29.714285714285715,44.0,0.6753246753246753
2021-03-07 00:00:00+00:00,41,34.57142857142857,44.4,0.7786357786357786
2021-03-08 00:00:00+00:00,54,40.57142857142857,45.03333333333333,0.9009199534736174
2021-03-09 00:00:00+00:00,33,39.285714285714285,45.13333333333333,0.8704368010128719
2021-03-10 00:00:00+00:00,47,37.142857142857146,45.43333333333333,0.8175243685148309
2021-03-11 00:00:00+00:00,19,35.285714285714285,44.0,0.801948051948052
2021-03-12 00:00:00+00:00,40,37.285714285714285,42.43333333333333,0.8786892604645944
2021-03-13 00:00:00+00:00,24,36.857142857142854,40.43333333333333,0.9115534094924037
2021-03-14 00:00:00+00:00,29,35.142857142857146,38.333333333333336,0.9167701863354037
2021-03-15 00:00:00+00:00,16,29.714285714285715,36.6,0.8118657298985168
2021-03-16 00:00:00+00:00,37,30.285714285714285,35.46666666666667,0.8539205155746509
2021-03-17 00:00:00+00:00,48,30.428571428571427,35.56666666666667,0.8555362163609586
2021-03-18 00:00:00+00:00,63,36.714285714285715,36.733333333333334,0.9994814622763806
2021-03-19 00:00:00+00:00,39,36.57142857142857,36.63333333333333,0.9983101520863122
2021-03-20 00:00:00+00:00,34,38.0,35.63333333333333,1.0664172123479887
2021-03-21 00:00:00+00:00,18,36.42857142857143,33.56666666666667,1.0852603206128528
2021-03-22 00:00:00+00:00,19,36.857142857142854,31.5,1.1700680272108843
2021-03-23 00:00:00+00:00,16,33.857142857142854,30.466666666666665,1.111284776492654
2021-03-24 00:00:00+00:00,5,27.714285714285715,30.2,0.9176915799432356
2021-03-25 00:00:00+00:00,6,19.571428571428573,30.0,0.6523809523809524
2021-03-26 00:00:00+00:00,15,16.142857142857142,29.533333333333335,0.5465978716543051
2021-03-27 00:00:00+00:00,48,18.142857142857142,29.666666666666668,0.6115569823434992
2021-03-28 00:00:00+00:00,78,26.714285714285715,31.433333333333334,0.849871231631571
2021-03-29 00:00:00+00:00,66,33.42857142857143,33.43333333333333,0.999857570146703
2021-03-30 00:00:00+00:00,60,39.714285714285715,35.2,1.1282467532467533
2021-03-31 00:00:00+00:00,66,48.42857142857143,37.0,1.308880308880309
2021-04-01 00:00:00+00:00,76,58.42857142857143,38.13333333333333,1.5322177822177823
2021-04-02 00:00:00+00:00,70,66.28571428571429,38.4,1.7261904761904765
2021-04-03 00:00:00+00:00,61,68.14285714285714,39.36666666666667,1.730978589573001
2021-04-04 00:00:00+00:00,37,62.285714285714285,39.733333333333334,1.567593480345158
2021-04-05 00:00:00+00:00,35,57.857142857142854,40.0,1.4464285714285714
2021-04-06 00:00:00+00:00,15,51.42857142857143,39.13333333333333,1.31418836699927
2021-04-07 00:00:00+00:00,19,44.714285714285715,37.96666666666667,1.1777248212717923
2021-04-08 00:00:00+00:00,20,36.714285714285715,37.53333333333333,0.9781781273788379
2021-04-09 00:00:00+00:00,50,33.857142857142854,37.63333333333333,0.8996583575857269
2021-04-10 00:00:00+00:00,72,35.42857142857143,39.4,0.8992023205221176
2021-04-11 00:00:00+00:00,58,38.42857142857143,40.0,0.9607142857142857
2021-04-12 00:00:00+00:00,66,42.857142857142854,41.4,1.0351966873706004
2021-04-13 00:00:00+00:00,68,50.42857142857143,42.7,1.1809969889595182
2021-04-14 00:00:00+00:00,67,57.285714285714285,44.4,1.2902187902187903
2021-04-15 00:00:00+00:00,52,61.857142857142854,44.9,1.3776646516067452
2021-04-16 00:00:00+00:00,47,61.42857142857143,44.86666666666667,1.3691360645298238
2021-04-17 00:00:00+00:00,13,53.0,43.2,1.2268518518518519
2021-04-18 00:00:00+00:00,12,46.42857142857143,42.3,1.0976021614319489
2021-04-19 00:00:00+00:00,8,38.142857142857146,41.43333333333333,0.9205838409378234
2021-04-20 00:00:00+00:00,25,32.0,41.666666666666664,0.768
2021-04-21 00:00:00+00:00,30,26.714285714285715,42.03333333333333,0.635550016993316
2021-04-22 00:00:00+00:00,13,21.142857142857142,41.93333333333333,0.5042016806722689
2021-04-23 00:00:00+00:00,7,15.428571428571429,42.0,0.3673469387755102
2021-04-24 00:00:00+00:00,5,14.285714285714286,41.96666666666667,0.34040621808691707
2021-04-25 00:00:00+00:00,21,15.571428571428571,42.166666666666664,0.3692828910220215
2021-04-26 00:00:00+00:00,38,19.857142857142858,41.833333333333336,0.47467273762094475
2021-04-27 00:00:00+00:00,47,23.0,40.8,0.5637254901960784
2021-04-28 00:00:00+00:00,59,27.142857142857142,40.56666666666667,0.6690926165042844
2021-04-29 00:00:00+00:00,69,35.142857142857146,40.86666666666667,0.8599394080633885
2021-04-30 00:00:00+00:00,72,44.42857142857143,41.06666666666667,1.0818645640074211
2021-05-01 00:00:00+00:00,80,55.142857142857146,41.2,1.3384188626907074
2021-05-02 00:00:00+00:00,32,56.714285714285715,39.93333333333333,1.4202241831624136
2021-05-03 00:00:00+00:00,14,53.285714285714285,38.36666666666667,1.388854412312275
2021-05-04 00:00:00+00:00,12,48.285714285714285,37.53333333333333,1.2864755138289774
2021-05-05 00:00:00+00:00,28,43.857142857142854,37.3,1.1757947146687093
2021-05-06 00:00:00+00:00,61,42.714285714285715,38.833333333333336,1.0999386879215205
2021-05-07 00:00:00+00:00,71,42.57142857142857,40.56666666666667,1.049418945885667
2021-05-08 00:00:00+00:00,62,40.0,41.96666666666667,0.9531374106433677
2021-05-09 00:00:00+00:00,37,40.714285714285715,41.53333333333333,0.9802797523503785
2021-05-10 00:00:00+00:00,8,39.857142857142854,39.4,1.011602610587382
2021-05-11 00:00:00+00:00,6,39.0,37.666666666666664,1.0353982300884956
2021-05-12 00:00:00+00:00,5,35.714285714285715,35.63333333333333,1.002271816116531
2021-05-13 00:00:00+00:00,15,29.142857142857142,33.86666666666667,0.8605174353205849
2021-05-14 00:00:00+00:00,4,19.571428571428573,31.766666666666666,0.6160995353020537
2021-05-15 00:00:00+00:00,4,11.285714285714286,30.166666666666668,0.37411207576953437
2021-05-16 00:00:00+00:00,1,6.142857142857143,28.633333333333333,0.2145351737901214
2021-05-17 00:00:00+00:00,2,5.285714285714286,28.266666666666666,0.18699460916442048
2021-05-18 00:00:00+00:00,0,4.428571428571429,27.866666666666667,0.15892002734108
2021-05-19 00:00:00+00:00,0,3.7142857142857144,27.6,0.13457556935817805
2021-05-20 00:00:00+00:00,0,1.5714285714285714,26.766666666666666,0.05870841487279844
2021-05-21 00:00:00+00:00,2,1.2857142857142858,25.833333333333332,0.049769585253456226
2021-05-22 00:00:00+00:00,1,0.8571428571428571,25.433333333333334,0.03370155401610185
2021-05-23 00:00:00+00:00,1,0.8571428571428571,25.233333333333334,0.03396867333459143
2021-05-24 00:00:00+00:00,2,0.8571428571428571,25.133333333333333,0.034103827207275485
2021-05-25 00:00:00+00:00,4,1.4285714285714286,24.566666666666666,0.05815080441946114
2021-05-26 00:00:00+00:00,7,2.4285714285714284,23.533333333333335,0.10319708619991905
2021-05-27 00:00:00+00:00,7,3.4285714285714284,22.2,0.15444015444015444
2021-05-28 00:00:00+00:00,4,3.7142857142857144,20.366666666666667,0.182370820668693
2021-05-29 00:00:00+00:00,2,3.857142857142857,18.133333333333333,0.21271008403361347
2021-05-30 00:00:00+00:00,3,4.142857142857143,15.833333333333334,0.26165413533834586
2021-05-31 00:00:00+00:00,5,4.571428571428571,13.333333333333334,0.3428571428571428
2021-06-01 00:00:00+00:00,5,4.714285714285714,12.433333333333334,0.3791650708540789
2021-06-02 00:00:00+00:00,8,4.857142857142857,12.233333333333333,0.397041650447645
2021-06-03 00:00:00+00:00,16,6.142857142857143,12.366666666666667,0.496726992683866
2021-06-04 00:00:00+00:00,28,9.571428571428571,12.366666666666667,0.7739699653446284
2021-06-05 00:00:00+00:00,39,14.857142857142858,11.633333333333333,1.2771182971756039
2021-06-06 00:00:00+00:00,40,20.142857142857142,10.6,1.9002695417789757
2021-06-07 00:00:00+00:00,12,21.142857142857142,8.933333333333334,2.366737739872068
2021-06-08 00:00:00+00:00,8,21.571428571428573,7.966666666666667,2.7077106993424986
2021-06-09 00:00:00+00:00,5,21.142857142857142,7.866666666666666,2.6876513317191284
2021-06-10 00:00:00+00:00,5,19.571428571428573,7.833333333333333,2.4984802431610946
2021-06-11 00:00:00+00:00,5,16.285714285714285,7.833333333333333,2.0790273556231003
2021-06-12 00:00:00+00:00,4,11.285714285714286,7.466666666666667,1.5114795918367347
2021-06-13 00:00:00+00:00,7,6.571428571428571,7.566666666666666,0.868470736312146
2021-06-14 00:00:00+00:00,19,7.571428571428571,8.066666666666666,0.9386068476977568
2021-06-15 00:00:00+00:00,51,13.714285714285714,9.733333333333333,1.4090019569471626
2021-06-16 00:00:00+00:00,36,18.142857142857142,10.866666666666667,1.6695880806310253
2021-06-17 00:00:00+00:00,25,21.0,11.7,1.794871794871795
2021-06-18 00:00:00+00:00,16,22.571428571428573,12.233333333333333,1.8450759050214094
2021-06-19 00:00:00+00:00,8,23.142857142857142,12.5,1.8514285714285714
2021-06-20 00:00:00+00:00,1,22.285714285714285,12.466666666666667,1.787624140565317
2021-06-21 00:00:00+00:00,0,19.571428571428573,12.433333333333334,1.5741095365760247
2021-06-22 00:00:00+00:00,0,12.285714285714286,12.4,0.9907834101382489
2021-06-23 00:00:00+00:00,4,7.714285714285714,12.466666666666667,0.6187929717341482
2021-06-24 00:00:00+00:00,7,5.142857142857143,12.566666666666666,0.40924592648730584
2021-06-25 00:00:00+00:00,4,3.4285714285714284,12.466666666666667,0.2750190985485103
2021-06-26 00:00:00+00:00,4,2.857142857142857,12.366666666666667,0.23103581055063535
2021-06-27 00:00:00+00:00,5,3.4285714285714284,12.4,0.27649769585253453
2021-06-28 00:00:00+00:00,13,5.285714285714286,12.766666666666667,0.4140246176799701
2021-06-29 00:00:00+00:00,10,6.714285714285714,13.0,0.5164835164835165
2021-06-30 00:00:00+00:00,10,7.571428571428571,13.166666666666666,0.5750452079566004
2021-07-01 00:00:00+00:00,9,7.857142857142857,13.3,0.5907626208378087
2021-07-02 00:00:00+00:00,20,10.142857142857142,13.7,0.7403545359749739
2021-07-03 00:00:00+00:00,25,13.142857142857142,14.0,0.9387755102040816
2021-07-04 00:00:00+00:00,18,15.0,13.666666666666666,1.0975609756097562
2021-07-05 00:00:00+00:00,19,15.857142857142858,13.0,1.2197802197802199
2021-07-06 00:00:00+00:00,20,17.285714285714285,12.333333333333334,1.4015444015444014
2021-07-07 00:00:00+00:00,16,18.142857142857142,12.466666666666667,1.455309396485867
2021-07-08 00:00:00+00:00,20,19.714285714285715,12.866666666666667,1.5321983715766099
2021-07-09 00:00:00+00:00,19,19.571428571428573,13.333333333333334,1.467857142857143
2021-07-10 00:00:00+00:00,30,20.285714285714285,14.166666666666666,1.4319327731092437
2021-07-11 00:00:00+00:00,28,21.714285714285715,14.933333333333334,1.4540816326530612
2021-07-12 00:00:00+00:00,6,19.857142857142858,15.0,1.3238095238095238
2021-07-13 00:00:00+00:00,5,17.714285714285715,14.933333333333334,1.1862244897959184
2021-07-14 00:00:00+00:00,5,16.142857142857142,14.466666666666667,1.1158657011191573
2021-07-15 00:00:00+00:00,8,14.428571428571429,13.033333333333333,1.1070515162586774
2021-07-16 00:00:00+00:00,9,13.0,12.133333333333333,1.0714285714285714
2021-07-17 00:00:00+00:00,11,10.285714285714286,11.666666666666666,0.8816326530612246
2021-07-18 00:00:00+00:00,11,7.857142857142857,11.5,0.6832298136645962
2021-07-19 00:00:00+00:00,6,7.857142857142857,11.433333333333334,0.6872136609745939
2021-07-20 00:00:00+00:00,4,7.714285714285714,11.533333333333333,0.6688687035507845
2021-07-21 00:00:00+00:00,5,7.714285714285714,11.7,0.6593406593406594
2021-07-22 00:00:00+00:00,16,8.857142857142858,12.233333333333333,0.7240171272868822
2021-07-23 00:00:00+00:00,38,13.0,13.366666666666667,0.9725685785536159
2021-07-24 00:00:00+00:00,44,17.714285714285715,14.6,1.2133072407045011
2021-07-25 00:00:00+00:00,67,25.714285714285715,16.7,1.5397775876817794
2021-07-26 00:00:00+00:00,39,30.428571428571427,17.866666666666667,1.703091684434968
2021-07-27 00:00:00+00:00,50,37.0,19.366666666666667,1.910499139414802
2021-07-28 00:00:00+00:00,43,42.42857142857143,20.366666666666667,2.083235913023147
2021-07-29 00:00:00+00:00,68,49.857142857142854,22.3,2.235746316463805
2021-07-30 00:00:00+00:00,75,55.142857142857146,24.466666666666665,2.2537952510704558
2021-07-31 00:00:00+00:00,84,60.857142857142854,26.966666666666665,2.2567543704750133
2021-08-01 00:00:00+00:00,73,61.714285714285715,28.733333333333334,2.1478289691746766
2021-08-02 00:00:00+00:00,50,63.285714285714285,29.566666666666666,2.140441294894508
2021-08-03 00:00:00+00:00,43,62.285714285714285,30.4,2.048872180451128
2021-08-04 00:00:00+00:00,49,63.142857142857146,31.4,2.0109190172884444
2021-08-05 00:00:00+00:00,60,62.0,32.733333333333334,1.8940936863543787
2021-08-06 00:00:00+00:00,58,59.57142857142857,34.13333333333333,1.7452566964285714
2021-08-07 00:00:00+00:00,48,54.42857142857143,35.06666666666667,1.5521455730581204
2021-08-08 00:00:00+00:00,42,50.0,35.833333333333336,1.3953488372093021
2021-08-09 00:00:00+00:00,42,48.857142857142854,36.233333333333334,1.3484032067288736
2021-08-10 00:00:00+00:00,67,52.285714285714285,37.53333333333333,1.3930474498858159
2021-08-11 00:00:00+00:00,82,57.0,40.06666666666667,1.422628951747088
2021-08-12 00:00:00+00:00,83,60.285714285714285,42.666666666666664,1.4129464285714286
2021-08-13 00:00:00+00:00,78,63.142857142857146,45.1,1.4000633512828635
2021-08-14 00:00:00+00:00,65,65.57142857142857,47.0,1.3951367781155015
2021-08-15 00:00:00+00:00,67,69.14285714285714,48.93333333333333,1.4130011677695602
2021-08-16 00:00:00+00:00,76,74.0,51.1,1.4481409001956946
2021-08-17 00:00:00+00:00,65,73.71428571428571,52.9,1.3934647583040778
2021-08-18 00:00:00+00:00,71,72.14285714285714,55.06666666666667,1.3101003113109648
2021-08-19 00:00:00+00:00,58,68.57142857142857,56.86666666666667,1.2058281694858481
2021-08-20 00:00:00+00:00,76,68.28571428571429,59.233333333333334,1.15282578985449
2021-08-21 00:00:00+00:00,70,69.0,61.03333333333333,1.1305297651556527
2021-08-22 00:00:00+00:00,82,71.14285714285714,62.5,1.1382857142857141
2021-08-23 00:00:00+00:00,85,72.42857142857143,63.86666666666667,1.1340590515955862
2021-08-24 00:00:00+00:00,57,71.28571428571429,63.53333333333333,1.12202068655374
2021-08-25 00:00:00+00:00,32,65.71428571428571,63.3,1.0381403746332656
2021-08-26 00:00:00+00:00,35,62.42857142857143,62.8,0.9940855323020928
2021-08-27 00:00:00+00:00,34,56.42857142857143,62.5,0.9028571428571429
2021-08-28 00:00:00+00:00,54,54.142857142857146,62.03333333333333,0.8728026406693791
2021-08-29 00:00:00+00:00,44,48.714285714285715,61.0,0.7985948477751756
2021-08-30 00:00:00+00:00,58,44.857142857142854,60.13333333333333,0.7459613557174533
2021-08-31 00:00:00+00:00,47,43.42857142857143,59.266666666666666,0.7327655471637474
2021-09-01 00:00:00+00:00,69,48.714285714285715,59.9,0.8132601955640353
2021-09-02 00:00:00+00:00,68,53.42857142857143,60.733333333333334,0.8797240081543045
2021-09-03 00:00:00+00:00,78,59.714285714285715,61.7,0.9678166242185691
2021-09-04 00:00:00+00:00,50,59.142857142857146,61.36666666666667,0.9637619306277645
2021-09-05 00:00:00+00:00,52,60.285714285714285,61.166666666666664,0.9855975087582717
2021-09-06 00:00:00+00:00,32,56.57142857142857,60.63333333333333,0.9330087175056938
2021-09-07 00:00:00+00:00,16,52.142857142857146,59.766666666666666,0.8724404429925903
2021-09-08 00:00:00+00:00,12,44.0,58.766666666666666,0.7487237663074305
2021-09-09 00:00:00+00:00,13,36.142857142857146,56.96666666666667,0.6344562400735602
2021-09-10 00:00:00+00:00,23,28.285714285714285,55.0,0.5142857142857142
2021-09-11 00:00:00+00:00,32,25.714285714285715,53.3,0.4824443848834093
2021-09-12 00:00:00+00:00,33,23.0,51.8,0.444015444015444
2021-09-13 00:00:00+00:00,28,22.428571428571427,50.56666666666667,0.4435445898860532
2021-09-14 00:00:00+00:00,30,24.428571428571427,49.333333333333336,0.49517374517374513
2021-09-15 00:00:00+00:00,39,28.285714285714285,48.1,0.588060588060588
2021-09-16 00:00:00+00:00,48,33.285714285714285,47.53333333333333,0.700260468843919
2021-09-17 00:00:00+00:00,35,35.0,46.333333333333336,0.7553956834532374
2021-09-18 00:00:00+00:00,34,35.285714285714285,45.53333333333333,0.7749424806525832
2021-09-19 00:00:00+00:00,14,32.57142857142857,43.46666666666667,0.7493426818580192
2021-09-20 00:00:00+00:00,14,30.571428571428573,41.6,0.7348901098901099
2021-09-21 00:00:00+00:00,9,27.571428571428573,39.166666666666664,0.7039513677811551
2021-09-22 00:00:00+00:00,10,23.428571428571427,36.666666666666664,0.638961038961039
2021-09-23 00:00:00+00:00,16,18.857142857142858,35.3,0.5341966815054634
2021-09-24 00:00:00+00:00,24,17.285714285714285,35.03333333333333,0.4934076389832812
2021-09-25 00:00:00+00:00,32,17.0,34.93333333333333,0.48664122137404586
2021-09-26 00:00:00+00:00,50,22.142857142857142,35.46666666666667,0.624328678839957
2021-09-27 00:00:00+00:00,36,25.285714285714285,34.86666666666667,0.7252116907948648
2021-09-28 00:00:00+00:00,23,27.285714285714285,34.166666666666664,0.7986062717770035
2021-09-29 00:00:00+00:00,14,27.857142857142858,32.7,0.8519003931847968
2021-09-30 00:00:00+00:00,25,29.142857142857142,31.966666666666665,0.9116639356472517
2021-10-01 00:00:00+00:00,58,34.0,31.6,1.0759493670886076
2021-10-02 00:00:00+00:00,96,43.142857142857146,32.53333333333333,1.3261124121779861
2021-10-03 00:00:00+00:00,96,49.714285714285715,33.13333333333333,1.5004311583788446
2021-10-04 00:00:00+00:00,100,58.857142857142854,34.8,1.691297208538588
2021-10-05 00:00:00+00:00,98,69.57142857142857,36.333333333333336,1.91480996068152
2021-10-06 00:00:00+00:00,98,81.57142857142857,38.53333333333333,2.116905585763717
2021-10-07 00:00:00+00:00,94,91.42857142857143,41.13333333333333,2.2227367446168094
2021-10-08 00:00:00+00:00,72,93.42857142857143,43.13333333333333,2.1660410686685805
2021-10-09 00:00:00+00:00,55,87.57142857142857,44.53333333333333,1.9664242942686057
2021-10-10 00:00:00+00:00,39,79.42857142857143,45.06666666666667,1.7624683009298394
2021-10-11 00:00:00+00:00,35,70.14285714285714,45.166666666666664,1.5529783869267264
2021-10-12 00:00:00+00:00,41,62.0,45.43333333333333,1.3646368305209098
2021-10-13 00:00:00+00:00,42,54.0,45.9,1.1764705882352942
2021-10-14 00:00:00+00:00,39,46.142857142857146,46.2,0.9987631416202845
2021-10-15 00:00:00+00:00,35,40.857142857142854,46.06666666666667,0.8869133760595409
2021-10-16 00:00:00+00:00,45,39.42857142857143,45.96666666666667,0.8577644255671812
2021-10-17 00:00:00+00:00,64,43.0,46.93333333333333,0.9161931818181819
2021-10-18 00:00:00+00:00,64,47.142857142857146,47.93333333333333,0.9835088416451422
2021-10-19 00:00:00+00:00,45,47.714285714285715,48.96666666666667,0.9744238062822134
2021-10-20 00:00:00+00:00,33,46.42857142857143,49.6,0.9360599078341014
2021-10-21 00:00:00+00:00,30,45.142857142857146,50.3,0.8974723090031242
2021-10-22 00:00:00+00:00,32,44.714285714285715,51.03333333333333,0.876178034897826
2021-10-23 00:00:00+00:00,27,42.142857142857146,51.4,0.8198999444135632
2021-10-24 00:00:00+00:00,48,39.857142857142854,52.2,0.7635467980295565
2021-10-25 00:00:00+00:00,54,38.42857142857143,52.93333333333333,0.7259805685498382
2021-10-26 00:00:00+00:00,92,45.142857142857146,54.333333333333336,0.8308501314636284
2021-10-27 00:00:00+00:00,52,47.857142857142854,54.86666666666667,0.8722444020135393
2021-10-28 00:00:00+00:00,49,50.57142857142857,55.733333333333334,0.9073820915926178
2021-10-29 00:00:00+00:00,66,55.42857142857143,57.46666666666667,0.964534305601591
2021-10-30 00:00:00+00:00,84,63.57142857142857,59.43333333333333,1.0696258312635205
2021-10-31 00:00:00+00:00,98,70.71428571428571,60.766666666666666,1.1637019042394796
2021-11-01 00:00:00+00:00,100,77.28571428571429,60.9,1.269059347877082
2021-11-02 00:00:00+00:00,91,77.14285714285714,60.733333333333334,1.2701897443939156
2021-11-03 00:00:00+00:00,57,77.85714285714286,59.3,1.3129366417730668
2021-11-04 00:00:00+00:00,35,75.85714285714286,57.2,1.3261738261738263
2021-11-05 00:00:00+00:00,26,70.14285714285714,54.8,1.2799791449426485
2021-11-06 00:00:00+00:00,48,65.0,53.266666666666666,1.2202753441802252
2021-11-07 00:00:00+00:00,62,59.857142857142854,52.93333333333333,1.1308024469233537
2021-11-08 00:00:00+00:00,89,58.285714285714285,54.06666666666667,1.0780341729786858
2021-11-09 00:00:00+00:00,87,57.714285714285715,55.666666666666664,1.0367835757057315
2021-11-10 00:00:00+00:00,68,59.285714285714285,56.766666666666666,1.0443754718563878
2021-11-11 00:00:00+00:00,53,61.857142857142854,57.166666666666664,1.0820491461890878
2021-11-12 00:00:00+00:00,75,68.85714285714286,58.266666666666666,1.1817587446878066
2021-11-13 00:00:00+00:00,59,70.42857142857143,58.93333333333333,1.1950549450549453
2021-11-14 00:00:00+00:00,43,67.71428571428571,59.2,1.1438223938223937
2021-11-15 00:00:00+00:00,10,56.42857142857143,58.03333333333333,0.9723475834906048
2021-11-16 00:00:00+00:00,13,45.857142857142854,56.333333333333336,0.8140321217244293
2021-11-17 00:00:00+00:00,21,39.142857142857146,54.9,0.712984647410877
2021-11-18 00:00:00+00:00,20,34.42857142857143,54.06666666666667,0.6367799894310375
2021-11-19 00:00:00+00:00,38,29.142857142857142,54.233333333333334,0.5373606111159891
2021-11-20 00:00:00+00:00,68,30.428571428571427,55.5,0.5482625482625483
2021-11-21 00:00:00+00:00,98,38.285714285714285,57.7,0.6635305768754641
2021-11-22 00:00:00+00:00,74,47.42857142857143,59.266666666666666,0.8002571107183031
2021-11-23 00:00:00+00:00,21,48.57142857142857,58.36666666666667,0.8321775312066574
2021-11-24 00:00:00+00:00,24,49.0,57.36666666666667,0.8541545613015689
2021-11-25 00:00:00+00:00,24,49.57142857142857,55.1,0.8996629504796473
2021-11-26 00:00:00+00:00,34,49.0,54.5,0.8990825688073395
2021-11-27 00:00:00+00:00,39,44.857142857142854,54.166666666666664,0.8281318681318681
2021-11-28 00:00:00+00:00,32,35.42857142857143,53.03333333333333,0.6680434587411332
2021-11-29 00:00:00+00:00,36,30.0,51.43333333333333,0.5832793259883344
2021-11-30 00:00:00+00:00,76,37.857142857142854,50.7,0.7466892082276697
2021-12-01 00:00:00+00:00,93,47.714285714285715,50.46666666666667,0.9454614078127949
2021-12-02 00:00:00+00:00,72,54.57142857142857,49.833333333333336,1.095078834209269
2021-12-03 00:00:00+00:00,18,52.285714285714285,48.53333333333333,1.0773155416012559
2021-12-04 00:00:00+00:00,8,47.857142857142854,47.63333333333333,1.0046985904228731
2021-12-05 00:00:00+00:00,7,44.285714285714285,47.0,0.9422492401215805
2021-12-06 00:00:00+00:00,16,41.42857142857143,45.93333333333333,0.9019282604188266
2021-12-07 00:00:00+00:00,22,33.714285714285715,44.6,0.7559256886611146
2021-12-08 00:00:00+00:00,43,26.571428571428573,43.06666666666667,0.616983635559487
2021-12-09 00:00:00+00:00,47,23.0,41.733333333333334,0.5511182108626198
2021-12-10 00:00:00+00:00,95,34.0,42.63333333333333,0.7974980453479281
2021-12-11 00:00:00+00:00,100,47.142857142857146,44.2,1.0665804783451842
2021-12-12 00:00:00+00:00,100,60.42857142857143,45.03333333333333,1.3418631701385217
2021-12-13 00:00:00+00:00,100,72.42857142857143,46.4,1.5609605911330051
2021-12-14 00:00:00+00:00,94,82.71428571428571,48.1,1.7196317196317195
2021-12-15 00:00:00+00:00,28,80.57142857142857,48.7,1.6544441185098269
2021-12-16 00:00:00+00:00,28,77.85714285714286,49.2,1.5824622531939605
2021-12-17 00:00:00+00:00,58,72.57142857142857,50.43333333333333,1.4389576055141158
2021-12-18 00:00:00+00:00,23,61.57142857142857,50.53333333333333,1.2184319638145495
2021-12-19 00:00:00+00:00,24,50.714285714285715,50.06666666666667,1.012935134106905
2021-12-20 00:00:00+00:00,46,43.0,49.333333333333336,0.8716216216216216
2021-12-21 00:00:00+00:00,32,34.142857142857146,47.13333333333333,0.724388765407153
2021-12-22 00:00:00+00:00,57,38.285714285714285,46.56666666666667,0.8221699560282236
2021-12-23 00:00:00+00:00,57,42.42857142857143,47.766666666666666,0.8882464360482505
2021-12-24 00:00:00+00:00,99,48.285714285714285,50.266666666666666,0.9605911330049262
2021-12-25 00:00:00+00:00,99,59.142857142857146,52.766666666666666,1.12083746954246
2021-12-26 00:00:00+00:00,94,69.14285714285714,54.766666666666666,1.262498913137988
2021-12-27 00:00:00+00:00,18,65.14285714285714,54.06666666666667,1.2048617227408842
2021-12-28 00:00:00+00:00,20,63.42857142857143,53.666666666666664,1.18189884649512
2021-12-29 00:00:00+00:00,8,56.42857142857143,52.733333333333334,1.0700740473180423
2021-12-30 00:00:00+00:00,18,50.857142857142854,50.8,1.001124859392576
2021-12-31 00:00:00+00:00,21,39.714285714285715,48.4,0.820543093270366
2022-01-01 00:00:00+00:00,42,31.571428571428573,47.4,0.6660638939119953
2022-01-02 00:00:00+00:00,52,25.571428571428573,48.53333333333333,0.5268838304552591
2022-01-03 00:00:00+00:00,38,28.428571428571427,49.53333333333333,0.5739280907517785
2022-01-04 00:00:00+00:00,29,29.714285714285715,50.266666666666666,0.5911330049261084
2022-01-05 00:00:00+00:00,9,29.857142857142858,50.03333333333333,0.596745027124774
2022-01-06 00:00:00+00:00,6,28.142857142857142,49.5,0.5685425685425686
2022-01-07 00:00:00+00:00,3,25.571428571428573,48.166666666666664,0.5308947108255068
2022-01-08 00:00:00+00:00,1,19.714285714285715,46.63333333333333,0.4227509445522312
2022-01-09 00:00:00+00:00,2,12.571428571428571,43.53333333333333,0.28877707285057974
2022-01-10 00:00:00+00:00,4,7.714285714285714,40.333333333333336,0.19126328217237307
2022-01-11 00:00:00+00:00,19,6.285714285714286,37.63333333333333,0.1670251803112742
2022-01-12 00:00:00+00:00,74,15.571428571428571,36.766666666666666,0.4235202693951561
2022-01-13 00:00:00+00:00,97,28.571428571428573,36.86666666666667,0.7749935417204857
2022-01-14 00:00:00+00:00,94,41.57142857142857,39.06666666666667,1.0641150658215504
2022-01-15 00:00:00+00:00,81,53.0,40.833333333333336,1.2979591836734694
2022-01-16 00:00:00+00:00,66,62.142857142857146,41.1,1.5119916579770594
2022-01-17 00:00:00+00:00,88,74.14285714285714,43.266666666666666,1.7136253576931542
2022-01-18 00:00:00+00:00,75,82.14285714285714,44.96666666666667,1.8267499735253625
2022-01-19 00:00:00+00:00,57,79.71428571428571,45.333333333333336,1.7584033613445376
2022-01-20 00:00:00+00:00,5,66.57142857142857,44.43333333333333,1.4982317007823385
2022-01-21 00:00:00+00:00,1,53.285714285714285,42.56666666666667,1.251817876719991
2022-01-22 00:00:00+00:00,0,41.714285714285715,40.666666666666664,1.0257611241217799
2022-01-23 00:00:00+00:00,1,32.42857142857143,37.4,0.8670741023682201
2022-01-24 00:00:00+00:00,6,20.714285714285715,34.3,0.6039150354019159
2022-01-25 00:00:00+00:00,10,11.428571428571429,31.5,0.36281179138321995
2022-01-26 00:00:00+00:00,33,8.0,32.0,0.25
2022-01-27 00:00:00+00:00,20,10.142857142857142,32.0,0.3169642857142857
2022-01-28 00:00:00+00:00,15,12.142857142857142,32.233333333333334,0.3767173880927759
2022-01-29 00:00:00+00:00,13,14.0,32.06666666666667,0.43659043659043656
2022-01-30 00:00:00+00:00,9,15.142857142857142,31.666666666666668,0.47819548872180445
2022-01-31 00:00:00+00:00,8,15.428571428571429,30.533333333333335,0.5053025577043044
2022-02-01 00:00:00+00:00,13,15.857142857142858,29.233333333333334,0.5424336211109301
2022-02-02 00:00:00+00:00,28,15.142857142857142,28.9,0.5239742956005932
2022-02-03 00:00:00+00:00,29,16.428571428571427,28.9,0.5684626791893228
2022-02-04 00:00:00+00:00,36,19.428571428571427,29.8,0.6519654841802492
2022-02-05 00:00:00+00:00,40,23.285714285714285,30.933333333333334,0.7527709359605911
2022-02-06 00:00:00+00:00,71,32.142857142857146,33.2,0.96815834767642
2022-02-07 00:00:00+00:00,57,39.142857142857146,35.06666666666667,1.1162411732753938
2022-02-08 00:00:00+00:00,76,48.142857142857146,37.53333333333333,1.282669373255519
2022-02-09 00:00:00+00:00,78,55.285714285714285,40.0,1.3821428571428571
2022-02-10 00:00:00+00:00,78,62.285714285714285,41.96666666666667,1.4841711108589584
2022-02-11 00:00:00+00:00,85,69.28571428571429,42.333333333333336,1.6366704161979753
2022-02-12 00:00:00+00:00,47,70.28571428571429,40.666666666666664,1.728337236533958
2022-02-13 00:00:00+00:00,39,65.71428571428571,38.833333333333336,1.6922133660331082
2022-02-14 00:00:00+00:00,27,61.42857142857143,37.03333333333333,1.658737302301659
2022-02-15 00:00:00+00:00,47,57.285714285714285,36.4,1.5737833594976451
2022-02-16 00:00:00+00:00,78,57.285714285714285,36.06666666666667,1.5883284922101926
2022-02-17 00:00:00+00:00,56,54.142857142857146,35.43333333333333,1.528020427361914
2022-02-18 00:00:00+00:00,27,45.857142857142854,34.43333333333333,1.3317660074678468
2022-02-19 00:00:00+00:00,20,42.0,34.93333333333333,1.202290076335878
2022-02-20 00:00:00+00:00,21,39.42857142857143,35.6,1.1075441412520064
2022-02-21 00:00:00+00:00,10,37.0,35.93333333333333,1.0296846011131726
2022-02-22 00:00:00+00:00,11,31.857142857142858,36.266666666666666,0.8784138655462185
2022-02-23 00:00:00+00:00,9,22.0,36.36666666666667,0.6049495875343721
2022-02-24 00:00:00+00:00,8,15.142857142857142,36.3,0.4171585989767808
2022-02-25 00:00:00+00:00,13,13.142857142857142,35.63333333333333,0.3688360283308833
2022-02-26 00:00:00+00:00,45,16.714285714285715,36.46666666666667,0.45834421519979107
2022-02-27 00:00:00+00:00,91,26.714285714285715,39.0,0.684981684981685
2022-02-28 00:00:00+00:00,97,39.142857142857146,41.8,0.9364319890635682
2022-03-01 00:00:00+00:00,45,44.0,43.0,1.0232558139534884
2022-03-02 00:00:00+00:00,43,48.857142857142854,44.166666666666664,1.106199460916442
2022-03-03 00:00:00+00:00,36,52.857142857142854,44.93333333333333,1.1763459092835948
2022-03-04 00:00:00+00:00,44,57.285714285714285,45.46666666666667,1.2599497276916631
2022-03-05 00:00:00+00:00,75,61.57142857142857,47.0,1.310030395136778
2022-03-06 00:00:00+00:00,27,52.42857142857143,46.7,1.1226674824105232
2022-03-07 00:00:00+00:00,18,41.142857142857146,45.96666666666667,0.8950585310266239
2022-03-08 00:00:00+00:00,3,35.142857142857146,43.7,0.8041843739784243
2022-03-09 00:00:00+00:00,4,29.571428571428573,41.93333333333333,0.7052009993186464
2022-03-10 00:00:00+00:00,9,25.714285714285715,39.7,0.647715005397625
2022-03-11 00:00:00+00:00,74,30.0,39.56666666666667,0.7582139848357202
2022-03-12 00:00:00+00:00,100,33.57142857142857,40.3,0.8330379298121233
2022-03-13 00:00:00+00:00,12,31.428571428571427,37.86666666666667,0.8299798792756539
2022-03-14 00:00:00+00:00,37,34.142857142857146,37.53333333333333,0.9096675970565847
2022-03-15 00:00:00+00:00,15,35.857142857142854,36.733333333333334,0.9761472647135078
2022-03-16 00:00:00+00:00,13,37.142857142857146,36.266666666666666,1.0241596638655464
2022-03-17 00:00:00+00:00,35,40.857142857142854,35.86666666666667,1.1391396707381836
2022-03-18 00:00:00+00:00,45,36.714285714285715,34.766666666666666,1.056019723325572
2022-03-19 00:00:00+00:00,56,30.428571428571427,34.766666666666666,0.8752225722503767
2022-03-20 00:00:00+00:00,41,34.57142857142857,35.233333333333334,0.9812136775239897
2022-03-21 00:00:00+00:00,47,36.0,36.13333333333333,0.996309963099631
2022-03-22 00:00:00+00:00,44,40.142857142857146,36.9,1.0878823073945025
2022-03-23 00:00:00+00:00,32,42.857142857142854,37.63333333333333,1.1388080475768694
2022-03-24 00:00:00+00:00,30,42.142857142857146,38.266666666666666,1.1012941762070683
2022-03-25 00:00:00+00:00,51,43.0,39.666666666666664,1.0840336134453783
2022-03-26 00:00:00+00:00,79,46.285714285714285,42.03333333333333,1.1011668743627507
2022-03-27 00:00:00+00:00,83,52.285714285714285,44.36666666666667,1.1784909305570461
2022-03-28 00:00:00+00:00,92,58.714285714285715,45.93333333333333,1.2782500518349575
2022-03-29 00:00:00+00:00,98,66.42857142857143,46.166666666666664,1.438886023723569
2022-03-30 00:00:00+00:00,99,76.0,46.233333333333334,1.643835616438356
2022-03-31 00:00:00+00:00,97,85.57142857142857,47.96666666666667,1.7839769681326316
2022-04-01 00:00:00+00:00,96,92.0,49.733333333333334,1.8498659517426272
2022-04-02 00:00:00+00:00,15,82.85714285714286,49.03333333333333,1.6898125667670196
2022-04-03 00:00:00+00:00,12,72.71428571428571,47.96666666666667,1.5159336841060258
2022-04-04 00:00:00+00:00,73,70.0,47.9,1.4613778705636744
2022-04-05 00:00:00+00:00,42,62.0,48.4,1.28099173553719
2022-04-06 00:00:00+00:00,36,53.0,49.0,1.0816326530612246
2022-04-07 00:00:00+00:00,39,44.714285714285715,50.2,0.8907228229937393
2022-04-08 00:00:00+00:00,25,34.57142857142857,50.9,0.679202918888577
2022-04-09 00:00:00+00:00,30,36.714285714285715,51.6,0.7115171650055371
2022-04-10 00:00:00+00:00,15,37.142857142857146,49.63333333333333,0.7483450062362085
2022-04-11 00:00:00+00:00,18,29.285714285714285,46.9,0.6244288760280231
2022-04-12 00:00:00+00:00,15,25.428571428571427,47.0,0.541033434650456
2022-04-13 00:00:00+00:00,21,23.285714285714285,46.46666666666667,0.5011272801803648
2022-04-14 00:00:00+00:00,22,20.857142857142858,46.7,0.446619761394922
2022-04-15 00:00:00+00:00,50,24.428571428571427,47.93333333333333,0.5096363997615736
2022-04-16 00:00:00+00:00,67,29.714285714285715,49.0,0.6064139941690962
2022-04-17 00:00:00+00:00,50,34.714285714285715,49.166666666666664,0.7060532687651332
2022-04-18 00:00:00+00:00,24,35.57142857142857,48.1,0.7395307395307394
2022-04-19 00:00:00+00:00,23,36.714285714285715,47.5,0.7729323308270677
2022-04-20 00:00:00+00:00,39,39.285714285714285,47.233333333333334,0.8317370702691803
2022-04-21 00:00:00+00:00,49,43.142857142857146,47.4,0.9101868595539483
2022-04-22 00:00:00+00:00,62,44.857142857142854,48.4,0.9268004722550177
2022-04-23 00:00:00+00:00,95,48.857142857142854,50.56666666666667,0.9661926735097466
2022-04-24 00:00:00+00:00,66,51.142857142857146,51.06666666666667,1.0014919806042522
2022-04-25 00:00:00+00:00,59,56.142857142857146,50.4,1.1139455782312926
2022-04-26 00:00:00+00:00,19,55.57142857142857,48.266666666666666,1.1513417521704814
2022-04-27 00:00:00+00:00,19,52.714285714285715,45.833333333333336,1.1501298701298701
2022-04-28 00:00:00+00:00,21,48.714285714285715,43.266666666666666,1.12590799031477
2022-04-29 00:00:00+00:00,37,45.142857142857146,41.2,1.0957004160887656
2022-04-30 00:00:00+00:00,20,34.42857142857143,38.63333333333333,0.8911623320596574
2022-05-01 00:00:00+00:00,9,26.285714285714285,35.733333333333334,0.7356076759061834
2022-05-02 00:00:00+00:00,7,18.857142857142858,35.46666666666667,0.5316863587540279
2022-05-03 00:00:00+00:00,17,18.571428571428573,35.63333333333333,0.521181344380596
2022-05-04 00:00:00+00:00,18,18.428571428571427,33.8,0.5452240067624683
2022-05-05 00:00:00+00:00,10,16.857142857142858,32.733333333333334,0.5149839976723887
2022-05-06 00:00:00+00:00,4,12.142857142857142,31.666666666666668,0.38345864661654133
2022-05-07 00:00:00+00:00,2,9.571428571428571,30.433333333333334,0.31450477233609764
2022-05-08 00:00:00+00:00,0,8.285714285714286,29.6,0.2799227799227799
2022-05-09 00:00:00+00:00,1,7.428571428571429,28.633333333333333,0.25943788458340267
2022-05-10 00:00:00+00:00,0,5.0,28.133333333333333,0.17772511848341233
2022-05-11 00:00:00+00:00,1,2.5714285714285716,27.566666666666666,0.09328035930212472
2022-05-12 00:00:00+00:00,1,1.2857142857142858,27.1,0.047443331576172906
2022-05-13 00:00:00+00:00,2,1.0,26.466666666666665,0.037783375314861464
2022-05-14 00:00:00+00:00,4,1.2857142857142858,25.866666666666667,0.049705449189985276
2022-05-15 00:00:00+00:00,1,1.4285714285714286,24.233333333333334,0.05895067793279623
2022-05-16 00:00:00+00:00,2,1.5714285714285714,22.066666666666666,0.07121277514026758
2022-05-17 00:00:00+00:00,2,1.8571428571428572,20.466666666666665,0.09073987901349466
2022-05-18 00:00:00+00:00,2,2.0,19.733333333333334,0.10135135135135134
2022-05-19 00:00:00+00:00,2,2.142857142857143,19.033333333333335,0.11258443832874655
2022-05-20 00:00:00+00:00,2,2.142857142857143,17.8,0.1203852327447833
2022-05-21 00:00:00+00:00,4,2.142857142857143,16.3,0.13146362839614373
2022-05-22 00:00:00+00:00,3,2.4285714285714284,14.333333333333334,0.16943521594684383
2022-05-23 00:00:00+00:00,5,2.857142857142857,11.333333333333334,0.25210084033613445
2022-05-24 00:00:00+00:00,6,3.4285714285714284,9.333333333333334,0.36734693877551017
2022-05-25 00:00:00+00:00,2,3.4285714285714284,7.433333333333334,0.46124279308135807
2022-05-26 00:00:00+00:00,0,3.142857142857143,6.8,0.46218487394957986
2022-05-27 00:00:00+00:00,0,2.857142857142857,6.166666666666667,0.4633204633204633
2022-05-28 00:00:00+00:00,1,2.4285714285714284,5.5,0.44155844155844154
2022-05-29 00:00:00+00:00,2,2.2857142857142856,4.333333333333333,0.5274725274725275
2022-05-30 00:00:00+00:00,7,2.5714285714285716,3.9,0.6593406593406594
2022-05-31 00:00:00+00:00,7,2.7142857142857144,3.8333333333333335,0.7080745341614907
2022-06-01 00:00:00+00:00,7,3.4285714285714284,3.8333333333333335,0.8944099378881987
2022-06-02 00:00:00+00:00,6,4.285714285714286,3.466666666666667,1.236263736263736
2022-06-03 00:00:00+00:00,7,5.285714285714286,3.1,1.705069124423963
2022-06-04 00:00:00+00:00,5,5.857142857142857,2.933333333333333,1.9967532467532467
2022-06-05 00:00:00+00:00,7,6.571428571428571,3.033333333333333,2.1664050235478807
2022-06-06 00:00:00+00:00,5,6.285714285714286,3.1333333333333333,2.0060790273556233
2022-06-07 00:00:00+00:00,7,6.285714285714286,3.3666666666666667,1.867043847241867
2022-06-08 00:00:00+00:00,6,6.142857142857143,3.533333333333333,1.7385444743935312
2022-06-09 00:00:00+00:00,2,5.571428571428571,3.6,1.5476190476190474
2022-06-10 00:00:00+00:00,1,4.714285714285714,3.6,1.3095238095238095
2022-06-11 00:00:00+00:00,0,4.0,3.566666666666667,1.1214953271028036
2022-06-12 00:00:00+00:00,0,3.0,3.5,0.8571428571428571
2022-06-13 00:00:00+00:00,0,2.2857142857142856,3.3666666666666667,0.6789250353606788
2022-06-14 00:00:00+00:00,1,1.4285714285714286,3.3666666666666667,0.4243281471004243
2022-06-15 00:00:00+00:00,1,0.7142857142857143,3.3333333333333335,0.21428571428571427
2022-06-16 00:00:00+00:00,2,0.7142857142857143,3.3333333333333335,0.21428571428571427
2022-06-17 00:00:00+00:00,3,1.0,3.3666666666666667,0.297029702970297
2022-06-18 00:00:00+00:00,1,1.1428571428571428,3.3333333333333335,0.3428571428571428
2022-06-19 00:00:00+00:00,0,1.1428571428571428,3.2666666666666666,0.3498542274052478
2022-06-20 00:00:00+00:00,2,1.4285714285714286,3.2,0.4464285714285714
2022-06-21 00:00:00+00:00,4,1.8571428571428572,3.2333333333333334,0.5743740795287187
2022-06-22 00:00:00+00:00,3,2.142857142857143,3.1666666666666665,0.6766917293233082
2022-06-23 00:00:00+00:00,3,2.2857142857142856,3.066666666666667,0.7453416149068323
2022-06-24 00:00:00+00:00,5,2.5714285714285716,3.1666666666666665,0.81203007518797
2022-06-25 00:00:00+00:00,7,3.4285714285714284,3.4,1.0084033613445378
2022-06-26 00:00:00+00:00,20,6.285714285714286,4.066666666666666,1.5456674473067917
2022-06-27 00:00:00+00:00,2,6.285714285714286,4.1,1.5331010452961673
2022-06-28 00:00:00+00:00,9,7.0,4.333333333333333,1.6153846153846154
2022-06-29 00:00:00+00:00,2,6.857142857142857,4.166666666666667,1.6457142857142855
2022-06-30 00:00:00+00:00,1,6.571428571428571,3.966666666666667,1.6566626650660263
2022-07-01 00:00:00+00:00,2,6.142857142857143,3.8,1.6165413533834587
2022-07-02 00:00:00+00:00,6,6.0,3.8,1.5789473684210527
2022-07-03 00:00:00+00:00,4,3.7142857142857144,3.7,1.0038610038610039
2022-07-04 00:00:00+00:00,13,5.285714285714286,3.966666666666667,1.332533013205282
2022-07-05 00:00:00+00:00,18,6.571428571428571,4.333333333333333,1.5164835164835164
2022-07-06 00:00:00+00:00,19,9.0,4.8,1.875
2022-07-07 00:00:00+00:00,17,11.285714285714286,5.133333333333334,2.198515769944341
2022-07-08 00:00:00+00:00,20,13.857142857142858,5.6,2.4744897959183674
2022-07-09 00:00:00+00:00,21,16.0,6.233333333333333,2.5668449197860963
2022-07-10 00:00:00+00:00,22,18.571428571428573,6.933333333333334,2.678571428571429
2022-07-11 00:00:00+00:00,18,19.285714285714285,7.533333333333333,2.5600505689001265
2022-07-12 00:00:00+00:00,12,18.428571428571427,7.933333333333334,2.322929171668667
2022-07-13 00:00:00+00:00,13,17.571428571428573,8.366666666666667,2.100170745589072
2022-07-14 00:00:00+00:00,17,17.571428571428573,8.9,1.9743178170144464
2022-07-15 00:00:00+00:00,20,17.571428571428573,9.533333333333333,1.8431568431568432
2022-07-16 00:00:00+00:00,20,17.428571428571427,10.133333333333333,1.7199248120300752
2022-07-17 00:00:00+00:00,16,16.571428571428573,10.566666666666666,1.5682739972960795
2022-07-18 00:00:00+00:00,10,15.428571428571429,10.866666666666667,1.4198071866783524
2022-07-19 00:00:00+00:00,7,14.714285714285714,11.1,1.3256113256113256
2022-07-20 00:00:00+00:00,15,15.0,11.533333333333333,1.300578034682081
2022-07-21 00:00:00+00:00,20,15.428571428571429,12.066666666666666,1.2786108918705603
2022-07-22 00:00:00+00:00,24,16.0,12.766666666666667,1.2532637075718014
2022-07-23 00:00:00+00:00,23,16.428571428571427,13.433333333333334,1.2229705778092874
2022-07-24 00:00:00+00:00,21,17.142857142857142,13.966666666666667,1.2274122059324923
2022-07-25 00:00:00+00:00,21,18.714285714285715,14.433333333333334,1.2966017815902342
2022-07-26 00:00:00+00:00,22,20.857142857142858,14.5,1.438423645320197
2022-07-27 00:00:00+00:00,24,22.142857142857142,15.233333333333333,1.4535792435135981
2022-07-28 00:00:00+00:00,21,22.285714285714285,15.633333333333333,1.4255254340542187
2022-07-29 00:00:00+00:00,19,21.571428571428573,16.2,1.3315696649029984
2022-07-30 00:00:00+00:00,17,20.714285714285715,16.733333333333334,1.2379055207740466
2022-07-31 00:00:00+00:00,20,20.571428571428573,17.333333333333332,1.186813186813187
2022-08-01 00:00:00+00:00,21,20.571428571428573,17.833333333333332,1.1535380507343125
2022-08-02 00:00:00+00:00,17,19.857142857142858,18.266666666666666,1.0870698644421273
2022-08-03 00:00:00+00:00,17,18.857142857142858,18.4,1.0248447204968945
2022-08-04 00:00:00+00:00,21,18.857142857142858,18.5,1.0193050193050193
2022-08-05 00:00:00+00:00,25,19.714285714285715,18.7,1.0542398777692896
2022-08-06 00:00:00+00:00,28,21.285714285714285,19.066666666666666,1.1163836163836163
2022-08-07 00:00:00+00:00,33,23.142857142857142,19.5,1.1868131868131868
2022-08-08 00:00:00+00:00,27,24.0,19.7,1.218274111675127
2022-08-09 00:00:00+00:00,27,25.428571428571427,19.866666666666667,1.2799616490891657
2022-08-10 00:00:00+00:00,25,26.571428571428573,20.1,1.3219616204690832
2022-08-11 00:00:00+00:00,22,26.714285714285715,20.433333333333334,1.3073875553484036
2022-08-12 00:00:00+00:00,24,26.571428571428573,20.8,1.2774725274725276
2022-08-13 00:00:00+00:00,13,24.428571428571427,20.666666666666668,1.1820276497695852
2022-08-14 00:00:00+00:00,19,22.428571428571427,20.633333333333333,1.0870066928225248
2022-08-15 00:00:00+00:00,21,21.571428571428573,20.666666666666668,1.043778801843318
2022-08-16 00:00:00+00:00,31,22.142857142857142,21.166666666666668,1.046119235095613
2022-08-17 00:00:00+00:00,27,22.428571428571427,21.733333333333334,1.0319894829097283
2022-08-18 00:00:00+00:00,19,22.0,22.133333333333333,0.9939759036144579
2022-08-19 00:00:00+00:00,7,19.571428571428573,21.866666666666667,0.8950348432055749
2022-08-20 00:00:00+00:00,6,18.571428571428573,21.4,0.8678237650200268
2022-08-21 00:00:00+00:00,6,16.714285714285715,20.8,0.8035714285714286
2022-08-22 00:00:00+00:00,10,15.142857142857142,20.366666666666667,0.7435118073415945
2022-08-23 00:00:00+00:00,22,13.857142857142858,20.4,0.6792717086834734
2022-08-24 00:00:00+00:00,21,13.0,20.4,0.6372549019607844
2022-08-25 00:00:00+00:00,13,12.142857142857142,20.1,0.6041222459132907
2022-08-26 00:00:00+00:00,8,12.285714285714286,19.566666666666666,0.6278899975663179
2022-08-27 00:00:00+00:00,7,12.428571428571429,19.1,0.6507105459985041
2022-08-28 00:00:00+00:00,19,14.285714285714286,19.1,0.7479431563201197
2022-08-29 00:00:00+00:00,24,16.285714285714285,19.333333333333332,0.8423645320197044
2022-08-30 00:00:00+00:00,30,17.428571428571427,19.666666666666668,0.8861985472154963
2022-08-31 00:00:00+00:00,22,17.571428571428573,19.7,0.8919506889050037
2022-09-01 00:00:00+00:00,21,18.714285714285715,19.833333333333332,0.9435774309723891
2022-09-02 00:00:00+00:00,15,19.714285714285715,19.766666666666666,0.9973500361358709
2022-09-03 00:00:00+00:00,23,22.0,19.833333333333332,1.1092436974789917
2022-09-04 00:00:00+00:00,22,22.428571428571427,19.733333333333334,1.1365830115830116
2022-09-05 00:00:00+00:00,25,22.571428571428573,19.633333333333333,1.1496483143342227
2022-09-06 00:00:00+00:00,22,21.428571428571427,19.266666666666666,1.1122095897182402
2022-09-07 00:00:00+00:00,25,21.857142857142858,19.2,1.1383928571428572
2022-09-08 00:00:00+00:00,27,22.714285714285715,19.2,1.1830357142857144
2022-09-09 00:00:00+00:00,34,25.428571428571427,19.5,1.304029304029304
2022-09-10 00:00:00+00:00,31,26.571428571428573,19.8,1.341991341991342
2022-09-11 00:00:00+00:00,25,27.0,19.833333333333332,1.361344537815126
2022-09-12 00:00:00+00:00,22,26.571428571428573,20.133333333333333,1.3197729422894986
2022-09-13 00:00:00+00:00,12,25.142857142857142,19.9,1.2634601579325198
2022-09-14 00:00:00+00:00,13,23.428571428571427,19.633333333333333,1.193305845258307
2022-09-15 00:00:00+00:00,8,20.714285714285715,18.866666666666667,1.0979303382130237
2022-09-16 00:00:00+00:00,10,17.285714285714285,18.3,0.9445745511319281
2022-09-17 00:00:00+00:00,9,14.142857142857142,17.966666666666665,0.7871720116618076
2022-09-18 00:00:00+00:00,10,12.0,18.066666666666666,0.6642066420664207
2022-09-19 00:00:00+00:00,9,10.142857142857142,18.166666666666668,0.5583224115334207
2022-09-20 00:00:00+00:00,7,9.428571428571429,18.2,0.5180533751962324
2022-09-21 00:00:00+00:00,8,8.714285714285714,18.133333333333333,0.48056722689075626
2022-09-22 00:00:00+00:00,10,9.0,17.733333333333334,0.5075187969924811
2022-09-23 00:00:00+00:00,22,10.714285714285714,17.766666666666666,0.6030554811042615
2022-09-24 00:00:00+00:00,20,12.285714285714286,18.0,0.6825396825396826
2022-09-25 00:00:00+00:00,29,15.0,18.7,0.8021390374331551
2022-09-26 00:00:00+00:00,30,18.0,19.466666666666665,0.9246575342465754
2022-09-27 00:00:00+00:00,36,22.142857142857142,20.033333333333335,1.1053006893273114
2022-09-28 00:00:00+00:00,35,26.0,20.4,1.2745098039215688
2022-09-29 00:00:00+00:00,30,28.857142857142858,20.4,1.4145658263305323
2022-09-30 00:00:00+00:00,30,30.0,20.666666666666668,1.4516129032258063
2022-10-01 00:00:00+00:00,31,31.571428571428573,21.0,1.5034013605442178
2022-10-02 00:00:00+00:00,43,33.57142857142857,21.933333333333334,1.530612244897959
2022-10-03 00:00:00+00:00,44,35.57142857142857,22.633333333333333,1.571638964864296
2022-10-04 00:00:00+00:00,46,37.0,23.433333333333334,1.5789473684210527
2022-10-05 00:00:00+00:00,36,37.142857142857146,23.8,1.5606242496998801
2022-10-06 00:00:00+00:00,38,38.285714285714285,24.333333333333332,1.5733855185909982
2022-10-07 00:00:00+00:00,31,38.42857142857143,24.533333333333335,1.5663819875776397
2022-10-08 00:00:00+00:00,43,40.142857142857146,25.066666666666666,1.6014437689969607
2022-10-09 00:00:00+00:00,30,38.285714285714285,24.933333333333334,1.5355233002291826
2022-10-10 00:00:00+00:00,30,36.285714285714285,24.9,1.4572576018359151
2022-10-11 00:00:00+00:00,18,32.285714285714285,24.666666666666668,1.3088803088803087
2022-10-12 00:00:00+00:00,9,28.428571428571427,24.233333333333334,1.1731184908626449
2022-10-13 00:00:00+00:00,10,24.428571428571427,24.166666666666668,1.0108374384236452
2022-10-14 00:00:00+00:00,10,21.428571428571427,24.066666666666666,0.890383854372774
2022-10-15 00:00:00+00:00,24,18.714285714285715,24.6,0.7607433217189314
2022-10-16 00:00:00+00:00,26,18.142857142857142,25.133333333333333,0.7218643425539977
2022-10-17 00:00:00+00:00,27,17.714285714285715,25.733333333333334,0.688378978534419
2022-10-18 00:00:00+00:00,30,19.428571428571427,26.4,0.7359307359307359
2022-10-19 00:00:00+00:00,42,24.142857142857142,27.5,0.8779220779220779
2022-10-20 00:00:00+00:00,24,26.142857142857142,28.066666666666666,0.9314557176789956
2022-10-21 00:00:00+00:00,18,27.285714285714285,28.4,0.9607645875251509
2022-10-22 00:00:00+00:00,18,26.428571428571427,28.666666666666668,0.9219269102990032
2022-10-23 00:00:00+00:00,40,28.428571428571427,29.266666666666666,0.9713634884477709
2022-10-24 00:00:00+00:00,32,29.142857142857142,29.666666666666668,0.9823434991974317
2022-10-25 00:00:00+00:00,36,30.0,29.9,1.0033444816053512
2022-10-26 00:00:00+00:00,34,28.857142857142858,30.033333333333335,0.9608371650547011
2022-10-27 00:00:00+00:00,36,30.571428571428573,30.033333333333335,1.017916600602505
2022-10-28 00:00:00+00:00,28,32.0,29.8,1.0738255033557047
2022-10-29 00:00:00+00:00,28,33.42857142857143,29.733333333333334,1.1242793081358105
2022-10-30 00:00:00+00:00,38,33.142857142857146,30.0,1.1047619047619048
2022-10-31 00:00:00+00:00,48,35.42857142857143,30.566666666666666,1.1590590434647141
2022-11-01 00:00:00+00:00,44,36.57142857142857,30.6,1.1951447245564892
2022-11-02 00:00:00+00:00,38,37.142857142857146,30.4,1.2218045112781957
2022-11-03 00:00:00+00:00,31,36.42857142857143,29.9,1.2183468705207836
2022-11-04 00:00:00+00:00,36,37.57142857142857,29.9,1.2565695174390827
2022-11-05 00:00:00+00:00,50,40.714285714285715,30.3,1.3437057991513437
2022-11-06 00:00:00+00:00,5,36.0,29.433333333333334,1.2231030577576443
2022-11-07 00:00:00+00:00,12,30.857142857142858,28.4,1.0865191146881288
2022-11-08 00:00:00+00:00,5,25.285714285714285,27.566666666666666,0.917256866470893
2022-11-09 00:00:00+00:00,4,20.428571428571427,26.7,0.7651150347779561
2022-11-10 00:00:00+00:00,18,18.571428571428573,26.7,0.6955591225254147
2022-11-11 00:00:00+00:00,53,21.0,28.166666666666668,0.7455621301775147
2022-11-12 00:00:00+00:00,22,17.0,28.566666666666666,0.5950991831971996
2022-11-13 00:00:00+00:00,12,18.0,28.633333333333333,0.6286379511059371
2022-11-14 00:00:00+00:00,8,17.428571428571427,28.1,0.6202338586680223
2022-11-15 00:00:00+00:00,17,19.142857142857142,27.8,0.6885919835560123
2022-11-16 00:00:00+00:00,12,20.285714285714285,27.3,0.7430664573521716
2022-11-17 00:00:00+00:00,16,20.0,26.833333333333332,0.7453416149068324
2022-11-18 00:00:00+00:00,12,14.142857142857142,25.833333333333332,0.5474654377880185
2022-11-19 00:00:00+00:00,8,12.142857142857142,25.3,0.4799548277809147
2022-11-20 00:00:00+00:00,1,10.571428571428571,24.733333333333334,0.42741624951867535
2022-11-21 00:00:00+00:00,1,9.571428571428571,24.166666666666668,0.3960591133004926
2022-11-22 00:00:00+00:00,2,7.428571428571429,22.9,0.3243917654398004
2022-11-23 00:00:00+00:00,3,6.142857142857143,21.933333333333334,0.28006947459834997
2022-11-24 00:00:00+00:00,65,13.142857142857142,22.9,0.5739238927011853
2022-11-25 00:00:00+00:00,58,19.714285714285715,23.7,0.8318264014466547
2022-11-26 00:00:00+00:00,64,27.714285714285715,24.633333333333333,1.1250724917842645
2022-11-27 00:00:00+00:00,54,35.285714285714285,25.5,1.3837535014005602
2022-11-28 00:00:00+00:00,47,41.857142857142854,26.133333333333333,1.60167638483965
2022-11-29 00:00:00+00:00,53,49.142857142857146,26.633333333333333,1.8451635973538354
2022-11-30 00:00:00+00:00,59,57.142857142857146,27.0,2.1164021164021167
2022-12-01 00:00:00+00:00,80,59.285714285714285,28.2,2.1023302938196555
2022-12-02 00:00:00+00:00,68,60.714285714285715,29.2,2.079256360078278
2022-12-03 00:00:00+00:00,62,60.42857142857143,30.233333333333334,1.9987399590486692
2022-12-04 00:00:00+00:00,51,60.0,30.733333333333334,1.9522776572668112
2022-12-05 00:00:00+00:00,50,60.42857142857143,30.733333333333334,1.96622249767586
2022-12-06 00:00:00+00:00,51,60.142857142857146,32.266666666666666,1.8639315230224323
2022-12-07 00:00:00+00:00,56,59.714285714285715,33.733333333333334,1.7701863354037266
2022-12-08 00:00:00+00:00,56,56.285714285714285,35.43333333333333,1.5884961698696414
2022-12-09 00:00:00+00:00,56,54.57142857142857,37.166666666666664,1.4682895579756567
2022-12-10 00:00:00+00:00,60,54.285714285714285,38.56666666666667,1.4075811828620817
2022-12-11 00:00:00+00:00,59,55.42857142857143,38.766666666666666,1.4297997788969414
2022-12-12 00:00:00+00:00,61,57.0,40.06666666666667,1.422628951747088
2022-12-13 00:00:00+00:00,55,57.57142857142857,41.5,1.387263339070568
2022-12-14 00:00:00+00:00,67,59.142857142857146,43.46666666666667,1.3606485539000877
2022-12-15 00:00:00+00:00,65,60.42857142857143,45.06666666666667,1.3408706677937448
2022-12-16 00:00:00+00:00,65,61.714285714285715,46.833333333333336,1.3177427554651753
2022-12-17 00:00:00+00:00,49,60.142857142857146,47.93333333333333,1.254718855553348
2022-12-18 00:00:00+00:00,58,60.0,49.46666666666667,1.2129380053908356
2022-12-19 00:00:00+00:00,59,59.714285714285715,51.166666666666664,1.1670544439274082
2022-12-20 00:00:00+00:00,69,61.714285714285715,53.43333333333333,1.1549772747526958
2022-12-21 00:00:00+00:00,56,60.142857142857146,55.266666666666666,1.0882302257453043
2022-12-22 00:00:00+00:00,54,58.57142857142857,57.0,1.0275689223057645
2022-12-23 00:00:00+00:00,62,58.142857142857146,58.96666666666667,0.9860292336267463
2022-12-24 00:00:00+00:00,62,60.0,58.86666666666667,1.0192525481313703
2022-12-25 00:00:00+00:00,62,60.57142857142857,59.0,1.026634382566586
2022-12-26 00:00:00+00:00,48,59.0,58.46666666666667,1.009122006841505
2022-12-27 00:00:00+00:00,41,55.0,58.03333333333333,0.9477311889718553
2022-12-28 00:00:00+00:00,39,52.57142857142857,57.766666666666666,0.910065122413651
2022-12-29 00:00:00+00:00,46,51.42857142857143,57.53333333333333,0.8938917397781825
2022-12-30 00:00:00+00:00,62,51.42857142857143,57.63333333333333,0.8923407419648022
2022-12-31 00:00:00+00:00,72,52.857142857142854,57.36666666666667,0.9213912177305552
2023-01-01 00:00:00+00:00,70,54.0,57.43333333333333,0.9402205455600697
2023-01-02 00:00:00+00:00,50,54.285714285714285,57.03333333333333,0.9518243299657677
2023-01-03 00:00:00+00:00,43,54.57142857142857,56.766666666666666,0.9613287475882896
2023-01-04 00:00:00+00:00,57,57.142857142857146,57.0,1.0025062656641603
2023-01-05 00:00:00+00:00,57,58.714285714285715,57.2,1.0264735264735265
2023-01-06 00:00:00+00:00,77,60.857142857142854,57.9,1.0510732790525537
2023-01-07 00:00:00+00:00,72,60.857142857142854,58.43333333333333,1.041479911987613
2023-01-08 00:00:00+00:00,69,60.714285714285715,58.86666666666667,1.0313865070376962
2023-01-09 00:00:00+00:00,60,62.142857142857146,58.86666666666667,1.0556544248503479
2023-01-10 00:00:00+00:00,72,66.28571428571429,59.3,1.1178029390508313
2023-01-11 00:00:00+00:00,72,68.42857142857143,59.666666666666664,1.1468475658419792
2023-01-12 00:00:00+00:00,74,70.85714285714286,60.3,1.1750769959725185
2023-01-13 00:00:00+00:00,68,69.57142857142857,60.333333333333336,1.1531176006314128
2023-01-14 00:00:00+00:00,74,69.85714285714286,60.63333333333333,1.1521244011623342
2023-01-15 00:00:00+00:00,82,71.71428571428571,61.2,1.1718020541549952
2023-01-16 00:00:00+00:00,82,74.85714285714286,62.3,1.2015592753955515
2023-01-17 00:00:00+00:00,81,76.14285714285714,63.06666666666667,1.2073391724554514
2023-01-18 00:00:00+00:00,78,77.0,63.7,1.2087912087912087
2023-01-19 00:00:00+00:00,77,77.42857142857143,63.96666666666667,1.2104518722548947
2023-01-20 00:00:00+00:00,94,81.14285714285714,65.23333333333333,1.2438864150667932
2023-01-21 00:00:00+00:00,96,84.28571428571429,66.63333333333334,1.2649181733724004
2023-01-22 00:00:00+00:00,97,86.42857142857143,67.8,1.2747576906868943
2023-01-23 00:00:00+00:00,88,87.28571428571429,68.66666666666667,1.2711511789181693
2023-01-24 00:00:00+00:00,77,86.71428571428571,69.16666666666667,1.2537005163511186
2023-01-25 00:00:00+00:00,78,86.71428571428571,70.16666666666667,1.2358330505598913
2023-01-26 00:00:00+00:00,87,88.14285714285714,71.7,1.2293285515042836
2023-01-27 00:00:00+00:00,92,87.85714285714286,73.46666666666667,1.1958776250972258
2023-01-28 00:00:00+00:00,81,85.71428571428571,74.63333333333334,1.1484718943405856
2023-01-29 00:00:00+00:00,81,83.42857142857143,75.26666666666667,1.1084398329748197
2023-01-30 00:00:00+00:00,91,83.85714285714286,75.9,1.1048371917937134
2023-01-31 00:00:00+00:00,94,86.28571428571429,76.7,1.1249767181970571
2023-02-01 00:00:00+00:00,84,87.14285714285714,77.83333333333333,1.1196084429489142
2023-02-02 00:00:00+00:00,87,87.14285714285714,79.3,1.098901098901099
2023-02-03 00:00:00+00:00,81,85.57142857142857,80.1,1.068307472801855
2023-02-04 00:00:00+00:00,79,85.28571428571429,80.83333333333333,1.055081001472754
2023-02-05 00:00:00+00:00,87,86.14285714285714,81.16666666666667,1.061308301554708
2023-02-06 00:00:00+00:00,97,87.0,82.0,1.0609756097560976
2023-02-07 00:00:00+00:00,96,87.28571428571429,82.9,1.0529036705152508
2023-02-08 00:00:00+00:00,94,88.71428571428571,84.03333333333333,1.05570351901173
2023-02-09 00:00:00+00:00,85,88.42857142857143,84.46666666666667,1.0469049498252339
2023-02-10 00:00:00+00:00,79,88.14285714285714,84.7,1.0406476640242872
2023-02-11 00:00:00+00:00,69,86.71428571428571,84.53333333333333,1.0257999098693105
2023-02-12 00:00:00+00:00,75,85.0,84.76666666666667,1.0027526543452616
2023-02-13 00:00:00+00:00,73,81.57142857142857,84.73333333333333,0.9626840508036416
2023-02-14 00:00:00+00:00,78,79.0,84.6,0.933806146572104
2023-02-15 00:00:00+00:00,71,75.71428571428571,84.23333333333333,0.8988637006048956
2023-02-16 00:00:00+00:00,68,73.28571428571429,83.8,0.8745311967269009
2023-02-17 00:00:00+00:00,75,72.71428571428571,83.7,0.8687489332650622
2023-02-18 00:00:00+00:00,79,74.14285714285714,83.76666666666667,0.8851117048490705
2023-02-19 00:00:00+00:00,86,75.71428571428571,83.5,0.9067579127459366
2023-02-20 00:00:00+00:00,56,73.28571428571429,82.16666666666667,0.891915386844393
2023-02-21 00:00:00+00:00,52,69.57142857142857,80.66666666666667,0.8624557260920896
2023-02-22 00:00:00+00:00,59,67.85714285714286,79.7,0.8514070621975265
2023-02-23 00:00:00+00:00,74,68.71428571428571,79.6,0.8632447954055994
2023-02-24 00:00:00+00:00,72,68.28571428571429,79.4,0.8600215905001799
2023-02-25 00:00:00+00:00,90,69.85714285714286,79.5,0.8787061994609165
2023-02-26 00:00:00+00:00,36,62.714285714285715,77.63333333333334,0.8078267803471753
2023-02-27 00:00:00+00:00,82,66.42857142857143,77.66666666666667,0.8553034947884733
2023-02-28 00:00:00+00:00,65,68.28571428571429,77.13333333333334,0.8852944808000988
2023-03-01 00:00:00+00:00,61,68.57142857142857,76.13333333333334,0.9006755066299724
2023-03-02 00:00:00+00:00,57,66.14285714285714,74.9,0.8830822048445546
2023-03-03 00:00:00+00:00,63,64.85714285714286,74.2,0.8740854832499038
2023-03-04 00:00:00+00:00,73,62.42857142857143,73.73333333333333,0.8466804443296306
2023-03-05 00:00:00+00:00,73,67.71428571428571,73.46666666666667,0.9217008037334715
2023-03-06 00:00:00+00:00,76,66.85714285714286,73.36666666666666,0.9112740961900436
2023-03-07 00:00:00+00:00,82,69.28571428571429,73.2,0.9465261514441843
2023-03-08 00:00:00+00:00,66,70.0,72.16666666666667,0.9699769053117783
2023-03-09 00:00:00+00:00,67,71.42857142857143,71.2,1.0032102728731942
2023-03-10 00:00:00+00:00,65,71.71428571428571,70.23333333333333,1.0210861753339209
2023-03-11 00:00:00+00:00,84,73.28571428571429,70.2,1.043956043956044
2023-03-12 00:00:00+00:00,81,74.42857142857143,70.26666666666667,1.0592301436703715
2023-03-13 00:00:00+00:00,88,76.14285714285714,70.9,1.0739472093491838
2023-03-14 00:00:00+00:00,86,76.71428571428571,71.26666666666667,1.076439930509154
2023-03-15 00:00:00+00:00,94,80.71428571428571,71.96666666666667,1.1215509825977634
2023-03-16 00:00:00+00:00,66,80.57142857142857,71.56666666666666,1.1258234080777165
2023-03-17 00:00:00+00:00,89,84.0,72.16666666666667,1.163972286374134
2023-03-18 00:00:00+00:00,91,85.0,72.93333333333334,1.1654478976234004
2023-03-19 00:00:00+00:00,92,86.57142857142857,73.5,1.1778425655976676
2023-03-20 00:00:00+00:00,90,86.85714285714286,73.86666666666666,1.175863847343992
2023-03-21 00:00:00+00:00,81,86.14285714285714,73.7,1.1688311688311688
2023-03-22 00:00:00+00:00,78,83.85714285714286,74.43333333333334,1.1266073827650183
2023-03-23 00:00:00+00:00,89,87.14285714285714,75.66666666666667,1.1516677155443673
2023-03-24 00:00:00+00:00,88,87.0,76.63333333333334,1.1352762070465419
2023-03-25 00:00:00+00:00,87,86.42857142857143,77.06666666666666,1.1214780029658924
2023-03-26 00:00:00+00:00,82,85.0,77.4,1.0981912144702841
2023-03-27 00:00:00+00:00,78,83.28571428571429,77.0,1.0816326530612246
2023-03-28 00:00:00+00:00,79,83.0,78.43333333333334,1.0582235444113897
2023-03-29 00:00:00+00:00,82,83.57142857142857,78.43333333333334,1.0655090765588002
2023-03-30 00:00:00+00:00,79,82.14285714285714,78.9,1.0411008509867825
2023-03-31 00:00:00+00:00,92,82.71428571428571,79.93333333333334,1.034790897176218
2023-04-01 00:00:00+00:00,97,84.14285714285714,81.26666666666667,1.035392007500293
2023-04-02 00:00:00+00:00,53,80.0,80.93333333333334,0.9884678747940692
2023-04-03 00:00:00+00:00,100,83.14285714285714,81.83333333333333,1.0160023276112888
2023-04-04 00:00:00+00:00,99,86.0,82.7,1.0399032648125754
2023-04-05 00:00:00+00:00,98,88.28571428571429,83.43333333333334,1.0581587808915016
2023-04-06 00:00:00+00:00,98,91.0,83.96666666666667,1.0837633981738786
2023-04-07 00:00:00+00:00,96,91.57142857142857,84.96666666666667,1.077733564983467
2023-04-08 00:00:00+00:00,86,90.0,85.6,1.0514018691588787
2023-04-09 00:00:00+00:00,88,95.0,86.36666666666666,1.0999614048629873
2023-04-10 00:00:00+00:00,91,93.71428571428571,86.6,1.0821511052457935
2023-04-11 00:00:00+00:00,98,93.57142857142857,87.16666666666667,1.0734771920240371
2023-04-12 00:00:00+00:00,87,92.0,87.13333333333334,1.0558530986993113
2023-04-13 00:00:00+00:00,83,89.85714285714286,87.03333333333333,1.0324451496416263
2023-04-14 00:00:00+00:00,85,88.28571428571429,86.73333333333333,1.0178983199736467
2023-04-15 00:00:00+00:00,87,88.42857142857143,87.43333333333334,1.0113828222863679
2023-04-16 00:00:00+00:00,90,88.71428571428571,87.46666666666667,1.01426393728223
2023-04-17 00:00:00+00:00,94,89.14285714285714,87.56666666666666,1.0179998912393278
2023-04-18 00:00:00+00:00,91,88.14285714285714,87.53333333333333,1.0069633336960069
2023-04-19 00:00:00+00:00,93,89.0,87.63333333333334,1.01559528337771
2023-04-20 00:00:00+00:00,78,88.28571428571429,87.53333333333333,1.0085953650310087
2023-04-21 00:00:00+00:00,78,87.28571428571429,87.53333333333333,0.9971711456859973
2023-04-22 00:00:00+00:00,86,87.14285714285714,87.43333333333334,0.9966777408637872
2023-04-23 00:00:00+00:00,83,86.14285714285714,87.26666666666667,0.9871221215759031
2023-04-24 00:00:00+00:00,88,85.28571428571429,87.3,0.9769268532155131
2023-04-25 00:00:00+00:00,91,85.28571428571429,87.6,0.9735812133072408
2023-04-26 00:00:00+00:00,96,85.71428571428571,88.2,0.9718172983479105
2023-04-27 00:00:00+00:00,95,88.14285714285714,88.73333333333333,0.9933454974777288
2023-04-28 00:00:00+00:00,97,90.85714285714286,89.23333333333333,1.0181973424408988
2023-04-29 00:00:00+00:00,100,92.85714285714286,89.93333333333334,1.032510854601292
2023-04-30 00:00:00+00:00,100,95.28571428571429,90.2,1.0563826417484954
2023-05-01 00:00:00+00:00,98,96.71428571428571,90.23333333333333,1.0718243706791915
2023-05-02 00:00:00+00:00,85,95.85714285714286,91.3,1.0499139414802066
2023-05-03 00:00:00+00:00,87,94.57142857142857,90.86666666666666,1.0407714076092653
2023-05-04 00:00:00+00:00,84,93.0,90.36666666666666,1.0291405385466619
2023-05-05 00:00:00+00:00,91,92.14285714285714,90.13333333333334,1.022295012679628
2023-05-06 00:00:00+00:00,90,90.71428571428571,89.86666666666666,1.0094319626960577
2023-05-07 00:00:00+00:00,87,88.85714285714286,89.56666666666666,0.9920782604072519
2023-05-08 00:00:00+00:00,76,85.71428571428571,89.23333333333333,0.9605635306046213
2023-05-09 00:00:00+00:00,76,84.42857142857143,88.83333333333333,0.9504154382203164
2023-05-10 00:00:00+00:00,69,81.85714285714286,88.1,0.9291389654613266
2023-05-11 00:00:00+00:00,81,81.42857142857143,87.53333333333333,0.9302578609509303
2023-05-12 00:00:00+00:00,83,80.28571428571429,87.4,0.9186008499509644
2023-05-13 00:00:00+00:00,99,81.57142857142857,87.93333333333334,0.9276508177190511
2023-05-14 00:00:00+00:00,99,83.28571428571429,88.4,0.9421460892049127
2023-05-15 00:00:00+00:00,51,79.71428571428571,87.2,0.9141546526867627
2023-05-16 00:00:00+00:00,96,82.57142857142857,87.4,0.9447531873161162
2023-05-17 00:00:00+00:00,85,84.85714285714286,87.1,0.974249630966049
2023-05-18 00:00:00+00:00,94,86.71428571428571,87.2,0.9944298820445608
2023-05-19 00:00:00+00:00,97,88.71428571428571,87.33333333333333,1.0158124318429662
2023-05-20 00:00:00+00:00,99,88.71428571428571,88.03333333333333,1.0077351652512576
2023-05-21 00:00:00+00:00,99,88.71428571428571,88.73333333333333,0.9997853386283138
2023-05-22 00:00:00+00:00,96,95.14285714285714,89.06666666666666,1.0682207014542344
2023-05-23 00:00:00+00:00,96,95.14285714285714,89.5,1.063048683160415
2023-05-24 00:00:00+00:00,96,96.71428571428571,89.76666666666667,1.0773964245928598
2023-05-25 00:00:00+00:00,99,97.42857142857143,90.03333333333333,1.0821388903580684
2023-05-26 00:00:00+00:00,83,95.42857142857143,89.6,1.0650510204081634
2023-05-27 00:00:00+00:00,83,93.14285714285714,89.2,1.0442024343369634
2023-05-28 00:00:00+00:00,80,90.42857142857143,88.63333333333334,1.0202546607210015
2023-05-29 00:00:00+00:00,82,88.42857142857143,88.03333333333333,1.0044896413696112
2023-05-30 00:00:00+00:00,75,85.42857142857143,87.2,0.9796854521625163
2023-05-31 00:00:00+00:00,82,83.42857142857143,86.66666666666667,0.9626373626373627
2023-06-01 00:00:00+00:00,90,82.14285714285714,86.83333333333333,0.945982999725802
2023-06-02 00:00:00+00:00,99,84.42857142857143,87.23333333333333,0.9678475899339484
2023-06-03 00:00:00+00:00,82,84.28571428571429,87.16666666666667,0.9669489210598198
2023-06-04 00:00:00+00:00,67,82.42857142857143,86.36666666666666,0.954402602414953
2023-06-05 00:00:00+00:00,75,81.42857142857143,85.86666666666666,0.9483141082519966
2023-06-06 00:00:00+00:00,88,83.28571428571429,85.9,0.9695659404623316
2023-06-07 00:00:00+00:00,98,85.57142857142857,86.63333333333334,0.9877425383389214
2023-06-08 00:00:00+00:00,98,86.71428571428571,87.36666666666666,0.9925328391562653
2023-06-09 00:00:00+00:00,74,83.14285714285714,87.53333333333333,0.9498422369709498
2023-06-10 00:00:00+00:00,64,80.57142857142857,86.96666666666667,0.926463341181624
2023-06-11 00:00:00+00:00,48,77.85714285714286,85.8,0.9074259074259075
2023-06-12 00:00:00+00:00,73,77.57142857142857,84.93333333333334,0.9133213725050459
2023-06-13 00:00:00+00:00,76,75.85714285714286,84.16666666666667,0.9012729844413012
2023-06-14 00:00:00+00:00,93,75.14285714285714,85.56666666666666,0.8781790862040181
2023-06-15 00:00:00+00:00,87,73.57142857142857,85.26666666666667,0.8628392717524852
2023-06-16 00:00:00+00:00,91,76.0,85.46666666666667,0.8892355694227769
2023-06-17 00:00:00+00:00,92,80.0,85.4,0.9367681498829039
2023-06-18 00:00:00+00:00,97,87.0,85.4,1.018735362997658
2023-06-19 00:00:00+00:00,85,88.71428571428571,84.93333333333334,1.0445167077820139
2023-06-20 00:00:00+00:00,78,89.0,84.23333333333333,1.0565888405223585
2023-06-21 00:00:00+00:00,76,86.57142857142857,83.56666666666666,1.0359564647558266
2023-06-22 00:00:00+00:00,86,86.42857142857143,83.23333333333333,1.038388923851479
2023-06-23 00:00:00+00:00,88,86.0,82.96666666666667,1.0365608678184008
2023-06-24 00:00:00+00:00,98,86.85714285714286,82.93333333333334,1.0473128158015619
2023-06-25 00:00:00+00:00,97,86.85714285714286,83.4,1.041452552243919
2023-06-26 00:00:00+00:00,98,88.71428571428571,83.9,1.057381236165503
2023-06-27 00:00:00+00:00,86,89.85714285714286,84.1,1.0684559198233397
2023-06-28 00:00:00+00:00,89,91.71428571428571,84.33333333333333,1.0875211744776963
2023-06-29 00:00:00+00:00,81,91.0,84.53333333333333,1.0764984227129337
2023-06-30 00:00:00+00:00,95,92.0,84.96666666666667,1.0827775598273832
2023-07-01 00:00:00+00:00,65,87.28571428571429,84.13333333333334,1.0374688702739416
2023-07-02 00:00:00+00:00,66,82.85714285714286,83.03333333333333,0.9978780753569996
2023-07-03 00:00:00+00:00,60,77.42857142857143,82.3,0.9408088873459469
2023-07-04 00:00:00+00:00,81,76.71428571428571,82.76666666666667,0.9268741729474713
2023-07-05 00:00:00+00:00,68,73.71428571428571,82.53333333333333,0.8931456265866604
2023-07-06 00:00:00+00:00,51,69.42857142857143,81.3,0.8539799683711123
2023-07-07 00:00:00+00:00,40,61.57142857142857,79.36666666666666,0.7757844843103139
2023-07-08 00:00:00+00:00,47,59.0,77.66666666666667,0.7596566523605149
2023-07-09 00:00:00+00:00,52,57.0,76.93333333333334,0.7409012131715771
2023-07-10 00:00:00+00:00,51,55.714285714285715,76.5,0.7282913165266106
2023-07-11 00:00:00+00:00,45,50.57142857142857,76.4,0.6619296933433059
2023-07-12 00:00:00+00:00,96,54.57142857142857,77.16666666666667,0.7071891391545818
2023-07-13 00:00:00+00:00,98,61.285714285714285,77.9,0.7867229048230331
2023-07-14 00:00:00+00:00,99,69.71428571428571,78.1,0.8926284982623011
2023-07-15 00:00:00+00:00,96,76.71428571428571,78.4,0.9784985422740523
2023-07-16 00:00:00+00:00,96,83.0,78.56666666666666,1.0564276622825626
2023-07-17 00:00:00+00:00,93,89.0,78.6,1.1323155216284988
2023-07-18 00:00:00+00:00,38,88.0,76.63333333333334,1.1483253588516746
2023-07-19 00:00:00+00:00,28,78.28571428571429,74.73333333333333,1.0475340894609406
2023-07-20 00:00:00+00:00,99,78.42857142857143,75.43333333333334,1.0397070891989142
2023-07-21 00:00:00+00:00,95,77.85714285714286,76.06666666666666,1.0235382496556906
2023-07-22 00:00:00+00:00,78,75.28571428571429,75.8,0.9932152280437242
2023-07-23 00:00:00+00:00,67,71.14285714285714,75.1,0.9473083507704014
2023-07-24 00:00:00+00:00,40,63.57142857142857,73.16666666666667,0.8688577936869508
2023-07-25 00:00:00+00:00,62,67.0,72.0,0.9305555555555556
2023-07-26 00:00:00+00:00,67,72.57142857142857,70.96666666666667,1.0226128967322015
2023-07-27 00:00:00+00:00,25,62.0,68.93333333333334,0.8994197292069632
2023-07-28 00:00:00+00:00,70,58.42857142857143,68.3,0.8554695670361849
2023-07-29 00:00:00+00:00,81,58.857142857142854,68.3,0.8617444049362059
2023-07-30 00:00:00+00:00,79,60.57142857142857,67.76666666666667,0.893823343405242
2023-07-31 00:00:00+00:00,91,67.85714285714286,68.63333333333334,0.9886907652813431
2023-08-01 00:00:00+00:00,85,71.14285714285714,69.26666666666667,1.0270864842568403
2023-08-02 00:00:00+00:00,76,72.42857142857143,69.8,1.0376586164551782
2023-08-03 00:00:00+00:00,87,81.28571428571429,70.0,1.1612244897959185
2023-08-04 00:00:00+00:00,90,84.14285714285714,70.73333333333333,1.189578564696378
2023-08-05 00:00:00+00:00,96,86.28571428571429,72.23333333333333,1.1945414991100272
2023-08-06 00:00:00+00:00,97,88.85714285714286,74.13333333333334,1.1986125385405961
2023-08-07 00:00:00+00:00,99,90.0,75.86666666666666,1.186291739894552
2023-08-08 00:00:00+00:00,97,91.71428571428571,77.36666666666666,1.1854496214685788
2023-08-09 00:00:00+00:00,87,93.28571428571429,78.56666666666666,1.1873446875568217
2023-08-10 00:00:00+00:00,86,93.14285714285714,79.93333333333334,1.1652567615870366
2023-08-11 00:00:00+00:00,82,92.0,79.46666666666667,1.157718120805369
2023-08-12 00:00:00+00:00,92,91.42857142857143,79.26666666666667,1.153430253514358
2023-08-13 00:00:00+00:00,35,82.57142857142857,77.13333333333334,1.0705025311766883
2023-08-14 00:00:00+00:00,97,82.28571428571429,77.16666666666667,1.0663375501388461
2023-08-15 00:00:00+00:00,78,79.57142857142857,76.56666666666666,1.0392437340630636
2023-08-16 00:00:00+00:00,57,75.28571428571429,75.36666666666666,0.9989258861439314
2023-08-17 00:00:00+00:00,33,67.71428571428571,75.2,0.9004559270516717
2023-08-18 00:00:00+00:00,27,59.857142857142854,75.16666666666667,0.7963256255939182
2023-08-19 00:00:00+00:00,37,52.0,73.1,0.7113543091655268
2023-08-20 00:00:00+00:00,42,53.0,71.33333333333333,0.7429906542056075
2023-08-21 00:00:00+00:00,54,46.857142857142854,70.53333333333333,0.6643262219821766
2023-08-22 00:00:00+00:00,37,41.0,69.53333333333333,0.5896452540747843
2023-08-23 00:00:00+00:00,44,39.142857142857146,69.66666666666667,0.5618591934381408
2023-08-24 00:00:00+00:00,47,41.142857142857146,69.16666666666667,0.5948364888123925
2023-08-25 00:00:00+00:00,85,49.42857142857143,69.76666666666667,0.7084840625213297
2023-08-26 00:00:00+00:00,95,57.714285714285715,72.1,0.8004755300178324
2023-08-27 00:00:00+00:00,95,65.28571428571429,72.93333333333334,0.8951423348132672
2023-08-28 00:00:00+00:00,95,71.14285714285714,73.4,0.9692487349163097
2023-08-29 00:00:00+00:00,93,79.14285714285714,73.86666666666666,1.0714285714285714
2023-08-30 00:00:00+00:00,88,85.42857142857143,73.76666666666667,1.1580917952359435
2023-08-31 00:00:00+00:00,80,90.14285714285714,73.6,1.2247670807453417
2023-09-01 00:00:00+00:00,86,90.28571428571429,73.93333333333334,1.2211773798789127
2023-09-02 00:00:00+00:00,86,89.0,73.9,1.2043301759133964
2023-09-03 00:00:00+00:00,96,89.14285714285714,74.1,1.2030075187969924
2023-09-04 00:00:00+00:00,84,87.57142857142857,73.7,1.1882147703043224
2023-09-05 00:00:00+00:00,67,83.85714285714286,72.7,1.1534682648850463
2023-09-06 00:00:00+00:00,81,82.85714285714286,72.1,1.149197543094908
2023-09-07 00:00:00+00:00,60,80.0,70.86666666666666,1.1288805268109126
2023-09-08 00:00:00+00:00,69,77.57142857142857,70.26666666666667,1.103957712117105
2023-09-09 00:00:00+00:00,51,72.57142857142857,69.1,1.050237750671904
2023-09-10 00:00:00+00:00,67,68.42857142857143,68.6,0.9975010412328198
2023-09-11 00:00:00+00:00,47,63.142857142857146,67.1,0.9410261869278264
2023-09-12 00:00:00+00:00,38,59.0,67.2,0.8779761904761905
2023-09-13 00:00:00+00:00,44,53.714285714285715,65.43333333333334,0.8209009533512844
2023-09-14 00:00:00+00:00,39,50.714285714285715,64.13333333333334,0.7907632907632907
2023-09-15 00:00:00+00:00,66,50.285714285714285,64.43333333333334,0.780430123420294
2023-09-16 00:00:00+00:00,73,53.42857142857143,65.76666666666667,0.8123959162986026
2023-09-17 00:00:00+00:00,88,56.42857142857143,67.8,0.8322798145806996
2023-09-18 00:00:00+00:00,58,58.0,68.5,0.8467153284671532
2023-09-19 00:00:00+00:00,74,63.142857142857146,69.56666666666666,0.907659661852283
2023-09-20 00:00:00+00:00,79,68.14285714285714,70.4,0.9679383116883116
2023-09-21 00:00:00+00:00,94,76.0,72.3,1.0511756569847857
2023-09-22 00:00:00+00:00,44,72.85714285714286,72.3,1.0077059869590992
2023-09-23 00:00:00+00:00,33,67.14285714285714,71.83333333333333,0.9347033476963872
2023-09-24 00:00:00+00:00,28,58.57142857142857,69.93333333333334,0.8375323437287212
2023-09-25 00:00:00+00:00,41,56.142857142857146,68.13333333333334,0.824014537321778
2023-09-26 00:00:00+00:00,79,56.857142857142854,67.6,0.8410819949281488
2023-09-27 00:00:00+00:00,92,58.714285714285715,67.5,0.8698412698412699
2023-09-28 00:00:00+00:00,43,51.42857142857143,65.83333333333333,0.7811934900542497
2023-09-29 00:00:00+00:00,78,56.285714285714285,65.5,0.8593238822246456
2023-09-30 00:00:00+00:00,83,63.42857142857143,65.6,0.9668989547038329
2023-10-01 00:00:00+00:00,73,69.85714285714286,65.16666666666667,1.07197661673365
2023-10-02 00:00:00+00:00,89,76.71428571428571,65.26666666666667,1.1753976360717933
2023-10-03 00:00:00+00:00,90,78.28571428571429,65.06666666666666,1.203161592505855
2023-10-04 00:00:00+00:00,53,72.71428571428571,64.03333333333333,1.1355692719565702
2023-10-05 00:00:00+00:00,44,72.85714285714286,63.266666666666666,1.1515881378895079
2023-10-06 00:00:00+00:00,34,66.57142857142857,61.7,1.0789534614494094
2023-10-07 00:00:00+00:00,87,67.14285714285714,62.6,1.0725696029210405
2023-10-08 00:00:00+00:00,47,63.42857142857143,61.86666666666667,1.0252463054187193
2023-10-09 00:00:00+00:00,43,56.857142857142854,61.6,0.9230055658627087
2023-10-10 00:00:00+00:00,25,47.57142857142857,60.2,0.7902230659705742
2023-10-11 00:00:00+00:00,48,46.857142857142854,60.233333333333334,0.7779271088623606
2023-10-12 00:00:00+00:00,60,49.142857142857146,60.96666666666667,0.8060610794345076
2023-10-13 00:00:00+00:00,38,49.714285714285715,60.766666666666666,0.818117702374422
2023-10-14 00:00:00+00:00,39,42.857142857142854,60.766666666666666,0.7052738813572603
2023-10-15 00:00:00+00:00,26,39.857142857142854,59.43333333333333,0.6706193413989263
2023-10-16 00:00:00+00:00,63,42.714285714285715,59.1,0.7227459511723471
2023-10-17 00:00:00+00:00,15,41.285714285714285,56.666666666666664,0.7285714285714285
2023-10-18 00:00:00+00:00,20,37.285714285714285,55.4,0.6730273336771532
2023-10-19 00:00:00+00:00,90,41.57142857142857,55.93333333333333,0.743231738464158
2023-10-20 00:00:00+00:00,87,48.57142857142857,56.2,0.864260294865277
2023-10-21 00:00:00+00:00,89,55.714285714285715,56.03333333333333,0.9943061103084899
2023-10-22 00:00:00+00:00,80,63.42857142857143,57.233333333333334,1.1082452783093435
2023-10-23 00:00:00+00:00,85,66.57142857142857,58.96666666666667,1.128967132358879
2023-10-24 00:00:00+00:00,74,75.0,60.5,1.2396694214876034
2023-10-25 00:00:00+00:00,62,81.0,61.2,1.3235294117647058
2023-10-26 00:00:00+00:00,52,75.57142857142857,60.3,1.2532575219142383
2023-10-27 00:00:00+00:00,53,70.71428571428571,59.0,1.198547215496368
2023-10-28 00:00:00+00:00,65,67.28571428571429,59.733333333333334,1.126434948979592
2023-10-29 00:00:00+00:00,91,68.85714285714286,60.166666666666664,1.144440047487139
2023-10-30 00:00:00+00:00,96,70.42857142857143,60.6,1.162187647336162
2023-10-31 00:00:00+00:00,94,73.28571428571429,61.3,1.19552551852715
2023-11-01 00:00:00+00:00,95,78.0,61.5,1.2682926829268293
2023-11-02 00:00:00+00:00,73,81.0,60.93333333333333,1.3293216630196938
2023-11-03 00:00:00+00:00,73,83.85714285714286,61.6,1.361317254174397
2023-11-04 00:00:00+00:00,77,85.57142857142857,62.7,1.364775575301891
2023-11-05 00:00:00+00:00,73,83.0,64.0,1.296875
2023-11-06 00:00:00+00:00,75,80.0,63.6,1.2578616352201257
2023-11-07 00:00:00+00:00,56,74.57142857142857,63.9,1.1670020120724347
2023-11-08 00:00:00+00:00,36,66.14285714285714,63.666666666666664,1.0388930441286461
2023-11-09 00:00:00+00:00,33,60.42857142857143,63.93333333333333,0.9451809921048713
2023-11-10 00:00:00+00:00,40,55.714285714285715,63.666666666666664,0.8750934928945401
2023-11-11 00:00:00+00:00,75,55.42857142857143,64.16666666666667,0.863821892393321
2023-11-12 00:00:00+00:00,87,57.42857142857143,65.8,0.8727746417716024
2023-11-13 00:00:00+00:00,83,58.57142857142857,67.26666666666667,0.8707348152343197
2023-11-14 00:00:00+00:00,72,60.857142857142854,68.8,0.8845514950166112
2023-11-15 00:00:00+00:00,62,64.57142857142857,68.76666666666667,0.9389931445190776
2023-11-16 00:00:00+00:00,54,67.57142857142857,70.06666666666666,0.9643876580127769
2023-11-17 00:00:00+00:00,45,68.28571428571429,70.9,0.9631271408422325
2023-11-18 00:00:00+00:00,67,67.14285714285714,70.13333333333334,0.9573601303639325
2023-11-19 00:00:00+00:00,92,67.85714285714286,70.3,0.9652509652509653
2023-11-20 00:00:00+00:00,96,69.71428571428571,70.53333333333333,0.9883877936807993
2023-11-21 00:00:00+00:00,100,73.71428571428571,71.2,1.0353130016051364
2023-11-22 00:00:00+00:00,95,78.42857142857143,71.53333333333333,1.096391958460924
2023-11-23 00:00:00+00:00,93,84.0,72.16666666666667,1.163972286374134
2023-11-24 00:00:00+00:00,90,90.42857142857143,73.1,1.2370529607191716
2023-11-25 00:00:00+00:00,92,94.0,74.43333333333334,1.2628750559785042
2023-11-26 00:00:00+00:00,76,91.71428571428571,75.2,1.2196048632218843
2023-11-27 00:00:00+00:00,68,87.71428571428571,75.3,1.1648643521153481
2023-11-28 00:00:00+00:00,60,82.0,74.26666666666667,1.104129263913824
2023-11-29 00:00:00+00:00,62,77.28571428571429,73.13333333333334,1.0567782263315535
2023-11-30 00:00:00+00:00,63,73.0,72.1,1.0124826629680999
2023-12-01 00:00:00+00:00,67,69.71428571428571,71.16666666666667,0.9795918367346937
2023-12-02 00:00:00+00:00,78,67.71428571428571,71.33333333333333,0.9492656875834445
2023-12-03 00:00:00+00:00,86,69.14285714285714,71.76666666666667,0.9634397186649857
2023-12-04 00:00:00+00:00,88,72.0,72.13333333333334,0.99815157116451
2023-12-05 00:00:00+00:00,77,74.42857142857143,72.26666666666667,1.0299156562994203
2023-12-06 00:00:00+00:00,71,75.71428571428571,72.13333333333334,1.0496435172960126
2023-12-07 00:00:00+00:00,60,75.28571428571429,72.26666666666667,1.0417764891934636
2023-12-08 00:00:00+00:00,71,75.85714285714286,73.43333333333334,1.033006938590234
2023-12-09 00:00:00+00:00,73,75.14285714285714,74.76666666666667,1.0050315266543532
2023-12-10 00:00:00+00:00,70,72.85714285714286,75.76666666666667,0.9615988938470241
2023-12-11 00:00:00+00:00,44,66.57142857142857,74.73333333333333,0.8907862877532815
2023-12-12 00:00:00+00:00,17,58.0,72.4,0.8011049723756906
2023-12-13 00:00:00+00:00,27,51.714285714285715,70.53333333333333,0.733189305968134
2023-12-14 00:00:00+00:00,22,46.285714285714285,68.86666666666666,0.6721062093762965
2023-12-15 00:00:00+00:00,27,40.0,67.7,0.5908419497784343
2023-12-16 00:00:00+00:00,9,30.857142857142858,66.2,0.4661199827362969
2023-12-17 00:00:00+00:00,6,21.714285714285715,64.9,0.3345806735637244
2023-12-18 00:00:00+00:00,0,15.428571428571429,62.666666666666664,0.24620060790273557
2023-12-19 00:00:00+00:00,1,13.142857142857142,59.63333333333333,0.22039447416753175
2023-12-20 00:00:00+00:00,3,9.714285714285714,56.53333333333333,0.17183288409703504
2023-12-21 00:00:00+00:00,37,11.857142857142858,54.43333333333333,0.21782871139882778
2023-12-22 00:00:00+00:00,61,16.714285714285715,53.3,0.31358885017421606
2023-12-23 00:00:00+00:00,97,29.285714285714285,53.43333333333333,0.5480794938062561
2023-12-24 00:00:00+00:00,1,28.571428571428573,50.46666666666667,0.5661445555765239
2023-12-25 00:00:00+00:00,2,28.857142857142858,47.46666666666667,0.6079454253611557
2023-12-26 00:00:00+00:00,10,30.142857142857142,45.266666666666666,0.665895224069009
2023-12-27 00:00:00+00:00,99,43.857142857142854,46.3,0.947238506633755
2023-12-28 00:00:00+00:00,92,51.714285714285715,47.36666666666667,1.091786468281894
2023-12-29 00:00:00+00:00,71,53.142857142857146,47.666666666666664,1.114885114885115
2023-12-30 00:00:00+00:00,35,44.285714285714285,46.733333333333334,0.9476258406358263
2023-12-31 00:00:00+00:00,32,48.714285714285715,45.56666666666667,1.0690772285505277
2024-01-01 00:00:00+00:00,39,54.0,44.266666666666666,1.2198795180722892
2024-01-02 00:00:00+00:00,90,65.42857142857143,44.4,1.4736164736164736
2024-01-03 00:00:00+00:00,92,64.42857142857143,44.53333333333333,1.4467493584260052
2024-01-04 00:00:00+00:00,63,60.285714285714285,44.06666666666667,1.3680570564080397
2024-01-05 00:00:00+00:00,36,55.285714285714285,42.9,1.2887112887112888
2024-01-06 00:00:00+00:00,42,56.285714285714285,42.3,1.330631543397501
2024-01-07 00:00:00+00:00,41,57.57142857142857,41.3,1.3939813213420962
2024-01-08 00:00:00+00:00,86,64.28571428571429,41.733333333333334,1.5403925148334094
2024-01-09 00:00:00+00:00,68,61.142857142857146,41.666666666666664,1.4674285714285715
2024-01-10 00:00:00+00:00,86,60.285714285714285,43.06666666666667,1.3998230871295885
2024-01-11 00:00:00+00:00,95,64.85714285714286,45.666666666666664,1.4202294056308657
2024-01-12 00:00:00+00:00,97,73.57142857142857,48.0,1.5327380952380951
2024-01-13 00:00:00+00:00,84,79.57142857142857,50.06666666666667,1.5893094921057636
2024-01-14 00:00:00+00:00,55,81.57142857142857,51.0,1.599439775910364
2024-01-15 00:00:00+00:00,69,79.14285714285714,53.0,1.4932614555256063
2024-01-16 00:00:00+00:00,64,78.57142857142857,54.93333333333333,1.4303051317614426
2024-01-17 00:00:00+00:00,55,74.14285714285714,56.766666666666666,1.3060984816710006
2024-01-18 00:00:00+00:00,38,66.0,58.0,1.1379310344827587
2024-01-19 00:00:00+00:00,69,62.0,60.2,1.0299003322259135
2024-01-20 00:00:00+00:00,97,63.857142857142854,62.2,1.0266421681212676
2024-01-21 00:00:00+00:00,65,65.28571428571429,62.333333333333336,1.0473644003055769
2024-01-22 00:00:00+00:00,44,61.714285714285715,60.56666666666667,1.018948030505543
2024-01-23 00:00:00+00:00,17,55.0,61.1,0.9001636661211129
2024-01-24 00:00:00+00:00,11,48.714285714285715,61.4,0.7933922754769661
2024-01-25 00:00:00+00:00,10,44.714285714285715,61.4,0.7282456956724058
2024-01-26 00:00:00+00:00,13,36.714285714285715,58.53333333333333,0.627237227465018
2024-01-27 00:00:00+00:00,21,25.857142857142858,56.166666666666664,0.460364561254769
2024-01-28 00:00:00+00:00,55,24.428571428571427,55.63333333333333,0.4390995463493965
2024-01-29 00:00:00+00:00,41,24.0,55.833333333333336,0.4298507462686567
2024-01-30 00:00:00+00:00,68,31.285714285714285,57.03333333333333,0.548551390164482
2024-01-31 00:00:00+00:00,73,40.142857142857146,58.166666666666664,0.6901350798198936
2024-02-01 00:00:00+00:00,83,50.57142857142857,57.93333333333333,0.8729245438106198
2024-02-02 00:00:00+00:00,75,59.42857142857143,57.36666666666667,1.035942558313273
2024-02-03 00:00:00+00:00,69,66.28571428571429,57.56666666666667,1.1514600049631898
2024-02-04 00:00:00+00:00,70,68.42857142857143,58.7,1.1657337551715745
2024-02-05 00:00:00+00:00,87,75.0,60.2,1.245847176079734
2024-02-06 00:00:00+00:00,98,79.28571428571429,62.1,1.2767425810904072
2024-02-07 00:00:00+00:00,98,82.85714285714286,62.5,1.3257142857142858
2024-02-08 00:00:00+00:00,83,82.85714285714286,63.0,1.3151927437641724
2024-02-09 00:00:00+00:00,79,83.42857142857143,62.766666666666666,1.3291859494727258
2024-02-10 00:00:00+00:00,82,85.28571428571429,62.333333333333336,1.3682200152788389
2024-02-11 00:00:00+00:00,97,89.14285714285714,62.333333333333336,1.4300993124522534
2024-02-12 00:00:00+00:00,76,87.57142857142857,62.06666666666667,1.4109252723645849
2024-02-13 00:00:00+00:00,75,84.28571428571429,62.733333333333334,1.343555488082587
2024-02-14 00:00:00+00:00,70,80.28571428571429,62.766666666666666,1.2791138760336849
2024-02-15 00:00:00+00:00,53,76.0,62.4,1.217948717948718
2024-02-16 00:00:00+00:00,62,73.57142857142857,62.63333333333333,1.1746369649509618
2024-02-17 00:00:00+00:00,72,72.14285714285714,63.766666666666666,1.1313568814875663
2024-02-18 00:00:00+00:00,75,69.0,63.96666666666667,1.078686816050026
2024-02-19 00:00:00+00:00,86,70.42857142857143,63.6,1.1073674752920035
2024-02-20 00:00:00+00:00,90,72.57142857142857,64.43333333333334,1.1263025644815607
2024-02-21 00:00:00+00:00,97,76.42857142857143,66.2,1.1545101424255502
2024-02-22 00:00:00+00:00,86,81.14285714285714,68.5,1.1845672575599582
2024-02-23 00:00:00+00:00,84,84.28571428571429,70.93333333333334,1.1882384532760473
2024-02-24 00:00:00+00:00,92,87.14285714285714,73.66666666666667,1.1829347123464768
2024-02-25 00:00:00+00:00,100,90.71428571428571,76.56666666666666,1.1847751725853597
2024-02-26 00:00:00+00:00,99,92.57142857142857,79.16666666666667,1.1693233082706767
2024-02-27 00:00:00+00:00,99,93.85714285714286,80.63333333333334,1.1639992913246324
2024-02-28 00:00:00+00:00,90,92.85714285714286,82.26666666666667,1.1287335031257235
2024-02-29 00:00:00+00:00,68,90.28571428571429,82.26666666666667,1.0974762676545498
2024-03-01 00:00:00+00:00,50,85.42857142857143,81.5,1.0482033304119194
2024-03-02 00:00:00+00:00,41,78.14285714285714,80.1,0.9755662564651328
2024-03-03 00:00:00+00:00,81,75.42857142857143,80.3,0.939334637964775
2024-03-04 00:00:00+00:00,100,75.57142857142857,81.33333333333333,0.9291569086651054
2024-03-05 00:00:00+00:00,91,74.42857142857143,82.03333333333333,0.9072966854356533
2024-03-06 00:00:00+00:00,86,73.85714285714286,82.0,0.9006968641114983
2024-03-07 00:00:00+00:00,80,75.57142857142857,81.4,0.9283959283959283
2024-03-08 00:00:00+00:00,98,82.42857142857143,81.4,1.0126360126360126
2024-03-09 00:00:00+00:00,93,89.85714285714286,81.73333333333333,1.0993940806338849
2024-03-10 00:00:00+00:00,70,88.28571428571429,81.43333333333334,1.0841471258990703
2024-03-11 00:00:00+00:00,67,83.57142857142857,80.93333333333334,1.0325959049188043
2024-03-12 00:00:00+00:00,66,80.0,79.9,1.0012515644555693
2024-03-13 00:00:00+00:00,92,80.85714285714286,80.43333333333334,1.0052690782073292
2024-03-14 00:00:00+00:00,74,80.0,80.4,0.9950248756218905
2024-03-15 00:00:00+00:00,73,76.42857142857143,80.5,0.9494232475598936
2024-03-16 00:00:00+00:00,44,69.42857142857143,80.2,0.8656929105806911
2024-03-17 00:00:00+00:00,52,66.85714285714286,79.86666666666666,0.8371094681612212
2024-03-18 00:00:00+00:00,17,59.714285714285715,78.03333333333333,0.7652407396106671
2024-03-19 00:00:00+00:00,30,54.57142857142857,76.53333333333333,0.7130413140866102
2024-03-20 00:00:00+00:00,50,48.57142857142857,75.33333333333333,0.6447534766118838
2024-03-21 00:00:00+00:00,82,49.714285714285715,75.06666666666666,0.6622684597817813
2024-03-22 00:00:00+00:00,100,53.57142857142857,75.16666666666667,0.7127019322141273
2024-03-23 00:00:00+00:00,72,57.57142857142857,74.7,0.7707018550392044
2024-03-24 00:00:00+00:00,58,58.42857142857143,73.83333333333333,0.7913576265720736
2024-03-25 00:00:00+00:00,55,63.857142857142854,72.6,0.8795749704840614
2024-03-26 00:00:00+00:00,59,68.0,71.23333333333333,0.9546092653252223
2024-03-27 00:00:00+00:00,56,68.85714285714286,69.8,0.9864920180106428
2024-03-28 00:00:00+00:00,52,64.57142857142857,68.23333333333333,0.9463326121850791
2024-03-29 00:00:00+00:00,70,60.285714285714285,67.56666666666666,0.8922404679681444
2024-03-30 00:00:00+00:00,50,57.142857142857146,66.96666666666667,0.8533029936713361
2024-03-31 00:00:00+00:00,34,53.714285714285715,66.43333333333334,0.8085441903806179
2024-04-01 00:00:00+00:00,11,47.42857142857143,65.43333333333334,0.7248380758314533
2024-04-02 00:00:00+00:00,8,40.142857142857146,63.0,0.63718820861678
2024-04-03 00:00:00+00:00,7,33.142857142857146,59.9,0.5533031242547103
2024-04-04 00:00:00+00:00,11,27.285714285714285,57.233333333333334,0.4767451535069473
2024-04-05 00:00:00+00:00,8,18.428571428571427,54.63333333333333,0.337313693018391
2024-04-06 00:00:00+00:00,13,13.142857142857142,52.4,0.25081788440567065
2024-04-07 00:00:00+00:00,35,13.285714285714286,50.3,0.2641295086623119
2024-04-08 00:00:00+00:00,54,19.428571428571427,49.0,0.39650145772594747
2024-04-09 00:00:00+00:00,79,29.571428571428573,49.3,0.5998261373514924
2024-04-10 00:00:00+00:00,86,40.857142857142854,49.93333333333333,0.8182338355903109
2024-04-11 00:00:00+00:00,95,52.857142857142854,50.9,1.0384507437552624
2024-04-12 00:00:00+00:00,29,55.857142857142854,48.8,1.1446135831381734
2024-04-13 00:00:00+00:00,3,54.42857142857143,46.43333333333333,1.172187467952005
2024-04-14 00:00:00+00:00,2,49.714285714285715,44.06666666666667,1.1281607953317483
2024-04-15 00:00:00+00:00,4,42.57142857142857,42.733333333333334,0.9962112770225094
2024-04-16 00:00:00+00:00,7,32.285714285714285,41.233333333333334,0.7830003464603302
2024-04-17 00:00:00+00:00,15,22.142857142857142,41.166666666666664,0.5378831694621169
2024-04-18 00:00:00+00:00,25,12.142857142857142,41.0,0.2961672473867596
2024-04-19 00:00:00+00:00,8,9.142857142857142,39.6,0.23088023088023085
2024-04-20 00:00:00+00:00,15,10.857142857142858,37.36666666666667,0.2905569007263923
2024-04-21 00:00:00+00:00,50,17.714285714285715,35.7,0.4961984793917567
2024-04-22 00:00:00+00:00,74,27.714285714285715,35.766666666666666,0.7748635334842232
2024-04-23 00:00:00+00:00,93,40.0,36.93333333333333,1.0830324909747293
2024-04-24 00:00:00+00:00,93,51.142857142857146,38.2,1.3388182498130141
2024-04-25 00:00:00+00:00,92,60.714285714285715,39.3,1.5448927662668122
2024-04-26 00:00:00+00:00,67,69.14285714285714,39.666666666666664,1.7430972388955581
2024-04-27 00:00:00+00:00,67,76.57142857142857,40.166666666666664,1.9063426200355662
2024-04-28 00:00:00+00:00,53,77.0,39.6,1.9444444444444444
2024-04-29 00:00:00+00:00,41,72.28571428571429,39.3,1.8393311523082518
2024-04-30 00:00:00+00:00,16,61.285714285714285,38.7,1.583610188261351
2024-05-01 00:00:00+00:00,8,49.142857142857146,38.6,1.2731310140636565
2024-05-02 00:00:00+00:00,7,37.0,38.56666666666667,0.9593777009507346
2024-05-03 00:00:00+00:00,25,31.0,39.166666666666664,0.7914893617021277
2024-05-04 00:00:00+00:00,34,26.285714285714285,39.93333333333333,0.6582399236823278
2024-05-05 00:00:00+00:00,47,25.428571428571427,41.233333333333334,0.616699387920083
2024-05-06 00:00:00+00:00,25,23.142857142857142,41.63333333333333,0.5558732700446071
2024-05-07 00:00:00+00:00,15,23.0,40.96666666666667,0.5614320585842147
2024-05-08 00:00:00+00:00,20,24.714285714285715,39.833333333333336,0.620442319187089
2024-05-09 00:00:00+00:00,38,29.142857142857142,38.46666666666667,0.7576132706115375
2024-05-10 00:00:00+00:00,60,34.142857142857146,37.6,0.9080547112462006
2024-05-11 00:00:00+00:00,43,35.42857142857143,35.86666666666667,0.9877854487519916
2024-05-12 00:00:00+00:00,8,29.857142857142858,35.166666666666664,0.8490182802979013
2024-05-13 00:00:00+00:00,10,27.714285714285715,35.4,0.7828894269572236
2024-05-14 00:00:00+00:00,12,27.285714285714285,35.733333333333334,0.763592750533049
2024-05-15 00:00:00+00:00,18,27.0,36.2,0.7458563535911602
2024-05-16 00:00:00+00:00,30,25.857142857142858,36.96666666666667,0.6994718536648202
2024-05-17 00:00:00+00:00,78,28.428571428571427,39.06666666666667,0.727693807898586
2024-05-18 00:00:00+00:00,95,35.857142857142854,41.4,0.8661145617667356
2024-05-19 00:00:00+00:00,48,41.57142857142857,42.733333333333334,0.9728103409850679
2024-05-20 00:00:00+00:00,57,48.285714285714285,44.13333333333333,1.0940871817004747
2024-05-21 00:00:00+00:00,61,55.285714285714285,44.5,1.2423756019261638
2024-05-22 00:00:00+00:00,74,63.285714285714285,44.5,1.4221508828250402
2024-05-23 00:00:00+00:00,72,69.28571428571429,43.8,1.5818656229615136
2024-05-24 00:00:00+00:00,69,68.0,43.0,1.5813953488372092
2024-05-25 00:00:00+00:00,79,65.71428571428571,42.56666666666667,1.5437968452847073
2024-05-26 00:00:00+00:00,89,71.57142857142857,43.3,1.652919828439459
2024-05-27 00:00:00+00:00,64,72.57142857142857,43.2,1.6798941798941798
2024-05-28 00:00:00+00:00,65,73.14285714285714,43.6,1.6775884665792922
2024-05-29 00:00:00+00:00,39,68.14285714285714,43.53333333333333,1.5653029971559833
2024-05-30 00:00:00+00:00,40,63.57142857142857,44.333333333333336,1.4339419978517722
2024-05-31 00:00:00+00:00,50,60.857142857142854,45.733333333333334,1.3306955435235317
2024-06-01 00:00:00+00:00,69,59.42857142857143,47.8,1.243275552898984
2024-06-02 00:00:00+00:00,92,59.857142857142854,50.03333333333333,1.1963452936137813
2024-06-03 00:00:00+00:00,72,61.0,51.3,1.189083820662768
2024-06-04 00:00:00+00:00,81,63.285714285714285,52.43333333333333,1.2069748433384797
2024-06-05 00:00:00+00:00,96,71.42857142857143,54.8,1.3034410844629825
2024-06-06 00:00:00+00:00,99,79.85714285714286,57.6,1.3864087301587302
2024-06-07 00:00:00+00:00,94,86.14285714285714,60.06666666666667,1.434120818138576
2024-06-08 00:00:00+00:00,64,85.42857142857143,60.93333333333333,1.4020006251953736
2024-06-09 00:00:00+00:00,8,73.42857142857143,59.2,1.2403474903474903
2024-06-10 00:00:00+00:00,4,63.714285714285715,57.9,1.1004194423883544
2024-06-11 00:00:00+00:00,5,52.857142857142854,57.8,0.9144834404349975
2024-06-12 00:00:00+00:00,28,43.142857142857146,58.4,0.7387475538160471
2024-06-13 00:00:00+00:00,58,37.285714285714285,59.93333333333333,0.6221198156682027
2024-06-14 00:00:00+00:00,89,36.57142857142857,62.3,0.5870213253840862
2024-06-15 00:00:00+00:00,56,35.42857142857143,63.166666666666664,0.5608744817188089
2024-06-16 00:00:00+00:00,61,43.0,62.6,0.6869009584664536
2024-06-17 00:00:00+00:00,15,44.57142857142857,59.93333333333333,0.7436834578102653
2024-06-18 00:00:00+00:00,9,45.142857142857146,58.63333333333333,0.769917972874198
2024-06-19 00:00:00+00:00,10,42.57142857142857,57.06666666666667,0.7459946595460614
2024-06-20 00:00:00+00:00,14,36.285714285714285,55.5,0.6537966537966537
2024-06-21 00:00:00+00:00,70,33.57142857142857,55.36666666666667,0.6063472950890169
2024-06-22 00:00:00+00:00,19,28.285714285714285,53.6,0.5277185501066097
2024-06-23 00:00:00+00:00,38,25.0,52.56666666666667,0.47558655675332906
2024-06-24 00:00:00+00:00,60,31.428571428571427,51.93333333333333,0.6051714652484871
2024-06-25 00:00:00+00:00,0,30.142857142857142,48.96666666666667,0.6155791111543324
2024-06-26 00:00:00+00:00,79,40.0,49.46666666666667,0.8086253369272237
2024-06-27 00:00:00+00:00,24,41.42857142857143,48.1,0.8613008613008614
2024-06-28 00:00:00+00:00,28,35.42857142857143,47.733333333333334,0.7422186751795691
2024-06-29 00:00:00+00:00,24,36.142857142857146,47.2,0.7657384987893463
2024-06-30 00:00:00+00:00,28,34.714285714285715,46.46666666666667,0.7470793195326911
2024-07-01 00:00:00+00:00,36,31.285714285714285,45.36666666666667,0.6896189776424897
2024-07-02 00:00:00+00:00,25,34.857142857142854,43.13333333333333,0.8081254139986751
2024-07-03 00:00:00+00:00,5,24.285714285714285,40.9,0.5937827453719874
2024-07-04 00:00:00+00:00,1,21.0,38.233333333333334,0.5492589363557105
2024-07-05 00:00:00+00:00,1,17.142857142857142,35.06666666666667,0.48886474741988045
2024-07-06 00:00:00+00:00,1,13.857142857142858,31.8,0.435759209344115
2024-07-07 00:00:00+00:00,3,10.285714285714286,28.766666666666666,0.357556695911273
2024-07-08 00:00:00+00:00,12,6.857142857142857,27.033333333333335,0.25365509952439663
2024-07-09 00:00:00+00:00,33,8.0,27.866666666666667,0.28708133971291866
2024-07-10 00:00:00+00:00,89,20.0,30.7,0.6514657980456027
2024-07-11 00:00:00+00:00,66,29.285714285714285,32.733333333333334,0.8946755891766075
2024-07-12 00:00:00+00:00,77,40.142857142857146,34.36666666666667,1.1680753775807122
2024-07-13 00:00:00+00:00,49,47.0,34.06666666666667,1.379647749510763
2024-07-14 00:00:00+00:00,74,57.142857142857146,33.56666666666667,1.7023691303731026
2024-07-15 00:00:00+00:00,78,66.57142857142857,34.3,1.9408579758433986
2024-07-16 00:00:00+00:00,72,72.14285714285714,34.666666666666664,2.081043956043956
2024-07-17 00:00:00+00:00,93,72.71428571428571,37.266666666666666,1.9511883465371835
2024-07-18 00:00:00+00:00,48,70.14285714285714,38.56666666666667,1.8187430546981107
2024-07-19 00:00:00+00:00,34,64.0,39.36666666666667,1.6257408975444538
2024-07-20 00:00:00+00:00,35,62.0,40.06666666666667,1.5474209650582362
2024-07-21 00:00:00+00:00,53,59.0,39.5,1.4936708860759493
2024-07-22 00:00:00+00:00,37,53.142857142857146,40.1,1.3252582828642678
2024-07-23 00:00:00+00:00,27,46.714285714285715,39.733333333333334,1.1756951102588686
2024-07-24 00:00:00+00:00,29,37.57142857142857,38.7,0.9708379475821335
2024-07-25 00:00:00+00:00,80,42.142857142857146,41.36666666666667,1.0187636698515024
2024-07-26 00:00:00+00:00,0,37.285714285714285,38.733333333333334,0.962626014261126
2024-07-27 00:00:00+00:00,74,42.857142857142854,40.4,1.0608203677510608
2024-07-28 00:00:00+00:00,48,42.142857142857146,41.06666666666667,1.0262059369202226
2024-07-29 00:00:00+00:00,24,40.285714285714285,41.06666666666667,0.9809833024118737
2024-07-30 00:00:00+00:00,27,40.285714285714285,41.03333333333333,0.9817802019264246
2024-07-31 00:00:00+00:00,5,36.857142857142854,40.0,0.9214285714285714
2024-08-01 00:00:00+00:00,3,25.857142857142858,39.266666666666666,0.6585010914382732
2024-08-02 00:00:00+00:00,2,26.142857142857142,39.166666666666664,0.6674772036474165
2024-08-03 00:00:00+00:00,2,15.857142857142858,39.2,0.4045189504373178
2024-08-04 00:00:00+00:00,0,9.0,39.166666666666664,0.22978723404255322
2024-08-05 00:00:00+00:00,1,5.714285714285714,39.166666666666664,0.14589665653495443
2024-08-06 00:00:00+00:00,1,2.0,39.1,0.05115089514066496
2024-08-07 00:00:00+00:00,5,2.0,38.86666666666667,0.051457975986277875
2024-08-08 00:00:00+00:00,19,4.285714285714286,38.4,0.11160714285714286
2024-08-09 00:00:00+00:00,23,7.285714285714286,36.2,0.2012628255722178
2024-08-10 00:00:00+00:00,26,10.714285714285714,34.86666666666667,0.30729308931985794
2024-08-11 00:00:00+00:00,11,12.285714285714286,32.666666666666664,0.37609329446064144
2024-08-12 00:00:00+00:00,69,22.0,33.333333333333336,0.6599999999999999
2024-08-13 00:00:00+00:00,27,25.714285714285715,31.766666666666666,0.8094738420026983
2024-08-14 00:00:00+00:00,8,26.142857142857142,29.433333333333334,0.8882057919430513
2024-08-15 00:00:00+00:00,3,23.857142857142858,27.133333333333333,0.8792558792558793
2024-08-16 00:00:00+00:00,4,21.142857142857142,24.166666666666668,0.8748768472906403
2024-08-17 00:00:00+00:00,6,18.285714285714285,22.766666666666666,0.8031792512026773
2024-08-18 00:00:00+00:00,12,18.428571428571427,22.033333333333335,0.8363950724011237
2024-08-19 00:00:00+00:00,24,12.0,21.666666666666668,0.5538461538461538
2024-08-20 00:00:00+00:00,31,12.571428571428571,20.933333333333334,0.6005459508644222
2024-08-21 00:00:00+00:00,27,15.285714285714286,20.6,0.7420249653259362
2024-08-22 00:00:00+00:00,46,21.428571428571427,21.233333333333334,1.009194886745907
2024-08-23 00:00:00+00:00,63,29.857142857142858,22.366666666666667,1.334894613583138
2024-08-24 00:00:00+00:00,85,41.142857142857146,22.533333333333335,1.8258664412510566
2024-08-25 00:00:00+00:00,49,46.42857142857143,24.166666666666668,1.9211822660098523
2024-08-26 00:00:00+00:00,28,47.0,22.633333333333333,2.0765832106038293
2024-08-27 00:00:00+00:00,12,44.285714285714285,21.433333333333334,2.066207509442346
2024-08-28 00:00:00+00:00,17,42.857142857142854,21.2,2.0215633423180592
2024-08-29 00:00:00+00:00,18,38.857142857142854,20.9,1.8591934381408066
2024-08-30 00:00:00+00:00,43,36.0,22.166666666666668,1.6240601503759398
2024-08-31 00:00:00+00:00,74,34.42857142857143,24.533333333333335,1.40333850931677
2024-09-01 00:00:00+00:00,62,36.285714285714285,26.533333333333335,1.3675520459440056
2024-09-02 00:00:00+00:00,55,40.142857142857146,28.3,1.4184755174154469
2024-09-03 00:00:00+00:00,40,44.142857142857146,29.633333333333333,1.4896352241684077
2024-09-04 00:00:00+00:00,51,49.0,31.3,1.5654952076677315
2024-09-05 00:00:00+00:00,8,47.57142857142857,31.533333333333335,1.508607671398369
2024-09-06 00:00:00+00:00,6,42.285714285714285,31.566666666666666,1.3395685623774325
2024-09-07 00:00:00+00:00,3,32.142857142857146,31.033333333333335,1.035752646923431
2024-09-08 00:00:00+00:00,20,26.142857142857142,30.933333333333334,0.8451354679802956
2024-09-09 00:00:00+00:00,37,23.571428571428573,31.3,0.7530807850296668
2024-09-10 00:00:00+00:00,70,27.857142857142858,33.266666666666666,0.8373890638419696
2024-09-11 00:00:00+00:00,37,25.857142857142858,32.2,0.80301685891748
2024-09-12 00:00:00+00:00,36,29.857142857142858,32.5,0.9186813186813187
2024-09-13 00:00:00+00:00,33,33.714285714285715,33.333333333333336,1.0114285714285713
2024-09-14 00:00:00+00:00,30,37.57142857142857,34.233333333333334,1.0975100848518569
2024-09-15 00:00:00+00:00,25,38.285714285714285,34.93333333333333,1.0959651035986915
2024-09-16 00:00:00+00:00,1,33.142857142857146,34.766666666666666,0.9532940693055747
2024-09-17 00:00:00+00:00,1,23.285714285714285,34.4,0.6769102990033222
2024-09-18 00:00:00+00:00,2,18.285714285714285,33.666666666666664,0.5431400282885431
2024-09-19 00:00:00+00:00,4,13.714285714285714,32.766666666666666,0.4185438163057695
2024-09-20 00:00:00+00:00,6,9.857142857142858,32.06666666666667,0.3073953073953074
2024-09-21 00:00:00+00:00,82,17.285714285714285,33.266666666666666,0.5196106498711709
2024-09-22 00:00:00+00:00,70,23.714285714285715,33.5,0.7078891257995736
2024-09-23 00:00:00+00:00,70,33.57142857142857,33.0,1.0173160173160172
2024-09-24 00:00:00+00:00,68,43.142857142857146,33.63333333333333,1.2827410448817784
2024-09-25 00:00:00+00:00,78,54.0,35.3,1.529745042492918
2024-09-26 00:00:00+00:00,87,65.85714285714286,37.8,1.742252456538171
2024-09-27 00:00:00+00:00,91,78.0,40.266666666666666,1.9370860927152318
2024-09-28 00:00:00+00:00,48,73.14285714285714,41.266666666666666,1.7724440341564736
2024-09-29 00:00:00+00:00,69,73.0,42.13333333333333,1.7325949367088609
2024-09-30 00:00:00+00:00,49,70.0,41.3,1.6949152542372883
2024-10-01 00:00:00+00:00,47,67.0,40.8,1.6421568627450982
2024-10-02 00:00:00+00:00,61,64.57142857142857,41.0,1.5749128919860627
2024-10-03 00:00:00+00:00,45,58.57142857142857,41.166666666666664,1.4227877385772123
2024-10-04 00:00:00+00:00,55,53.42857142857143,41.3,1.2936700103770322
2024-10-05 00:00:00+00:00,24,50.0,41.833333333333336,1.195219123505976
2024-10-06 00:00:00+00:00,34,45.0,42.766666666666666,1.0522213561964147
2024-10-07 00:00:00+00:00,27,41.857142857142854,43.56666666666667,0.9607607388785658
2024-10-08 00:00:00+00:00,42,41.142857142857146,44.3,0.9287326668816512
2024-10-09 00:00:00+00:00,67,42.0,45.3,0.9271523178807948
2024-10-10 00:00:00+00:00,81,47.142857142857146,45.666666666666664,1.032325338894682
2024-10-11 00:00:00+00:00,65,48.57142857142857,46.6,1.0423053341508277
2024-10-12 00:00:00+00:00,40,50.857142857142854,46.733333333333334,1.088241287955981
2024-10-13 00:00:00+00:00,20,48.857142857142854,46.3,1.0552298673248997
2024-10-14 00:00:00+00:00,21,48.0,46.0,1.0434782608695652
2024-10-15 00:00:00+00:00,38,47.42857142857143,46.43333333333333,1.021433699107784
2024-10-16 00:00:00+00:00,79,49.142857142857146,49.03333333333333,1.0022336602894049
2024-10-17 00:00:00+00:00,83,49.42857142857143,51.766666666666666,0.954833961917027
2024-10-18 00:00:00+00:00,12,41.857142857142854,52.1,0.8034000548395941
2024-10-19 00:00:00+00:00,74,46.714285714285715,54.43333333333333,0.8581926340652613
2024-10-20 00:00:00+00:00,73,54.285714285714285,56.666666666666664,0.957983193277311
2024-10-21 00:00:00+00:00,49,58.285714285714285,55.56666666666667,1.0489330705287514
2024-10-22 00:00:00+00:00,49,59.857142857142854,54.86666666666667,1.0909564311751432
2024-10-23 00:00:00+00:00,70,58.57142857142857,54.86666666666667,1.067522999479257
2024-10-24 00:00:00+00:00,88,59.285714285714285,55.53333333333333,1.067569885096896
2024-10-25 00:00:00+00:00,32,62.142857142857146,54.0,1.150793650793651
2024-10-26 00:00:00+00:00,81,63.142857142857146,53.8,1.173659054699947
2024-10-27 00:00:00+00:00,84,64.71428571428571,53.56666666666667,1.2081073873233175
2024-10-28 00:00:00+00:00,65,67.0,54.13333333333333,1.2376847290640394
2024-10-29 00:00:00+00:00,81,71.57142857142857,54.53333333333333,1.3124345092560252
2024-10-30 00:00:00+00:00,88,74.14285714285714,55.833333333333336,1.3279317697228143
2024-10-31 00:00:00+00:00,7,62.57142857142857,54.5,1.1480996068152032
2024-11-01 00:00:00+00:00,4,58.57142857142857,52.6,1.11352525801195
2024-11-02 00:00:00+00:00,3,47.42857142857143,51.2,0.9263392857142857
2024-11-03 00:00:00+00:00,7,36.42857142857143,49.6,0.7344470046082949
2024-11-04 00:00:00+00:00,76,38.0,51.333333333333336,0.7402597402597402
2024-11-05 00:00:00+00:00,77,37.42857142857143,52.766666666666666,0.7093222633336342
2024-11-06 00:00:00+00:00,50,32.0,53.53333333333333,0.5977584059775841
2024-11-07 00:00:00+00:00,76,41.857142857142854,54.666666666666664,0.7656794425087108
2024-11-08 00:00:00+00:00,83,53.142857142857146,55.2,0.9627329192546584
2024-11-09 00:00:00+00:00,90,65.57142857142857,55.5,1.1814671814671813
2024-11-10 00:00:00+00:00,88,77.14285714285714,56.266666666666666,1.3710223425863235
2024-11-11 00:00:00+00:00,88,78.85714285714286,57.86666666666667,1.3627386438446347
2024-11-12 00:00:00+00:00,42,73.85714285714286,58.6,1.2603607996099464
2024-11-13 00:00:00+00:00,81,78.28571428571429,60.6,1.291843470061292
2024-11-14 00:00:00+00:00,40,73.14285714285714,60.666666666666664,1.205651491365777
2024-11-15 00:00:00+00:00,31,65.71428571428571,59.06666666666667,1.112544340535311
2024-11-16 00:00:00+00:00,54,60.57142857142857,58.1,1.0425374969264813
2024-11-17 00:00:00+00:00,61,56.714285714285715,59.733333333333334,0.9494579081632654
2024-11-18 00:00:00+00:00,78,55.285714285714285,59.86666666666667,0.9234807508749602
2024-11-19 00:00:00+00:00,44,55.57142857142857,58.9,0.9434877516371574
2024-11-20 00:00:00+00:00,33,48.714285714285715,58.36666666666667,0.8346251121807946
2024-11-21 00:00:00+00:00,46,49.57142857142857,58.266666666666666,0.8507682249101013
2024-11-22 00:00:00+00:00,92,58.285714285714285,59.0,0.9878934624697336
2024-11-23 00:00:00+00:00,40,56.285714285714285,57.4,0.9805873568939771
2024-11-24 00:00:00+00:00,36,52.714285714285715,57.53333333333333,0.916239033272637
2024-11-25 00:00:00+00:00,30,45.857142857142854,55.833333333333336,0.821321961620469
2024-11-26 00:00:00+00:00,44,45.857142857142854,54.5,0.8414154652686763
2024-11-27 00:00:00+00:00,85,53.285714285714285,55.166666666666664,0.9659041864479931
2024-11-28 00:00:00+00:00,92,59.857142857142854,55.53333333333333,1.0778597153146974
2024-11-29 00:00:00+00:00,85,58.857142857142854,55.43333333333333,1.0617644532256678
2024-11-30 00:00:00+00:00,39,58.714285714285715,56.5,1.0391908975979773
2024-12-01 00:00:00+00:00,45,60.0,57.86666666666667,1.0368663594470047
2024-12-02 00:00:00+00:00,37,61.0,59.0,1.0338983050847457
2024-12-03 00:00:00+00:00,47,61.42857142857143,60.333333333333336,1.0181531176006313
2024-12-04 00:00:00+00:00,72,59.57142857142857,60.2,0.9895586141433317
2024-12-05 00:00:00+00:00,72,56.714285714285715,60.03333333333333,0.944713254541128
2024-12-06 00:00:00+00:00,65,53.857142857142854,60.53333333333333,0.8897105097545626
2024-12-07 00:00:00+00:00,79,59.57142857142857,60.63333333333333,0.9824864525249352
2024-12-08 00:00:00+00:00,32,57.714285714285715,58.93333333333333,0.9793148028442147
2024-12-09 00:00:00+00:00,55,60.285714285714285,57.766666666666666,1.043607287115654
2024-12-10 00:00:00+00:00,8,54.714285714285715,55.1,0.9929997407311382
2024-12-11 00:00:00+00:00,86,56.714285714285715,55.03333333333333,1.0305442588907157
2024-12-12 00:00:00+00:00,87,58.857142857142854,56.53333333333333,1.0411051212938005
2024-12-13 00:00:00+00:00,79,60.857142857142854,56.46666666666667,1.077753415415753
2024-12-14 00:00:00+00:00,62,58.42857142857143,57.2,1.0214785214785214
2024-12-15 00:00:00+00:00,66,63.285714285714285,58.36666666666667,1.084278371542792
2024-12-16 00:00:00+00:00,60,64.0,58.56666666666667,1.0927717700626067
2024-12-17 00:00:00+00:00,72,73.14285714285714,58.93333333333333,1.2411118293471235
2024-12-18 00:00:00+00:00,5,61.57142857142857,56.5,1.0897597977243993
2024-12-19 00:00:00+00:00,3,49.57142857142857,55.13333333333333,0.8991190188288133
2024-12-20 00:00:00+00:00,3,38.714285714285715,54.13333333333333,0.7151653764954258
2024-12-21 00:00:00+00:00,7,30.857142857142858,52.833333333333336,0.5840468679585399
2024-12-22 00:00:00+00:00,16,23.714285714285715,50.3,0.47145697245100826
2024-12-23 00:00:00+00:00,50,22.285714285714285,50.63333333333333,0.4401391893162795
2024-12-24 00:00:00+00:00,36,17.142857142857142,50.63333333333333,0.33856860716636883
2024-12-25 00:00:00+00:00,21,19.428571428571427,50.333333333333336,0.38599810785241245
2024-12-26 00:00:00+00:00,23,22.285714285714285,49.63333333333333,0.44900700374172503
2024-12-27 00:00:00+00:00,39,27.428571428571427,48.1,0.5702405702405702
2024-12-28 00:00:00+00:00,75,37.142857142857146,47.53333333333333,0.781406531757163
2024-12-29 00:00:00+00:00,59,43.285714285714285,46.666666666666664,0.9275510204081633
2024-12-30 00:00:00+00:00,61,44.857142857142854,47.4,0.9463532248342374
2024-12-31 00:00:00+00:00,59,48.142857142857146,47.86666666666667,1.0057699960206925
2025-01-01 00:00:00+00:00,59,53.57142857142857,48.6,1.1022927689594355
2025-01-02 00:00:00+00:00,52,57.714285714285715,48.766666666666666,1.183478175959379
2025-01-03 00:00:00+00:00,56,60.142857142857146,48.233333333333334,1.2469147990917169
2025-01-04 00:00:00+00:00,65,58.714285714285715,48.0,1.2232142857142858
2025-01-05 00:00:00+00:00,85,62.42857142857143,48.666666666666664,1.282778864970646
2025-01-06 00:00:00+00:00,41,59.57142857142857,47.4,1.2567811934900543
2025-01-07 00:00:00+00:00,30,55.42857142857143,47.333333333333336,1.1710261569416498
2025-01-08 00:00:00+00:00,62,55.857142857142854,47.56666666666667,1.1742917208929822
2025-01-09 00:00:00+00:00,60,57.0,49.3,1.156186612576065
2025-01-10 00:00:00+00:00,71,59.142857142857146,48.8,1.2119437939110072
2025-01-11 00:00:00+00:00,31,54.285714285714285,46.93333333333333,1.1566558441558443
2025-01-12 00:00:00+00:00,8,43.285714285714285,44.56666666666667,0.971257612992841
2025-01-13 00:00:00+00:00,37,42.714285714285715,43.733333333333334,0.976698606271777
2025-01-14 00:00:00+00:00,52,45.857142857142854,43.266666666666666,1.0598723310587717
2025-01-15 00:00:00+00:00,89,49.714285714285715,44.233333333333334,1.1239100010765422
2025-01-16 00:00:00+00:00,94,54.57142857142857,44.96666666666667,1.21359737371598
2025-01-17 00:00:00+00:00,88,57.0,47.733333333333334,1.1941340782122905
2025-01-18 00:00:00+00:00,40,58.285714285714285,48.96666666666667,1.190314110668093
2025-01-19 00:00:00+00:00,18,59.714285714285715,49.46666666666667,1.2071621101270698
2025-01-20 00:00:00+00:00,19,57.142857142857146,49.86666666666667,1.145912910618793
2025-01-21 00:00:00+00:00,30,54.0,50.333333333333336,1.0728476821192052
2025-01-22 00:00:00+00:00,85,53.42857142857143,51.5,1.0374479889042996
2025-01-23 00:00:00+00:00,91,53.0,53.333333333333336,0.9937499999999999
2025-01-24 00:00:00+00:00,93,53.714285714285715,55.733333333333334,0.963773069036227
2025-01-25 00:00:00+00:00,87,60.42857142857143,57.86666666666667,1.0442725477287689
2025-01-26 00:00:00+00:00,75,68.57142857142857,59.06666666666667,1.1609158336020637
2025-01-27 00:00:00+00:00,37,71.14285714285714,57.8,1.2308452792881859
2025-01-28 00:00:00+00:00,21,69.85714285714286,56.53333333333333,1.235680592991914
2025-01-29 00:00:00+00:00,27,61.57142857142857,55.4,1.111397627643115
2025-01-30 00:00:00+00:00,23,51.857142857142854,54.2,0.9567738534528202
2025-01-31 00:00:00+00:00,24,42.0,53.03333333333333,0.7919547454431176
2025-02-01 00:00:00+00:00,16,31.857142857142858,51.833333333333336,0.6146072576940744
2025-02-02 00:00:00+00:00,11,22.714285714285715,50.333333333333336,0.4512771996215705
2025-02-03 00:00:00+00:00,7,18.428571428571427,48.4,0.3807556080283353
2025-02-04 00:00:00+00:00,10,16.857142857142858,45.9,0.36725801431683786
2025-02-05 00:00:00+00:00,17,15.428571428571429,45.1,0.34209692746278114
2025-02-06 00:00:00+00:00,24,15.571428571428571,44.9,0.3468024180719058
2025-02-07 00:00:00+00:00,13,14.0,43.266666666666666,0.3235747303543914
2025-02-08 00:00:00+00:00,27,15.571428571428571,42.166666666666664,0.3692828910220215
2025-02-09 00:00:00+00:00,25,17.571428571428573,40.63333333333333,0.43243876713934143
2025-02-10 00:00:00+00:00,17,19.0,40.166666666666664,0.47302904564315357
2025-02-11 00:00:00+00:00,18,20.142857142857142,40.5,0.4973544973544973
2025-02-12 00:00:00+00:00,38,23.142857142857142,40.53333333333333,0.5709586466165414
2025-02-13 00:00:00+00:00,90,32.57142857142857,41.8,0.7792207792207793
2025-02-14 00:00:00+00:00,60,39.285714285714285,40.833333333333336,0.9620991253644314
2025-02-15 00:00:00+00:00,30,39.714285714285715,38.7,1.0262089331856774
2025-02-16 00:00:00+00:00,35,41.142857142857146,36.93333333333333,1.1139762764311503
2025-02-17 00:00:00+00:00,42,44.714285714285715,37.0,1.2084942084942085
2025-02-18 00:00:00+00:00,81,53.714285714285715,39.1,1.3737668980635733
2025-02-19 00:00:00+00:00,76,59.142857142857146,41.0,1.4425087108013939
2025-02-20 00:00:00+00:00,60,54.857142857142854,42.0,1.3061224489795917
2025-02-21 00:00:00+00:00,66,55.714285714285715,41.36666666666667,1.3468401059053758
2025-02-22 00:00:00+00:00,44,57.714285714285715,39.8,1.4501076812634603
2025-02-23 00:00:00+00:00,34,57.57142857142857,37.833333333333336,1.5217117684078034
2025-02-24 00:00:00+00:00,7,52.57142857142857,35.166666666666664,1.4949221394719026
2025-02-25 00:00:00+00:00,15,43.142857142857146,33.166666666666664,1.300789662598708
2025-02-26 00:00:00+00:00,7,33.285714285714285,32.166666666666664,1.0347890451517394
2025-02-27 00:00:00+00:00,6,25.571428571428573,31.666666666666668,0.8075187969924812
2025-02-28 00:00:00+00:00,6,17.0,30.966666666666665,0.5489773950484392
2025-03-01 00:00:00+00:00,10,12.142857142857142,30.533333333333335,0.39769182782283213
2025-03-02 00:00:00+00:00,32,11.857142857142858,30.8,0.3849721706864564
2025-03-03 00:00:00+00:00,22,14.0,31.0,0.45161290322580644
2025-03-04 00:00:00+00:00,19,14.571428571428571,31.266666666666666,0.46603716113310995
2025-03-05 00:00:00+00:00,26,17.285714285714285,31.9,0.541871921182266
2025-03-06 00:00:00+00:00,22,19.571428571428573,32.3,0.6059265811587794
2025-03-07 00:00:00+00:00,19,21.428571428571427,32.36666666666667,0.6620567897601882
2025-03-08 00:00:00+00:00,6,20.857142857142858,31.766666666666666,0.6565732274021886
2025-03-09 00:00:00+00:00,5,17.0,31.5,0.5396825396825397
2025-03-10 00:00:00+00:00,2,14.142857142857142,30.666666666666668,0.46118012422360244
2025-03-11 00:00:00+00:00,3,11.857142857142858,29.933333333333334,0.3961183582564429
2025-03-12 00:00:00+00:00,6,9.0,29.566666666666666,0.3043968432919955
2025-03-13 00:00:00+00:00,9,7.142857142857143,29.266666666666666,0.2440611780019525
2025-03-14 00:00:00+00:00,10,5.857142857142857,28.333333333333332,0.20672268907563024
2025-03-15 00:00:00+00:00,12,6.714285714285714,25.733333333333334,0.2609178386380459
2025-03-16 00:00:00+00:00,14,8.0,24.2,0.3305785123966942
2025-03-17 00:00:00+00:00,32,12.285714285714286,24.266666666666666,0.5062794348508635
2025-03-18 00:00:00+00:00,46,18.428571428571427,24.633333333333333,0.7481152136091243
2025-03-19 00:00:00+00:00,73,28.0,25.666666666666668,1.0909090909090908
2025-03-20 00:00:00+00:00,19,29.428571428571427,23.6,1.2469733656174333
2025-03-21 00:00:00+00:00,18,30.571428571428573,21.666666666666668,1.410989010989011
2025-03-22 00:00:00+00:00,45,35.285714285714285,21.166666666666668,1.667041619797525
2025-03-23 00:00:00+00:00,55,41.142857142857146,20.8,1.978021978021978
2025-03-24 00:00:00+00:00,65,45.857142857142854,21.5,2.132890365448505
2025-03-25 00:00:00+00:00,33,44.0,21.466666666666665,2.049689440993789
2025-03-26 00:00:00+00:00,40,39.285714285714285,22.566666666666666,1.7408736020257438
2025-03-27 00:00:00+00:00,61,45.285714285714285,24.1,1.8790752815649079
2025-03-28 00:00:00+00:00,43,48.857142857142854,25.3,1.9311123658949745
2025-03-29 00:00:00+00:00,7,43.42857142857143,25.333333333333332,1.7142857142857144
2025-03-30 00:00:00+00:00,6,36.42857142857143,25.333333333333332,1.4379699248120301
2025-03-31 00:00:00+00:00,8,28.285714285714285,25.266666666666666,1.119487372785526
2025-04-01 00:00:00+00:00,11,25.142857142857142,24.566666666666666,1.023454157782516
2025-04-02 00:00:00+00:00,14,21.428571428571427,24.3,0.8818342151675485
2025-04-03 00:00:00+00:00,32,17.285714285714285,24.733333333333334,0.6988833269156719
2025-04-04 00:00:00+00:00,39,16.714285714285715,25.166666666666668,0.6641438032166509
2025-04-05 00:00:00+00:00,52,23.142857142857142,26.166666666666668,0.8844404003639672
2025-04-06 00:00:00+00:00,4,22.857142857142858,25.666666666666668,0.8905380333951762
2025-04-07 00:00:00+00:00,4,22.285714285714285,25.6,0.8705357142857142
2025-04-08 00:00:00+00:00,4,21.285714285714285,25.566666666666666,0.8325572732352393
2025-04-09 00:00:00+00:00,8,20.428571428571427,25.766666666666666,0.7928294215486971
2025-04-10 00:00:00+00:00,7,16.857142857142858,25.9,0.6508549365692223
2025-04-11 00:00:00+00:00,20,14.142857142857142,26.366666666666667,0.5363915477695502
2025-04-12 00:00:00+00:00,32,11.285714285714286,27.133333333333333,0.415935415935416
2025-04-13 00:00:00+00:00,77,21.714285714285715,29.366666666666667,0.7394194908383331
2025-04-14 00:00:00+00:00,55,29.0,30.8,0.9415584415584415
2025-04-15 00:00:00+00:00,2,28.714285714285715,30.4,0.9445488721804512
2025-04-16 00:00:00+00:00,2,27.857142857142858,29.4,0.9475218658892129
2025-04-17 00:00:00+00:00,2,27.142857142857142,27.933333333333334,0.9717013296965564
2025-04-18 00:00:00+00:00,61,33.0,27.533333333333335,1.198547215496368
2025-04-19 00:00:00+00:00,43,34.57142857142857,28.333333333333332,1.2201680672268906
2025-04-20 00:00:00+00:00,55,31.428571428571427,29.566666666666666,1.0629731035593493
2025-04-21 00:00:00+00:00,51,30.857142857142858,29.766666666666666,1.036634138537834
2025-04-22 00:00:00+00:00,50,37.714285714285715,29.6,1.274131274131274
2025-04-23 00:00:00+00:00,67,47.0,29.666666666666668,1.5842696629213482
2025-04-24 00:00:00+00:00,89,59.42857142857143,31.533333333333335,1.8846270009060706
2025-04-25 00:00:00+00:00,38,56.142857142857146,31.466666666666665,1.7842009685230027
2025-04-26 00:00:00+00:00,43,56.142857142857146,30.866666666666667,1.8188830607837088
2025-04-27 00:00:00+00:00,94,61.714285714285715,32.56666666666667,1.895013890919725
2025-04-28 00:00:00+00:00,57,62.57142857142857,34.233333333333334,1.827792460703853
2025-04-29 00:00:00+00:00,59,63.857142857142854,36.0,1.7738095238095237
2025-04-30 00:00:00+00:00,80,65.71428571428571,38.4,1.7113095238095237
2025-05-01 00:00:00+00:00,96,66.71428571428571,41.233333333333334,1.6179697424644877
2025-05-02 00:00:00+00:00,85,73.42857142857143,43.6,1.6841415465268676
2025-05-03 00:00:00+00:00,99,81.42857142857143,45.833333333333336,1.7766233766233765
2025-05-04 00:00:00+00:00,94,81.42857142857143,47.666666666666664,1.7082917082917084
2025-05-05 00:00:00+00:00,72,83.57142857142857,48.333333333333336,1.7290640394088668
2025-05-06 00:00:00+00:00,91,88.14285714285714,51.233333333333334,1.720420113393438
2025-05-07 00:00:00+00:00,65,86.0,53.266666666666666,1.6145181476846058
2025-05-08 00:00:00+00:00,34,77.14285714285714,54.266666666666666,1.4215514215514216
2025-05-09 00:00:00+00:00,34,69.85714285714286,55.13333333333333,1.2670582138538609
2025-05-10 00:00:00+00:00,38,61.142857142857146,56.166666666666664,1.0885968630775753
2025-05-11 00:00:00+00:00,62,56.57142857142857,57.56666666666667,0.9827115559599635
2025-05-12 00:00:00+00:00,48,53.142857142857146,58.1,0.914679124661913
2025-05-13 00:00:00+00:00,48,47.0,57.13333333333333,0.822637106184364
2025-05-14 00:00:00+00:00,41,43.57142857142857,56.666666666666664,0.7689075630252101
2025-05-15 00:00:00+00:00,25,42.285714285714285,57.43333333333333,0.7362573584279911
2025-05-16 00:00:00+00:00,22,40.57142857142857,58.1,0.6983034177526432
2025-05-17 00:00:00+00:00,24,38.57142857142857,58.833333333333336,0.6556050182112504
2025-05-18 00:00:00+00:00,28,33.714285714285715,57.733333333333334,0.5839656878917849
2025-05-19 00:00:00+00:00,39,32.42857142857143,57.6,0.5629960317460317
2025-05-20 00:00:00+00:00,31,30.0,56.8,0.5281690140845071
2025-05-21 00:00:00+00:00,87,36.57142857142857,58.0,0.6305418719211823
2025-05-22 00:00:00+00:00,78,44.142857142857146,58.93333333333333,0.7490303813833227
2025-05-23 00:00:00+00:00,92,54.142857142857146,59.766666666666666,0.9059039120388814
2025-05-24 00:00:00+00:00,81,62.285714285714285,59.5,1.0468187274909964
2025-05-25 00:00:00+00:00,69,68.14285714285714,60.53333333333333,1.1257079924480806
2025-05-26 00:00:00+00:00,65,71.85714285714286,61.266666666666666,1.1728586973418313
2025-05-27 00:00:00+00:00,52,74.85714285714286,59.86666666666667,1.2503977091950367
2025-05-28 00:00:00+00:00,46,69.0,59.5,1.1596638655462186
2025-05-29 00:00:00+00:00,19,60.57142857142857,58.166666666666664,1.0413426115431845
2025-05-30 00:00:00+00:00,24,50.857142857142854,56.3,0.9033240294341538
2025-05-31 00:00:00+00:00,16,41.57142857142857,53.63333333333333,0.775104323892391
2025-06-01 00:00:00+00:00,30,36.0,51.8,0.694980694980695
2025-06-02 00:00:00+00:00,26,30.428571428571427,49.36666666666667,0.6163788945693064
2025-06-03 00:00:00+00:00,54,30.714285714285715,48.03333333333333,0.6394368989788838
2025-06-04 00:00:00+00:00,51,31.428571428571427,47.333333333333336,0.663983903420523
2025-06-05 00:00:00+00:00,64,37.857142857142854,46.43333333333333,0.8153009947697673
2025-06-06 00:00:00+00:00,62,43.285714285714285,46.333333333333336,0.9342240493319629
2025-06-07 00:00:00+00:00,80,52.42857142857143,47.86666666666667,1.0953044170314366
2025-06-08 00:00:00+00:00,43,54.285714285714285,48.166666666666664,1.1270390509144834
2025-06-09 00:00:00+00:00,43,56.714285714285715,48.333333333333336,1.173399014778325
2025-06-10 00:00:00+00:00,47,55.714285714285715,47.833333333333336,1.1647585863613739
2025-06-11 00:00:00+00:00,68,58.142857142857146,48.5,1.198821796759941
2025-06-12 00:00:00+00:00,41,54.857142857142854,48.266666666666666,1.1365430149960536
2025-06-13 00:00:00+00:00,27,49.857142857142854,47.8,1.0430364614465033
2025-06-14 00:00:00+00:00,43,44.57142857142857,48.4,0.9208972845336482
2025-06-15 00:00:00+00:00,84,50.42857142857143,50.46666666666667,0.9992451405925646
2025-06-16 00:00:00+00:00,84,56.285714285714285,52.46666666666667,1.0727899800326737
2025-06-17 00:00:00+00:00,75,60.285714285714285,54.03333333333333,1.1157134044240768
2025-06-18 00:00:00+00:00,46,57.142857142857146,54.266666666666666,1.0530010530010532
2025-06-19 00:00:00+00:00,48,58.142857142857146,54.833333333333336,1.0603560573165436
2025-06-20 00:00:00+00:00,73,64.71428571428571,54.36666666666667,1.1903302093369534
2025-06-21 00:00:00+00:00,59,67.0,53.733333333333334,1.2468982630272953
2025-06-22 00:00:00+00:00,36,60.142857142857146,51.86666666666667,1.1595666544252663
2025-06-23 00:00:00+00:00,21,51.142857142857146,49.86666666666667,1.0255920550038198
2025-06-24 00:00:00+00:00,32,45.0,48.63333333333333,0.9252912954078136
2025-06-25 00:00:00+00:00,59,46.857142857142854,48.43333333333333,0.967456493953397
2025-06-26 00:00:00+00:00,58,48.285714285714285,48.63333333333333,0.9928522471360032
2025-06-27 00:00:00+00:00,78,49.0,49.7,0.9859154929577464
2025-06-28 00:00:00+00:00,81,52.142857142857146,51.766666666666666,1.007267040750621
2025-06-29 00:00:00+00:00,25,50.57142857142857,51.8,0.9762824048538334
2025-06-30 00:00:00+00:00,71,57.714285714285715,53.63333333333333,1.0760898517268933
2025-07-01 00:00:00+00:00,32,57.714285714285715,53.7,1.0747539239159352
2025-07-02 00:00:00+00:00,23,52.57142857142857,53.6,0.9808102345415778
2025-07-03 00:00:00+00:00,29,48.42857142857143,52.766666666666666,0.917787203321
2025-07-04 00:00:00+00:00,74,47.857142857142854,53.53333333333333,0.8939690446539761
2025-07-05 00:00:00+00:00,31,40.714285714285715,52.43333333333333,0.7764962310416856
2025-07-06 00:00:00+00:00,60,45.714285714285715,52.36666666666667,0.8729653541875056
2025-07-07 00:00:00+00:00,59,44.0,51.666666666666664,0.8516129032258065
2025-07-08 00:00:00+00:00,59,47.857142857142854,52.2,0.9168035030103995
2025-07-09 00:00:00+00:00,77,55.57142857142857,53.333333333333336,1.0419642857142857
2025-07-10 00:00:00+00:00,47,58.142857142857146,53.333333333333336,1.0901785714285714
2025-07-11 00:00:00+00:00,55,55.42857142857143,52.9,1.047799081825547
2025-07-12 00:00:00+00:00,75,61.714285714285715,54.03333333333333,1.1421521106900503
2025-07-13 00:00:00+00:00,98,67.14285714285714,56.4,1.1904761904761905
2025-07-14 00:00:00+00:00,90,71.57142857142857,57.96666666666667,1.234699745338043
2025-07-15 00:00:00+00:00,77,74.14285714285714,57.733333333333334,1.2842296271857472
2025-07-16 00:00:00+00:00,58,71.42857142857143,56.86666666666667,1.2560710098810919
2025-07-17 00:00:00+00:00,38,70.14285714285714,55.63333333333333,1.260806299751776
2025-07-18 00:00:00+00:00,23,65.57142857142857,54.86666666666667,1.1951050164901926
2025-07-19 00:00:00+00:00,21,57.857142857142854,53.96666666666667,1.072090355598694
2025-07-20 00:00:00+00:00,25,47.42857142857143,52.36666666666667,0.9057015549695372
2025-07-21 00:00:00+00:00,25,38.142857142857146,51.233333333333334,0.7444929826192026
2025-07-22 00:00:00+00:00,41,33.0,51.4,0.642023346303502
2025-07-23 00:00:00+00:00,48,31.571428571428573,52.3,0.6036602021305655
2025-07-24 00:00:00+00:00,56,34.142857142857146,53.1,0.6429916599408125
2025-07-25 00:00:00+00:00,52,38.285714285714285,52.86666666666667,0.7241938389479373
2025-07-26 00:00:00+00:00,48,42.142857142857146,52.53333333333333,0.8022117476432198
2025-07-27 00:00:00+00:00,42,44.57142857142857,51.333333333333336,0.8682745825602968
2025-07-28 00:00:00+00:00,28,45.0,49.56666666666667,0.9078681909885675
2025-07-29 00:00:00+00:00,51,46.42857142857143,50.43333333333333,0.9205929562836371
2025-07-30 00:00:00+00:00,41,45.42857142857143,49.43333333333333,0.9189866101531645
2025-07-31 00:00:00+00:00,61,46.142857142857146,50.4,0.9155328798185942
2025-08-01 00:00:00+00:00,4,39.285714285714285,49.766666666666666,0.7893981437183044
2025-08-02 00:00:00+00:00,53,40.0,50.56666666666667,0.7910349373764007
2025-08-03 00:00:00+00:00,64,43.142857142857146,50.233333333333334,0.8588491800170632
2025-08-04 00:00:00+00:00,91,52.142857142857146,52.233333333333334,0.9982678457471055
2025-08-05 00:00:00+00:00,100,59.142857142857146,53.56666666666667,1.1040981420570717
2025-08-06 00:00:00+00:00,88,65.85714285714286,54.53333333333333,1.2076493188962627
2025-08-07 00:00:00+00:00,69,67.0,54.86666666666667,1.221142162818955
2025-08-08 00:00:00+00:00,28,70.42857142857143,53.233333333333334,1.3230163699794257
2025-08-09 00:00:00+00:00,30,67.14285714285714,52.666666666666664,1.274864376130199
2025-08-10 00:00:00+00:00,36,63.142857142857146,52.03333333333333,1.2135078246545257
2025-08-11 00:00:00+00:00,82,61.857142857142854,52.266666666666666,1.1834912536443147
2025-08-12 00:00:00+00:00,59,56.0,50.96666666666667,1.0987573577501635
2025-08-13 00:00:00+00:00,44,49.714285714285715,49.43333333333333,1.005683460167614
2025-08-14 00:00:00+00:00,22,43.0,47.6,0.9033613445378151
2025-08-15 00:00:00+00:00,25,42.57142857142857,46.5,0.9155145929339478
2025-08-16 00:00:00+00:00,70,48.285714285714285,47.56666666666667,1.0151166282911201
2025-08-17 00:00:00+00:00,44,49.42857142857143,48.266666666666666,1.0240726124704025
2025-08-18 00:00:00+00:00,6,38.57142857142857,47.766666666666666,0.807496760043864
2025-08-19 00:00:00+00:00,5,30.857142857142858,47.1,0.6551410373066424
2025-08-20 00:00:00+00:00,7,25.571428571428573,46.5,0.5499231950844854
2025-08-21 00:00:00+00:00,19,25.142857142857142,45.766666666666666,0.5493705129539069
2025-08-22 00:00:00+00:00,26,25.285714285714285,45.03333333333333,0.5614888442423601
2025-08-23 00:00:00+00:00,28,19.285714285714285,44.1,0.4373177842565597
2025-08-24 00:00:00+00:00,37,18.285714285714285,43.6,0.41939711664482304
2025-08-25 00:00:00+00:00,66,26.857142857142858,44.2,0.6076276664511958
2025-08-26 00:00:00+00:00,63,35.142857142857146,44.9,0.7826916958320077
2025-08-27 00:00:00+00:00,64,43.285714285714285,46.1,0.9389525875426091
2025-08-28 00:00:00+00:00,46,47.142857142857146,45.93333333333333,1.0263321584076301
2025-08-29 00:00:00+00:00,76,54.285714285714285,47.1,1.1525629360024263
2025-08-30 00:00:00+00:00,31,54.714285714285715,46.1,1.186860861481252
2025-08-31 00:00:00+00:00,16,51.714285714285715,46.5,1.1121351766513057
2025-09-01 00:00:00+00:00,13,44.142857142857146,45.166666666666664,0.977332630469162
2025-09-02 00:00:00+00:00,24,38.57142857142857,43.833333333333336,0.8799565453557848
2025-09-03 00:00:00+00:00,34,34.285714285714285,41.93333333333333,0.8176243470361118
2025-09-04 00:00:00+00:00,42,33.714285714285715,40.0,0.8428571428571429
2025-09-05 00:00:00+00:00,27,26.714285714285715,37.96666666666667,0.7036247334754797
2025-09-06 00:00:00+00:00,25,25.857142857142858,36.5,0.7084148727984344
2025-09-07 00:00:00+00:00,40,29.285714285714285,36.9,0.7936507936507936
2025-09-08 00:00:00+00:00,46,34.0,37.43333333333333,0.9082813891362422
2025-09-09 00:00:00+00:00,35,35.57142857142857,37.4,0.9511077158135981
2025-09-10 00:00:00+00:00,41,36.57142857142857,36.03333333333333,1.0149332628518568
2025-09-11 00:00:00+00:00,66,40.0,36.266666666666666,1.1029411764705883
2025-09-12 00:00:00+00:00,20,39.0,35.46666666666667,1.099624060150376
2025-09-13 00:00:00+00:00,14,37.42857142857143,35.2,1.0633116883116882
2025-09-14 00:00:00+00:00,47,38.42857142857143,35.93333333333333,1.0694407633183145
2025-09-15 00:00:00+00:00,54,39.57142857142857,35.4,1.1178369652945923
2025-09-16 00:00:00+00:00,44,40.857142857142854,35.4,1.1541565778853915
2025-09-17 00:00:00+00:00,71,45.142857142857146,37.56666666666667,1.201673215870199
2025-09-18 00:00:00+00:00,80,47.142857142857146,40.06666666666667,1.1766104112193962
2025-09-19 00:00:00+00:00,83,56.142857142857146,42.6,1.3179074446680081
2025-09-20 00:00:00+00:00,38,59.57142857142857,43.233333333333334,1.3779050556228658
2025-09-21 00:00:00+00:00,8,54.0,42.63333333333333,1.2666145426114153
2025-09-22 00:00:00+00:00,8,47.42857142857143,41.96666666666667,1.1301486440485646
2025-09-23 00:00:00+00:00,5,41.857142857142854,40.9,1.0234020258470136
2025-09-24 00:00:00+00:00,5,32.42857142857143,38.86666666666667,0.8343543249203627
2025-09-25 00:00:00+00:00,6,21.857142857142858,36.96666666666667,0.5912662630426382
2025-09-26 00:00:00+00:00,7,11.0,35.06666666666667,0.3136882129277566
2025-09-27 00:00:00+00:00,32,10.142857142857142,34.6,0.2931461601981833
2025-09-28 00:00:00+00:00,27,12.857142857142858,32.96666666666667,0.390004333381482
2025-09-29 00:00:00+00:00,25,15.285714285714286,32.766666666666666,0.46650196192413895
2025-09-30 00:00:00+00:00,15,16.714285714285715,32.733333333333334,0.5106197265056736
2025-10-01 00:00:00+00:00,25,19.571428571428573,33.13333333333333,0.590686979016959
2025-10-02 00:00:00+00:00,36,23.857142857142858,33.53333333333333,0.7114456120420336
2025-10-03 00:00:00+00:00,44,29.142857142857142,33.86666666666667,0.8605174353205849
2025-10-04 00:00:00+00:00,57,32.714285714285715,34.36666666666667,0.9519190799501178
2025-10-05 00:00:00+00:00,70,38.857142857142854,35.8,1.085395051875499
2025-10-06 00:00:00+00:00,76,46.142857142857146,37.5,1.2304761904761905
2025-10-07 00:00:00+00:00,12,45.714285714285715,36.56666666666667,1.250162781612189
2025-10-08 00:00:00+00:00,10,43.57142857142857,35.36666666666667,1.2319913827925137
2025-10-09 00:00:00+00:00,35,43.42857142857143,35.36666666666667,1.227952066783358
2025-10-10 00:00:00+00:00,12,38.857142857142854,34.4,1.1295681063122922
2025-10-11 00:00:00+00:00,6,31.571428571428573,32.4,0.9744268077601412
2025-10-12 00:00:00+00:00,17,24.0,32.3,0.7430340557275542
2025-10-13 00:00:00+00:00,14,15.142857142857142,32.3,0.4688191065900045
2025-10-14 00:00:00+00:00,27,17.285714285714285,31.633333333333333,0.5464398615083547
2025-10-15 00:00:00+00:00,10,17.285714285714285,30.166666666666668,0.5730071033938436
2025-10-16 00:00:00+00:00,7,13.285714285714286,28.933333333333334,0.45918367346938777
2025-10-17 00:00:00+00:00,19,14.285714285714286,27.2,0.5252100840336135
2025-10-18 00:00:00+00:00,23,16.714285714285715,25.3,0.660643704121965
2025-10-19 00:00:00+00:00,51,21.571428571428573,24.233333333333334,0.890155236785223
2025-10-20 00:00:00+00:00,18,22.142857142857142,23.566666666666666,0.9395837542937967
2025-10-21 00:00:00+00:00,55,26.142857142857142,25.133333333333333,1.0401667298219022
2025-10-22 00:00:00+00:00,67,34.285714285714285,27.1,1.265155508697944
2025-10-23 00:00:00+00:00,24,36.714285714285715,27.733333333333334,1.3238324175824177
2025-10-24 00:00:00+00:00,27,37.857142857142854,28.466666666666665,1.329876212780194
2025-10-25 00:00:00+00:00,70,44.57142857142857,30.6,1.4565826330532212
2025-10-26 00:00:00+00:00,39,42.857142857142854,31.666666666666668,1.3533834586466165
2025-10-27 00:00:00+00:00,17,42.714285714285715,31.166666666666668,1.3705118411000763
2025-10-28 00:00:00+00:00,41,40.714285714285715,31.633333333333333,1.2870690952882735
2025-10-29 00:00:00+00:00,26,34.857142857142854,31.666666666666668,1.100751879699248
2025-10-30 00:00:00+00:00,44,37.714285714285715,32.63333333333333,1.1556982343499198
2025-10-31 00:00:00+00:00,38,39.285714285714285,33.06666666666667,1.1880760368663592
2025-11-01 00:00:00+00:00,76,40.142857142857146,34.4,1.1669435215946846
2025-11-02 00:00:00+00:00,1,34.714285714285715,32.96666666666667,1.0530117001300014
2025-11-03 00:00:00+00:00,1,32.42857142857143,31.1,1.0427193385392743
2025-11-04 00:00:00+00:00,1,26.714285714285715,28.8,0.9275793650793651
2025-11-05 00:00:00+00:00,2,23.285714285714285,26.333333333333332,0.8842676311030742
2025-11-06 00:00:00+00:00,21,20.0,26.633333333333333,0.7509386733416771
2025-11-07 00:00:00+00:00,10,16.0,26.633333333333333,0.6007509386733417
2025-11-08 00:00:00+00:00,10,6.571428571428571,25.8,0.2547065337763012
2025-11-09 00:00:00+00:00,9,7.714285714285714,25.7,0.30016675931072817
2025-11-10 00:00:00+00:00,41,13.428571428571429,26.866666666666667,0.49982275788727404
2025-11-11 00:00:00+00:00,23,16.571428571428573,27.066666666666666,0.6122448979591837
2025-11-12 00:00:00+00:00,28,20.285714285714285,27.533333333333335,0.7367692839847803
2025-11-13 00:00:00+00:00,14,19.285714285714285,27.1,0.7116499736425935
2025-11-14 00:00:00+00:00,9,19.142857142857142,27.066666666666666,0.7072484166080225
2025-11-15 00:00:00+00:00,4,18.285714285714285,26.966666666666665,0.6780858202366237
2025-11-16 00:00:00+00:00,7,18.0,26.566666666666666,0.6775407779171895
2025-11-17 00:00:00+00:00,5,12.857142857142858,25.966666666666665,0.4951402897487622
2025-11-18 00:00:00+00:00,8,10.714285714285714,24.533333333333335,0.436723602484472
2025-11-19 00:00:00+00:00,4,7.285714285714286,24.066666666666666,0.30273051048674315
2025-11-20 00:00:00+00:00,3,5.714285714285714,22.333333333333332,0.255863539445629
2025-11-21 00:00:00+00:00,5,5.142857142857143,20.266666666666666,0.25375939849624063
2025-11-22 00:00:00+00:00,2,4.857142857142857,19.533333333333335,0.24865919063871278
2025-11-23 00:00:00+00:00,7,4.857142857142857,18.866666666666667,0.25744573447753655
2025-11-24 00:00:00+00:00,3,4.571428571428571,16.633333333333333,0.27483538505582594
2025-11-25 00:00:00+00:00,6,4.285714285714286,15.533333333333333,0.27590435315757206
2025-11-26 00:00:00+00:00,20,6.571428571428571,15.633333333333333,0.42034724337496193
2025-11-27 00:00:00+00:00,32,10.714285714285714,15.333333333333334,0.6987577639751552
2025-11-28 00:00:00+00:00,29,14.142857142857142,15.433333333333334,0.9163838321505707
2025-11-29 00:00:00+00:00,25,17.428571428571427,14.8,1.1776061776061775
2025-11-30 00:00:00+00:00,13,18.285714285714285,13.966666666666667,1.3092396863279918
2025-12-01 00:00:00+00:00,15,20.0,11.933333333333334,1.675977653631285
2025-12-02 00:00:00+00:00,20,22.0,12.566666666666666,1.7506631299734747
2025-12-03 00:00:00+00:00,47,25.857142857142858,14.1,1.833839918946302
2025-12-04 00:00:00+00:00,88,33.857142857142854,17.0,1.991596638655462
2025-12-05 00:00:00+00:00,81,41.285714285714285,19.633333333333333,2.1028377395100657
2025-12-06 00:00:00+00:00,70,47.714285714285715,21.266666666666666,2.2436184505150023
2025-12-07 00:00:00+00:00,37,51.142857142857146,22.166666666666668,2.3071965628356605
2025-12-08 00:00:00+00:00,61,57.714285714285715,23.866666666666667,2.418196328810854
2025-12-09 00:00:00+00:00,72,65.14285714285714,25.966666666666665,2.508710801393728
2025-12-10 00:00:00+00:00,76,69.28571428571429,27.133333333333333,2.553527553527554
2025-12-11 00:00:00+00:00,41,62.57142857142857,27.733333333333334,2.2561813186813184
2025-12-12 00:00:00+00:00,19,53.714285714285715,27.433333333333334,1.95799340392293
2025-12-13 00:00:00+00:00,13,45.57142857142857,27.4,1.6631908237747655
2025-12-14 00:00:00+00:00,19,43.0,27.733333333333334,1.5504807692307692
2025-12-15 00:00:00+00:00,28,38.285714285714285,28.533333333333335,1.3417890520694258
2025-12-16 00:00:00+00:00,75,38.714285714285715,30.8,1.2569573283859
2025-12-17 00:00:00+00:00,73,38.285714285714285,33.06666666666667,1.1578341013824884
2025-12-18 00:00:00+00:00,28,36.42857142857143,33.733333333333334,1.0798983625070582
2025-12-19 00:00:00+00:00,35,38.714285714285715,34.766666666666666,1.1135460895767704
2025-12-20 00:00:00+00:00,46,43.42857142857143,36.2,1.1996842936069454
2025-12-21 00:00:00+00:00,89,53.42857142857143,39.0,1.36996336996337
2025-12-22 00:00:00+00:00,72,59.714285714285715,41.333333333333336,1.444700460829493
2025-12-23 00:00:00+00:00,61,57.714285714285715,43.13333333333333,1.3380437182601017
2025-12-24 00:00:00+00:00,65,56.57142857142857,45.2,1.2515802781289507
2025-12-25 00:00:00+00:00,30,56.857142857142854,46.0,1.236024844720497
2025-12-26 00:00:00+00:00,8,53.0,45.6,1.162280701754386
2025-12-27 00:00:00+00:00,64,55.57142857142857,46.666666666666664,1.1908163265306122
2025-12-28 00:00:00+00:00,97,56.714285714285715,48.93333333333333,1.1590112884390815
2025-12-29 00:00:00+00:00,91,59.42857142857143,51.13333333333333,1.1622276029055691
2025-12-30 00:00:00+00:00,88,63.285714285714285,53.63333333333333,1.179969812660925
2025-12-31 00:00:00+00:00,87,66.42857142857143,56.03333333333333,1.1855188238293533
