datetime,score_combined_pct,score_combined_pct_7D_rolling,score_combined_pct_30D_rolling,score_ratio_7D_30D
2018-01-01 00:00:00+00:00,57,39.714285714285715,38.2,1.0396409872849663
2018-01-02 00:00:00+00:00,66,42.42857142857143,38.56666666666667,1.1001358192369428
2018-01-03 00:00:00+00:00,70,46.285714285714285,39.3,1.177753544165758
2018-01-04 00:00:00+00:00,72,50.285714285714285,40.6,1.2385643912737507
2018-01-05 00:00:00+00:00,74,57.714285714285715,42.266666666666666,1.3654799459215863
2018-01-06 00:00:00+00:00,75,63.857142857142854,44.03333333333333,1.450200064885909
2018-01-07 00:00:00+00:00,59,67.57142857142857,45.333333333333336,1.4905462184873948
2018-01-08 00:00:00+00:00,52,66.85714285714286,46.36666666666667,1.4419225634178905
2018-01-09 00:00:00+00:00,41,63.285714285714285,46.63333333333333,1.3570918002654957
2018-01-10 00:00:00+00:00,36,58.42857142857143,46.1,1.2674310505113109
2018-01-11 00:00:00+00:00,32,52.714285714285715,44.96666666666667,1.1722969395319285
2018-01-12 00:00:00+00:00,44,48.42857142857143,44.5,1.0882825040128412
2018-01-13 00:00:00+00:00,55,45.57142857142857,44.53333333333333,1.023310521813516
2018-01-14 00:00:00+00:00,55,45.0,44.266666666666666,1.016566265060241
2018-01-15 00:00:00+00:00,8,38.714285714285715,42.3,0.9152313407632557
2018-01-16 00:00:00+00:00,3,33.285714285714285,40.3,0.8259482453030841
2018-01-17 00:00:00+00:00,1,28.285714285714285,38.666666666666664,0.7315270935960592
2018-01-18 00:00:00+00:00,4,24.285714285714285,37.53333333333333,0.6470438974879472
2018-01-19 00:00:00+00:00,10,19.428571428571427,37.06666666666667,0.5241521068859197
2018-01-20 00:00:00+00:00,12,13.285714285714286,37.233333333333334,0.35682312316152964
2018-01-21 00:00:00+00:00,7,6.428571428571429,37.266666666666666,0.17250191668796322
2018-01-22 00:00:00+00:00,5,6.0,37.266666666666666,0.16100178890876565
2018-01-23 00:00:00+00:00,6,6.428571428571429,36.666666666666664,0.17532467532467536
2018-01-24 00:00:00+00:00,11,7.857142857142857,35.86666666666667,0.21906532129580455
2018-01-25 00:00:00+00:00,15,9.428571428571429,34.8,0.270935960591133
2018-01-26 00:00:00+00:00,18,10.571428571428571,33.96666666666667,0.3112294967054535
2018-01-27 00:00:00+00:00,21,11.857142857142858,33.2,0.35714285714285715
2018-01-28 00:00:00+00:00,28,14.857142857142858,33.4,0.44482463644140297
2018-01-29 00:00:00+00:00,11,15.714285714285714,32.7,0.4805591961555264
2018-01-30 00:00:00+00:00,5,15.571428571428571,31.766666666666666,0.4901813821016339
2018-01-31 00:00:00+00:00,3,14.428571428571429,29.966666666666665,0.48148736691562055
2018-02-01 00:00:00+00:00,1,12.428571428571429,27.8,0.447070914696814
2018-02-02 00:00:00+00:00,0,9.857142857142858,25.466666666666665,0.38706058339566196
2018-02-03 00:00:00+00:00,1,7.0,23.1,0.30303030303030304
2018-02-04 00:00:00+00:00,1,3.142857142857143,20.666666666666668,0.152073732718894
2018-02-05 00:00:00+00:00,0,1.5714285714285714,18.166666666666668,0.08650065530799475
2018-02-06 00:00:00+00:00,1,1.0,16.233333333333334,0.061601642710472276
2018-02-07 00:00:00+00:00,3,1.0,14.6,0.0684931506849315
2018-02-08 00:00:00+00:00,11,2.4285714285714284,13.6,0.17857142857142858
2018-02-09 00:00:00+00:00,12,4.142857142857143,12.8,0.3236607142857143
2018-02-10 00:00:00+00:00,10,5.428571428571429,12.066666666666666,0.44988161010260463
2018-02-11 00:00:00+00:00,13,7.142857142857143,11.033333333333333,0.6473888649115236
2018-02-12 00:00:00+00:00,14,9.142857142857142,9.666666666666666,0.9458128078817734
2018-02-13 00:00:00+00:00,24,12.428571428571429,8.633333333333333,1.439602868174297
2018-02-14 00:00:00+00:00,31,16.428571428571427,9.4,1.747720364741641
2018-02-15 00:00:00+00:00,40,20.571428571428573,10.633333333333333,1.9346171070309004
2018-02-16 00:00:00+00:00,33,23.571428571428573,11.7,2.014652014652015
2018-02-17 00:00:00+00:00,24,25.571428571428573,12.366666666666667,2.067770504428186
2018-02-18 00:00:00+00:00,24,27.142857142857142,12.833333333333334,2.1150278293135436
2018-02-19 00:00:00+00:00,18,27.714285714285715,13.033333333333333,2.1264157837047866
2018-02-20 00:00:00+00:00,16,26.571428571428573,13.333333333333334,1.9928571428571429
2018-02-21 00:00:00+00:00,12,23.857142857142858,13.566666666666666,1.7585117585117587
2018-02-22 00:00:00+00:00,11,19.714285714285715,13.733333333333333,1.4355062413314843
2018-02-23 00:00:00+00:00,11,16.571428571428573,13.733333333333333,1.2066574202496534
2018-02-24 00:00:00+00:00,15,15.285714285714286,13.733333333333333,1.1130374479889045
2018-02-25 00:00:00+00:00,18,14.428571428571429,13.733333333333333,1.050624133148405
2018-02-26 00:00:00+00:00,30,16.142857142857142,14.033333333333333,1.1503223617237868
2018-02-27 00:00:00+00:00,44,20.142857142857142,14.566666666666666,1.3828048381824125
2018-02-28 00:00:00+00:00,59,26.857142857142858,16.166666666666668,1.6612665684830632
2018-03-01 00:00:00+00:00,56,33.285714285714285,17.866666666666667,1.863006396588486
2018-03-02 00:00:00+00:00,46,38.285714285714285,19.3,1.9837157660991858
2018-03-03 00:00:00+00:00,40,41.857142857142854,20.6,2.0319001386962547
2018-03-04 00:00:00+00:00,41,45.142857142857146,21.966666666666665,2.055061781920659
2018-03-05 00:00:00+00:00,35,45.857142857142854,23.1,1.9851576994434135
2018-03-06 00:00:00+00:00,15,41.714285714285715,23.566666666666666,1.770054556476056
2018-03-07 00:00:00+00:00,8,34.42857142857143,23.833333333333332,1.4445554445554447
2018-03-08 00:00:00+00:00,3,26.857142857142858,23.9,1.123729826658697
2018-03-09 00:00:00+00:00,3,20.714285714285715,23.9,0.8667065152420802
2018-03-10 00:00:00+00:00,3,15.428571428571429,23.633333333333333,0.6528309490227685
2018-03-11 00:00:00+00:00,9,10.857142857142858,23.533333333333335,0.4613516794819911
2018-03-12 00:00:00+00:00,9,7.142857142857143,23.5,0.30395136778115506
2018-03-13 00:00:00+00:00,8,6.142857142857143,23.333333333333332,0.263265306122449
2018-03-14 00:00:00+00:00,4,5.571428571428571,23.0,0.24223602484472048
2018-03-15 00:00:00+00:00,4,5.714285714285714,22.333333333333332,0.255863539445629
2018-03-16 00:00:00+00:00,4,5.857142857142857,21.433333333333334,0.27327260608753606
2018-03-17 00:00:00+00:00,3,5.857142857142857,20.2,0.2899575671852899
2018-03-18 00:00:00+00:00,4,5.142857142857143,19.233333333333334,0.2673929190393662
2018-03-19 00:00:00+00:00,7,4.857142857142857,18.666666666666668,0.260204081632653
2018-03-20 00:00:00+00:00,18,6.285714285714286,18.466666666666665,0.3403816400206292
2018-03-21 00:00:00+00:00,20,8.571428571428571,18.533333333333335,0.4624871531346351
2018-03-22 00:00:00+00:00,24,11.428571428571429,18.8,0.60790273556231
2018-03-23 00:00:00+00:00,25,14.428571428571429,19.233333333333334,0.7501856895271106
2018-03-24 00:00:00+00:00,28,18.0,19.8,0.9090909090909091
2018-03-25 00:00:00+00:00,19,20.142857142857142,20.066666666666666,1.003796867584243
2018-03-26 00:00:00+00:00,9,20.428571428571427,19.866666666666667,1.0282837967401726
2018-03-27 00:00:00+00:00,6,18.714285714285715,19.466666666666665,0.9613502935420745
2018-03-28 00:00:00+00:00,2,16.142857142857142,18.533333333333335,0.8710174717368961
2018-03-29 00:00:00+00:00,1,12.857142857142858,17.1,0.7518796992481203
2018-03-30 00:00:00+00:00,1,9.428571428571429,15.166666666666666,0.6216640502354789
2018-03-31 00:00:00+00:00,3,5.857142857142857,13.4,0.4371002132196162
2018-04-01 00:00:00+00:00,5,3.857142857142857,12.033333333333333,0.32053818757419866
2018-04-02 00:00:00+00:00,9,3.857142857142857,11.0,0.35064935064935066
2018-04-03 00:00:00+00:00,10,4.428571428571429,9.966666666666667,0.44433827042522694
2018-04-04 00:00:00+00:00,10,5.571428571428571,9.133333333333333,0.6100104275286757
2018-04-05 00:00:00+00:00,5,6.142857142857143,8.8,0.698051948051948
2018-04-06 00:00:00+00:00,6,6.857142857142857,8.733333333333333,0.7851690294438386
2018-04-07 00:00:00+00:00,12,8.142857142857142,9.033333333333333,0.9014232999472851
2018-04-08 00:00:00+00:00,17,9.857142857142858,9.5,1.037593984962406
2018-04-09 00:00:00+00:00,21,11.571428571428571,10.1,1.1456859971711457
2018-04-10 00:00:00+00:00,21,13.142857142857142,10.5,1.251700680272109
2018-04-11 00:00:00+00:00,21,14.714285714285714,10.9,1.3499344692005242
2018-04-12 00:00:00+00:00,22,17.142857142857142,11.366666666666667,1.508169250104734
2018-04-13 00:00:00+00:00,24,19.714285714285715,12.033333333333333,1.6383062920459044
2018-04-14 00:00:00+00:00,29,22.142857142857142,12.866666666666667,1.7209474463360472
2018-04-15 00:00:00+00:00,41,25.571428571428573,14.1,1.8135764944275583
2018-04-16 00:00:00+00:00,40,28.285714285714285,15.333333333333334,1.8447204968944098
2018-04-17 00:00:00+00:00,37,30.571428571428573,16.433333333333334,1.8603303390321646
2018-04-18 00:00:00+00:00,33,32.285714285714285,17.3,1.8662262592898429
2018-04-19 00:00:00+00:00,33,33.857142857142854,17.8,1.902086677367576
2018-04-20 00:00:00+00:00,38,35.857142857142854,18.4,1.9487577639751552
2018-04-21 00:00:00+00:00,47,38.42857142857143,19.166666666666668,2.004968944099379
2018-04-22 00:00:00+00:00,61,41.285714285714285,20.366666666666667,2.0271218143558567
2018-04-23 00:00:00+00:00,66,45.0,21.633333333333333,2.0801232665639446
2018-04-24 00:00:00+00:00,46,46.285714285714285,22.533333333333335,2.0540997464074384
2018-04-25 00:00:00+00:00,39,47.142857142857146,23.533333333333335,2.0032375556454878
2018-04-26 00:00:00+00:00,38,47.857142857142854,24.6,1.9454123112659696
2018-04-27 00:00:00+00:00,59,50.857142857142854,26.5,1.9191374663072776
2018-04-28 00:00:00+00:00,72,54.42857142857143,28.866666666666667,1.885516331243814
2018-04-29 00:00:00+00:00,66,55.142857142857146,31.033333333333335,1.7768912076108638
2018-04-30 00:00:00+00:00,47,52.42857142857143,32.5,1.6131868131868132
2018-05-01 00:00:00+00:00,45,52.285714285714285,33.833333333333336,1.5453905700211117
2018-05-02 00:00:00+00:00,55,54.57142857142857,35.36666666666667,1.543018715497509
2018-05-03 00:00:00+00:00,68,58.857142857142854,37.3,1.5779394867866718
2018-05-04 00:00:00+00:00,76,61.285714285714285,39.5,1.5515370705244123
2018-05-05 00:00:00+00:00,70,61.0,41.666666666666664,1.4640000000000002
2018-05-06 00:00:00+00:00,55,59.42857142857143,43.3,1.372484328604421
2018-05-07 00:00:00+00:00,38,58.142857142857146,44.166666666666664,1.3164420485175203
2018-05-08 00:00:00+00:00,34,56.57142857142857,44.733333333333334,1.2646370023419202
2018-05-09 00:00:00+00:00,42,54.714285714285715,45.43333333333333,1.2042762813122316
2018-05-10 00:00:00+00:00,25,48.57142857142857,45.56666666666667,1.065942104713136
2018-05-11 00:00:00+00:00,23,41.0,45.63333333333333,0.8984660336011687
2018-05-12 00:00:00+00:00,20,33.857142857142854,45.56666666666667,0.7430243494618036
2018-05-13 00:00:00+00:00,34,30.857142857142858,45.9,0.6722689075630253
2018-05-14 00:00:00+00:00,48,32.285714285714285,46.53333333333333,0.6938190749079002
2018-05-15 00:00:00+00:00,49,34.42857142857143,46.8,0.7356532356532357
2018-05-16 00:00:00+00:00,41,34.285714285714285,46.833333333333336,0.7320793085917641
2018-05-17 00:00:00+00:00,27,34.57142857142857,46.5,0.7434715821812595
2018-05-18 00:00:00+00:00,27,35.142857142857146,46.3,0.7590249922863315
2018-05-19 00:00:00+00:00,37,37.57142857142857,46.43333333333333,0.809147779714901
2018-05-20 00:00:00+00:00,62,41.57142857142857,47.233333333333334,0.8801290452666599
2018-05-21 00:00:00+00:00,63,43.714285714285715,47.766666666666666,0.9151629947163793
2018-05-22 00:00:00+00:00,25,40.285714285714285,46.56666666666667,0.8651191328356682
2018-05-23 00:00:00+00:00,12,36.142857142857146,44.766666666666666,0.8073609190511648
2018-05-24 00:00:00+00:00,10,33.714285714285715,43.56666666666667,0.7738550661274456
2018-05-25 00:00:00+00:00,12,31.571428571428573,42.666666666666664,0.7399553571428572
2018-05-26 00:00:00+00:00,16,28.571428571428573,41.93333333333333,0.6813536225300932
2018-05-27 00:00:00+00:00,13,21.571428571428573,40.4,0.533946251768034
2018-05-28 00:00:00+00:00,13,14.428571428571429,38.43333333333333,0.3754181637963078
2018-05-29 00:00:00+00:00,14,12.857142857142858,36.7,0.35033086804203967
2018-05-30 00:00:00+00:00,26,14.857142857142858,36.0,0.41269841269841273
2018-05-31 00:00:00+00:00,37,18.714285714285715,35.733333333333334,0.5237206823027719
2018-06-01 00:00:00+00:00,48,23.857142857142858,35.5,0.6720321931589537
2018-06-02 00:00:00+00:00,49,28.571428571428573,34.86666666666667,0.819448238186288
2018-06-03 00:00:00+00:00,49,33.714285714285715,33.96666666666667,0.9925697462498247
2018-06-04 00:00:00+00:00,43,38.0,33.06666666666667,1.1491935483870968
2018-06-05 00:00:00+00:00,44,42.285714285714285,32.7,1.293141109654871
2018-06-06 00:00:00+00:00,46,45.142857142857146,32.96666666666667,1.3693485483172034
2018-06-07 00:00:00+00:00,53,47.42857142857143,33.6,1.41156462585034
2018-06-08 00:00:00+00:00,49,47.57142857142857,33.833333333333336,1.4060520760028148
2018-06-09 00:00:00+00:00,26,44.285714285714285,33.86666666666667,1.3076490438695163
2018-06-10 00:00:00+00:00,8,38.42857142857143,33.36666666666667,1.151705437419723
2018-06-11 00:00:00+00:00,3,32.714285714285715,32.8,0.9973867595818816
2018-06-12 00:00:00+00:00,1,26.571428571428573,31.7,0.8382154123479045
2018-06-13 00:00:00+00:00,3,20.428571428571427,30.2,0.6764427625354777
2018-06-14 00:00:00+00:00,4,13.428571428571429,28.7,0.46789447486311597
2018-06-15 00:00:00+00:00,12,8.142857142857142,27.733333333333334,0.2936126373626373
2018-06-16 00:00:00+00:00,16,6.714285714285714,27.366666666666667,0.24534539759874718
2018-06-17 00:00:00+00:00,14,7.571428571428571,26.933333333333334,0.2811173974540311
2018-06-18 00:00:00+00:00,17,9.571428571428571,26.266666666666666,0.364394488759971
2018-06-19 00:00:00+00:00,20,12.285714285714286,24.866666666666667,0.49406357717349675
2018-06-20 00:00:00+00:00,29,16.0,23.733333333333334,0.6741573033707865
2018-06-21 00:00:00+00:00,12,17.142857142857142,23.3,0.7357449417535254
2018-06-22 00:00:00+00:00,3,15.857142857142858,23.0,0.6894409937888198
2018-06-23 00:00:00+00:00,0,13.571428571428571,22.666666666666668,0.5987394957983193
2018-06-24 00:00:00+00:00,1,11.714285714285714,22.3,0.5253042921204356
2018-06-25 00:00:00+00:00,3,9.714285714285714,21.866666666666667,0.44425087108013933
2018-06-26 00:00:00+00:00,7,7.857142857142857,21.666666666666668,0.3626373626373626
2018-06-27 00:00:00+00:00,7,4.714285714285714,21.466666666666665,0.21960958296362026
2018-06-28 00:00:00+00:00,4,3.5714285714285716,21.133333333333333,0.16899504281207753
2018-06-29 00:00:00+00:00,6,4.0,20.466666666666665,0.19543973941368079
2018-06-30 00:00:00+00:00,8,5.142857142857143,19.5,0.26373626373626374
2018-07-01 00:00:00+00:00,18,7.571428571428571,18.5,0.4092664092664092
2018-07-02 00:00:00+00:00,21,10.142857142857142,17.566666666666666,0.5773922472214692
2018-07-03 00:00:00+00:00,19,11.857142857142858,16.566666666666666,0.7157229088818626
2018-07-04 00:00:00+00:00,27,14.714285714285714,16.033333333333335,0.9177309177309176
2018-07-05 00:00:00+00:00,27,18.0,15.466666666666667,1.1637931034482758
2018-07-06 00:00:00+00:00,33,21.857142857142858,15.033333333333333,1.4539119417168198
2018-07-07 00:00:00+00:00,30,25.0,14.266666666666667,1.7523364485981308
2018-07-08 00:00:00+00:00,33,27.142857142857142,13.733333333333333,1.9764216366158114
2018-07-09 00:00:00+00:00,20,27.0,13.533333333333333,1.9950738916256159
2018-07-10 00:00:00+00:00,19,27.0,13.9,1.9424460431654675
2018-07-11 00:00:00+00:00,15,25.285714285714285,14.3,1.768231768231768
2018-07-12 00:00:00+00:00,19,24.142857142857142,14.9,1.62032598274209
2018-07-13 00:00:00+00:00,21,22.428571428571427,15.5,1.4470046082949308
2018-07-14 00:00:00+00:00,29,22.285714285714285,16.333333333333332,1.3644314868804666
2018-07-15 00:00:00+00:00,36,22.714285714285715,17.133333333333333,1.3257365202890496
2018-07-16 00:00:00+00:00,38,25.285714285714285,17.866666666666667,1.4152452025586353
2018-07-17 00:00:00+00:00,37,27.857142857142858,18.633333333333333,1.495016611295681
2018-07-18 00:00:00+00:00,33,30.428571428571427,19.166666666666668,1.5875776397515526
2018-07-19 00:00:00+00:00,28,31.714285714285715,19.433333333333334,1.6319529527076697
2018-07-20 00:00:00+00:00,28,32.714285714285715,19.4,1.6863033873343154
2018-07-21 00:00:00+00:00,31,33.0,20.033333333333335,1.6472545757071546
2018-07-22 00:00:00+00:00,37,33.142857142857146,21.166666666666668,1.565804274465692
2018-07-23 00:00:00+00:00,34,32.57142857142857,22.3,1.4606021780909673
2018-07-24 00:00:00+00:00,34,32.142857142857146,23.4,1.3736263736263739
2018-07-25 00:00:00+00:00,42,33.42857142857143,24.7,1.3533834586466167
2018-07-26 00:00:00+00:00,48,36.285714285714285,26.066666666666666,1.392035074899525
2018-07-27 00:00:00+00:00,50,39.42857142857143,27.5,1.4337662337662338
2018-07-28 00:00:00+00:00,52,42.42857142857143,29.1,1.4580265095729013
2018-07-29 00:00:00+00:00,51,44.42857142857143,30.6,1.4519140989729225
2018-07-30 00:00:00+00:00,40,45.285714285714285,31.666666666666668,1.4300751879699247
2018-07-31 00:00:00+00:00,19,43.142857142857146,31.7,1.3609734114465977
2018-08-01 00:00:00+00:00,17,39.57142857142857,31.566666666666666,1.2535827424950972
2018-08-02 00:00:00+00:00,18,35.285714285714285,31.533333333333335,1.1189972817879794
2018-08-03 00:00:00+00:00,21,31.142857142857142,31.333333333333332,0.993920972644377
2018-08-04 00:00:00+00:00,18,26.285714285714285,31.033333333333335,0.8470154979284946
2018-08-05 00:00:00+00:00,17,21.428571428571427,30.5,0.702576112412178
2018-08-06 00:00:00+00:00,19,18.428571428571427,30.133333333333333,0.611567635903919
2018-08-07 00:00:00+00:00,14,17.714285714285715,29.5,0.6004842615012107
2018-08-08 00:00:00+00:00,10,16.714285714285715,29.166666666666668,0.5730612244897959
2018-08-09 00:00:00+00:00,8,15.285714285714286,28.8,0.5307539682539683
2018-08-10 00:00:00+00:00,6,13.142857142857142,28.5,0.46115288220551376
2018-08-11 00:00:00+00:00,6,11.428571428571429,28.066666666666666,0.40719375636240246
2018-08-12 00:00:00+00:00,5,9.714285714285714,27.533333333333335,0.35281909373919057
2018-08-13 00:00:00+00:00,2,7.285714285714286,26.633333333333333,0.2735562310030395
2018-08-14 00:00:00+00:00,3,5.714285714285714,25.533333333333335,0.2237970906378217
2018-08-15 00:00:00+00:00,3,4.714285714285714,24.366666666666667,0.19347273793238226
2018-08-16 00:00:00+00:00,16,5.857142857142857,23.666666666666668,0.24748490945674043
2018-08-17 00:00:00+00:00,17,7.428571428571429,23.133333333333333,0.32111980238781396
2018-08-18 00:00:00+00:00,21,9.571428571428571,22.9,0.41796631316281974
2018-08-19 00:00:00+00:00,23,12.142857142857142,22.733333333333334,0.5341432760787599
2018-08-20 00:00:00+00:00,27,15.714285714285714,22.6,0.6953223767383059
2018-08-21 00:00:00+00:00,22,18.428571428571427,22.1,0.8338720103425985
2018-08-22 00:00:00+00:00,24,21.428571428571427,21.766666666666666,0.9844672938087945
2018-08-23 00:00:00+00:00,28,23.142857142857142,21.566666666666666,1.0730845661293884
2018-08-24 00:00:00+00:00,35,25.714285714285715,21.333333333333332,1.205357142857143
2018-08-25 00:00:00+00:00,31,27.142857142857142,20.766666666666666,1.3070396698005045
2018-08-26 00:00:00+00:00,30,28.142857142857142,20.1,1.400142146410803
2018-08-27 00:00:00+00:00,30,28.571428571428573,19.366666666666667,1.4752889107450209
2018-08-28 00:00:00+00:00,36,30.571428571428573,18.866666666666667,1.6203937405350832
2018-08-29 00:00:00+00:00,33,31.857142857142858,18.633333333333333,1.7096856631740354
2018-08-30 00:00:00+00:00,34,32.714285714285715,19.133333333333333,1.7098058735689399
2018-08-31 00:00:00+00:00,40,33.42857142857143,19.9,1.679827709978464
2018-09-01 00:00:00+00:00,53,36.57142857142857,21.066666666666666,1.7359855334538878
2018-09-02 00:00:00+00:00,66,41.714285714285715,22.566666666666666,1.8484912428782445
2018-09-03 00:00:00+00:00,58,45.714285714285715,23.9,1.9127316198445907
2018-09-04 00:00:00+00:00,33,45.285714285714285,24.433333333333334,1.8534398752679788
2018-09-05 00:00:00+00:00,13,42.42857142857143,24.233333333333334,1.750835134604048
2018-09-06 00:00:00+00:00,7,38.57142857142857,24.0,1.607142857142857
2018-09-07 00:00:00+00:00,7,33.857142857142854,23.9,1.4166168559474
2018-09-08 00:00:00+00:00,8,27.428571428571427,23.9,1.1476389719067543
2018-09-09 00:00:00+00:00,5,18.714285714285715,23.866666666666667,0.7841181165203512
2018-09-10 00:00:00+00:00,5,11.142857142857142,23.833333333333332,0.4675324675324675
2018-09-11 00:00:00+00:00,9,7.714285714285714,23.966666666666665,0.3218756209020465
2018-09-12 00:00:00+00:00,16,8.142857142857142,24.433333333333334,0.3332683687390372
2018-09-13 00:00:00+00:00,19,9.857142857142858,24.966666666666665,0.39481213045966057
2018-09-14 00:00:00+00:00,29,13.0,25.833333333333332,0.503225806451613
2018-09-15 00:00:00+00:00,30,16.142857142857142,26.3,0.6137968495382944
2018-09-16 00:00:00+00:00,27,19.285714285714285,26.633333333333333,0.7241194350080458
2018-09-17 00:00:00+00:00,22,21.714285714285715,26.666666666666668,0.8142857142857143
2018-09-18 00:00:00+00:00,19,23.142857142857142,26.533333333333335,0.8722182340272792
2018-09-19 00:00:00+00:00,22,24.0,26.366666666666667,0.9102402022756005
2018-09-20 00:00:00+00:00,32,25.857142857142858,26.7,0.9684323167469235
2018-09-21 00:00:00+00:00,38,27.142857142857142,27.166666666666668,0.9991235758106923
2018-09-22 00:00:00+00:00,48,29.714285714285715,27.833333333333332,1.0675791274593671
2018-09-23 00:00:00+00:00,45,32.285714285714285,28.166666666666668,1.1462383770076077
2018-09-24 00:00:00+00:00,42,35.142857142857146,28.533333333333335,1.231642189586115
2018-09-25 00:00:00+00:00,38,37.857142857142854,28.8,1.3144841269841268
2018-09-26 00:00:00+00:00,42,40.714285714285715,29.2,1.394324853228963
2018-09-27 00:00:00+00:00,46,42.714285714285715,29.533333333333335,1.4463076426959045
2018-09-28 00:00:00+00:00,50,44.42857142857143,30.1,1.476032273374466
2018-09-29 00:00:00+00:00,53,45.142857142857146,30.733333333333334,1.468856523086458
2018-09-30 00:00:00+00:00,54,46.42857142857143,31.2,1.4880952380952381
2018-10-01 00:00:00+00:00,51,47.714285714285715,31.133333333333333,1.5325787702661364
2018-10-02 00:00:00+00:00,44,48.57142857142857,30.4,1.5977443609022557
2018-10-03 00:00:00+00:00,45,49.0,29.966666666666665,1.6351501668520578
2018-10-04 00:00:00+00:00,47,49.142857142857146,30.433333333333334,1.6147707713972774
2018-10-05 00:00:00+00:00,57,50.142857142857146,31.9,1.5718763994626066
2018-10-06 00:00:00+00:00,59,51.0,33.63333333333333,1.516352824578791
2018-10-07 00:00:00+00:00,55,51.142857142857146,35.233333333333334,1.4515475064197865
2018-10-08 00:00:00+00:00,53,51.42857142857143,36.733333333333334,1.4000518537723619
2018-10-09 00:00:00+00:00,48,52.0,38.166666666666664,1.3624454148471616
2018-10-10 00:00:00+00:00,23,48.857142857142854,38.766666666666666,1.26028743397617
2018-10-11 00:00:00+00:00,17,44.57142857142857,39.03333333333333,1.1418811760400147
2018-10-12 00:00:00+00:00,15,38.57142857142857,39.0,0.9890109890109889
2018-10-13 00:00:00+00:00,21,33.142857142857146,39.06666666666667,0.848366650414432
2018-10-14 00:00:00+00:00,22,28.428571428571427,38.833333333333336,0.7320662170447577
2018-10-15 00:00:00+00:00,34,25.714285714285715,38.96666666666667,0.6599046804350482
2018-10-16 00:00:00+00:00,53,26.428571428571427,39.833333333333336,0.6634787806335922
2018-10-17 00:00:00+00:00,61,31.857142857142858,41.13333333333333,0.7744848344524196
2018-10-18 00:00:00+00:00,62,38.285714285714285,42.56666666666667,0.8994294663832643
2018-10-19 00:00:00+00:00,62,45.0,43.9,1.0250569476082005
2018-10-20 00:00:00+00:00,67,51.57142857142857,45.06666666666667,1.144336432797971
2018-10-21 00:00:00+00:00,68,58.142857142857146,46.06666666666667,1.2621459582385777
2018-10-22 00:00:00+00:00,63,62.285714285714285,46.56666666666667,1.3375600777175578
2018-10-23 00:00:00+00:00,69,64.57142857142857,47.36666666666667,1.3632250929928622
2018-10-24 00:00:00+00:00,58,64.14285714285714,47.9,1.339099314047122
2018-10-25 00:00:00+00:00,64,64.42857142857143,48.766666666666666,1.3211600429645542
2018-10-26 00:00:00+00:00,63,64.57142857142857,49.46666666666667,1.3053523296110896
2018-10-27 00:00:00+00:00,76,65.85714285714286,50.46666666666667,1.3049632006038876
2018-10-28 00:00:00+00:00,59,64.57142857142857,50.766666666666666,1.271925710533721
2018-10-29 00:00:00+00:00,46,62.142857142857146,50.53333333333333,1.2297399170750096
2018-10-30 00:00:00+00:00,50,59.42857142857143,50.4,1.179138321995465
2018-10-31 00:00:00+00:00,58,59.42857142857143,50.63333333333333,1.173704504843412
2018-11-01 00:00:00+00:00,65,59.57142857142857,51.333333333333336,1.160482374768089
2018-11-02 00:00:00+00:00,65,59.857142857142854,52.0,1.151098901098901
2018-11-03 00:00:00+00:00,72,59.285714285714285,52.833333333333336,1.1221270842721947
2018-11-04 00:00:00+00:00,81,62.42857142857143,53.63333333333333,1.1639882802095356
2018-11-05 00:00:00+00:00,81,67.42857142857143,54.36666666666667,1.2402557589559429
2018-11-06 00:00:00+00:00,87,72.71428571428571,55.43333333333333,1.3117429774074392
2018-11-07 00:00:00+00:00,88,77.0,56.6,1.3604240282685511
2018-11-08 00:00:00+00:00,85,79.85714285714286,57.833333333333336,1.3808151502675998
2018-11-09 00:00:00+00:00,81,82.14285714285714,59.766666666666666,1.3743924786869572
2018-11-10 00:00:00+00:00,78,83.0,61.8,1.3430420711974111
2018-11-11 00:00:00+00:00,85,83.57142857142857,64.13333333333334,1.3030888030888028
2018-11-12 00:00:00+00:00,74,82.57142857142857,65.9,1.2529807066984606
2018-11-13 00:00:00+00:00,36,75.28571428571429,66.36666666666666,1.1343904714070463
2018-11-14 00:00:00+00:00,8,63.857142857142854,65.5,0.9749182115594329
2018-11-15 00:00:00+00:00,6,52.57142857142857,63.93333333333333,0.8222851184269329
2018-11-16 00:00:00+00:00,7,42.0,62.13333333333333,0.6759656652360515
2018-11-17 00:00:00+00:00,18,33.42857142857143,60.666666666666664,0.5510204081632654
2018-11-18 00:00:00+00:00,3,21.714285714285715,58.7,0.3699196884886834
2018-11-19 00:00:00+00:00,1,11.285714285714286,56.5,0.1997471554993679
2018-11-20 00:00:00+00:00,1,6.285714285714286,54.266666666666666,0.11583011583011583
2018-11-21 00:00:00+00:00,2,5.428571428571429,52.233333333333334,0.10392925517367126
2018-11-22 00:00:00+00:00,5,5.285714285714286,50.1,0.10550327915597377
2018-11-23 00:00:00+00:00,4,4.857142857142857,48.3,0.10056196391600118
2018-11-24 00:00:00+00:00,2,2.5714285714285716,46.233333333333334,0.05561849830054589
2018-11-25 00:00:00+00:00,1,2.2857142857142856,44.166666666666664,0.05175202156334232
2018-11-26 00:00:00+00:00,1,2.2857142857142856,41.666666666666664,0.054857142857142854
2018-11-27 00:00:00+00:00,4,2.7142857142857144,39.833333333333336,0.06814106395696354
2018-11-28 00:00:00+00:00,9,3.7142857142857144,38.6,0.09622501850481124
2018-11-29 00:00:00+00:00,16,5.285714285714286,37.46666666666667,0.14107778342653787
2018-11-30 00:00:00+00:00,19,7.428571428571429,36.166666666666664,0.20539828834759713
2018-12-01 00:00:00+00:00,19,9.857142857142858,34.63333333333333,0.2846143269627389
2018-12-02 00:00:00+00:00,10,11.142857142857142,32.8,0.33972125435540074
2018-12-03 00:00:00+00:00,9,12.285714285714286,30.7,0.40018613308515594
2018-12-04 00:00:00+00:00,5,12.428571428571429,28.166666666666668,0.441251056635672
2018-12-05 00:00:00+00:00,5,11.857142857142858,25.633333333333333,0.4625673416310608
2018-12-06 00:00:00+00:00,1,9.714285714285714,22.766666666666666,0.4266889772014223
2018-12-07 00:00:00+00:00,1,7.142857142857143,19.866666666666667,0.3595397890699904
2018-12-08 00:00:00+00:00,1,4.571428571428571,17.066666666666666,0.26785714285714285
2018-12-09 00:00:00+00:00,3,3.5714285714285716,14.466666666666667,0.2468729427254773
2018-12-10 00:00:00+00:00,4,2.857142857142857,12.0,0.2380952380952381
2018-12-11 00:00:00+00:00,6,3.0,9.366666666666667,0.32028469750889677
2018-12-12 00:00:00+00:00,12,4.0,7.3,0.547945205479452
2018-12-13 00:00:00+00:00,7,4.857142857142857,6.333333333333333,0.7669172932330827
2018-12-14 00:00:00+00:00,5,5.428571428571429,6.233333333333333,0.8708938120702827
2018-12-15 00:00:00+00:00,5,6.0,6.2,0.9677419354838709
2018-12-16 00:00:00+00:00,21,8.571428571428571,6.666666666666667,1.2857142857142856
2018-12-17 00:00:00+00:00,25,11.571428571428571,6.9,1.6770186335403725
2018-12-18 00:00:00+00:00,24,14.142857142857142,7.6,1.8609022556390977
2018-12-19 00:00:00+00:00,18,15.0,8.166666666666666,1.836734693877551
2018-12-20 00:00:00+00:00,20,16.857142857142858,8.8,1.9155844155844155
2018-12-21 00:00:00+00:00,24,19.571428571428573,9.533333333333333,2.052947052947053
2018-12-22 00:00:00+00:00,38,24.285714285714285,10.633333333333333,2.283922973578146
2018-12-23 00:00:00+00:00,45,27.714285714285715,12.0,2.3095238095238098
2018-12-24 00:00:00+00:00,34,29.0,13.066666666666666,2.2193877551020407
2018-12-25 00:00:00+00:00,26,29.285714285714285,13.9,2.10688591983556
2018-12-26 00:00:00+00:00,23,30.0,14.633333333333333,2.050113895216401
2018-12-27 00:00:00+00:00,30,31.428571428571427,15.5,2.0276497695852536
2018-12-28 00:00:00+00:00,39,33.57142857142857,16.5,2.0346320346320343
2018-12-29 00:00:00+00:00,47,34.857142857142854,17.533333333333335,1.988049972840847
2018-12-30 00:00:00+00:00,67,38.0,19.133333333333333,1.986062717770035
2018-12-31 00:00:00+00:00,67,42.714285714285715,20.733333333333334,2.0601745521359667
2019-01-01 00:00:00+00:00,60,47.57142857142857,22.4,2.123724489795918
2019-01-02 00:00:00+00:00,58,52.57142857142857,24.033333333333335,2.187438082028928
2019-01-03 00:00:00+00:00,58,56.57142857142857,25.8,2.192691029900332
2019-01-04 00:00:00+00:00,66,60.42857142857143,27.833333333333332,2.171086398631309
2019-01-05 00:00:00+00:00,68,63.42857142857143,30.066666666666666,2.109597719353817
2019-01-06 00:00:00+00:00,75,64.57142857142857,32.53333333333333,1.984777517564403
2019-01-07 00:00:00+00:00,65,64.28571428571429,34.666666666666664,1.8543956043956047
2019-01-08 00:00:00+00:00,67,65.28571428571429,36.8,1.7740683229813667
2019-01-09 00:00:00+00:00,26,60.714285714285715,37.53333333333333,1.6176097437198682
2019-01-10 00:00:00+00:00,18,55.0,37.93333333333333,1.4499121265377857
2019-01-11 00:00:00+00:00,13,47.42857142857143,37.96666666666667,1.2492161043521885
2019-01-12 00:00:00+00:00,22,40.857142857142854,38.46666666666667,1.0621440950730376
2019-01-13 00:00:00+00:00,35,35.142857142857146,39.46666666666667,0.8904440154440155
2019-01-14 00:00:00+00:00,43,32.0,40.733333333333334,0.7855973813420621
2019-01-15 00:00:00+00:00,45,28.857142857142858,41.53333333333333,0.6947947718413209
2019-01-16 00:00:00+00:00,46,31.714285714285715,42.233333333333334,0.7509302063366783
2019-01-17 00:00:00+00:00,44,35.42857142857143,42.9,0.825840825840826
2019-01-18 00:00:00+00:00,50,40.714285714285715,43.96666666666667,0.926026210332503
2019-01-19 00:00:00+00:00,41,43.42857142857143,44.666666666666664,0.9722814498933903
2019-01-20 00:00:00+00:00,36,43.57142857142857,45.06666666666667,0.9668216398985628
2019-01-21 00:00:00+00:00,34,42.285714285714285,44.93333333333333,0.9410767274268759
2019-01-22 00:00:00+00:00,46,42.42857142857143,44.96666666666667,0.943556073281796
2019-01-23 00:00:00+00:00,44,42.142857142857146,45.3,0.9303058971933146
2019-01-24 00:00:00+00:00,38,41.285714285714285,45.7,0.9034073147858706
2019-01-25 00:00:00+00:00,32,38.714285714285715,46.0,0.8416149068322981
2019-01-26 00:00:00+00:00,33,37.57142857142857,46.1,0.8149984505732878
2019-01-27 00:00:00+00:00,22,35.57142857142857,45.53333333333333,0.781217318552604
2019-01-28 00:00:00+00:00,17,33.142857142857146,44.53333333333333,0.7442258340461935
2019-01-29 00:00:00+00:00,13,28.428571428571427,42.733333333333334,0.6652551816358369
2019-01-30 00:00:00+00:00,28,26.142857142857142,41.43333333333333,0.6309619583955868
2019-01-31 00:00:00+00:00,37,26.0,40.666666666666664,0.639344262295082
2019-02-01 00:00:00+00:00,32,26.0,39.8,0.6532663316582915
2019-02-02 00:00:00+00:00,20,24.142857142857142,38.53333333333333,0.6265447355412753
2019-02-03 00:00:00+00:00,23,24.285714285714285,37.1,0.6546014632268001
2019-02-04 00:00:00+00:00,28,25.857142857142858,35.766666666666666,0.7229396884569299
2019-02-05 00:00:00+00:00,32,28.571428571428573,34.333333333333336,0.8321775312066574
2019-02-06 00:00:00+00:00,35,29.571428571428573,33.333333333333336,0.8871428571428571
2019-02-07 00:00:00+00:00,36,29.428571428571427,32.3,0.9111012826183105
2019-02-08 00:00:00+00:00,39,30.428571428571427,32.733333333333334,0.9295897585103287
2019-02-09 00:00:00+00:00,34,32.42857142857143,33.266666666666666,0.9748067563698827
2019-02-10 00:00:00+00:00,44,35.42857142857143,34.3,1.032902957101208
2019-02-11 00:00:00+00:00,60,40.0,35.56666666666667,1.1246485473289596
2019-02-12 00:00:00+00:00,64,44.57142857142857,36.53333333333333,1.2200208550573515
2019-02-13 00:00:00+00:00,61,48.285714285714285,37.13333333333333,1.30033341882534
2019-02-14 00:00:00+00:00,71,53.285714285714285,38.0,1.4022556390977443
2019-02-15 00:00:00+00:00,71,57.857142857142854,38.833333333333336,1.489883507050889
2019-02-16 00:00:00+00:00,77,64.0,39.93333333333333,1.6026711185308848
2019-02-17 00:00:00+00:00,58,66.0,40.2,1.6417910447761193
2019-02-18 00:00:00+00:00,49,64.42857142857143,40.46666666666667,1.5921393269004471
2019-02-19 00:00:00+00:00,52,62.714285714285715,41.0,1.529616724738676
2019-02-20 00:00:00+00:00,65,63.285714285714285,42.03333333333333,1.505607794267588
2019-02-21 00:00:00+00:00,73,63.57142857142857,42.93333333333333,1.480700976042591
2019-02-22 00:00:00+00:00,79,64.71428571428571,44.1,1.4674441205053448
2019-02-23 00:00:00+00:00,54,61.42857142857143,44.63333333333333,1.376293609303318
2019-02-24 00:00:00+00:00,37,58.42857142857143,44.8,1.3042091836734695
2019-02-25 00:00:00+00:00,29,55.57142857142857,44.666666666666664,1.244136460554371
2019-02-26 00:00:00+00:00,39,53.714285714285715,45.233333333333334,1.1874934203600378
2019-02-27 00:00:00+00:00,46,51.0,46.2,1.103896103896104
2019-02-28 00:00:00+00:00,53,48.142857142857146,47.53333333333333,1.0128230815467842
2019-03-01 00:00:00+00:00,60,45.42857142857143,48.6,0.9347442680776015
2019-03-02 00:00:00+00:00,72,48.0,49.766666666666666,0.9645010046885466
2019-03-03 00:00:00+00:00,47,49.42857142857143,50.266666666666666,0.9833270178097765
2019-03-04 00:00:00+00:00,42,51.285714285714285,51.0,1.0056022408963585
2019-03-05 00:00:00+00:00,56,53.714285714285715,52.1,1.0309843707156567
2019-03-06 00:00:00+00:00,78,58.285714285714285,53.766666666666666,1.0840492427597201
2019-03-07 00:00:00+00:00,83,62.57142857142857,55.46666666666667,1.1280906593406592
2019-03-08 00:00:00+00:00,79,65.28571428571429,56.93333333333333,1.1467045834727336
2019-03-09 00:00:00+00:00,78,66.14285714285714,58.333333333333336,1.133877551020408
2019-03-10 00:00:00+00:00,89,72.14285714285714,60.0,1.2023809523809523
2019-03-11 00:00:00+00:00,81,77.71428571428571,61.56666666666667,1.262278598499497
2019-03-12 00:00:00+00:00,81,81.28571428571429,62.8,1.294358507734304
2019-03-13 00:00:00+00:00,67,79.71428571428571,63.03333333333333,1.2646370023419202
2019-03-14 00:00:00+00:00,74,78.42857142857143,63.36666666666667,1.2376944465319004
2019-03-15 00:00:00+00:00,67,76.71428571428571,63.56666666666667,1.2068319724323917
2019-03-16 00:00:00+00:00,68,75.28571428571429,63.46666666666667,1.1862244897959184
2019-03-17 00:00:00+00:00,62,71.42857142857143,63.166666666666664,1.1307953260459858
2019-03-18 00:00:00+00:00,68,69.57142857142857,62.86666666666667,1.1066505074988637
2019-03-19 00:00:00+00:00,67,67.57142857142857,63.166666666666664,1.0697323784395025
2019-03-20 00:00:00+00:00,56,66.0,63.4,1.0410094637223974
2019-03-21 00:00:00+00:00,52,62.857142857142854,63.4,0.9914375844975214
2019-03-22 00:00:00+00:00,52,60.714285714285715,62.96666666666667,0.9642289949330711
2019-03-23 00:00:00+00:00,64,60.142857142857146,62.666666666666664,0.9597264437689971
2019-03-24 00:00:00+00:00,70,61.285714285714285,62.36666666666667,0.982667786515996
2019-03-25 00:00:00+00:00,63,60.57142857142857,62.666666666666664,0.9665653495440729
2019-03-26 00:00:00+00:00,47,57.714285714285715,63.0,0.9160997732426304
2019-03-27 00:00:00+00:00,51,57.0,63.733333333333334,0.8943514644351465
2019-03-28 00:00:00+00:00,52,57.0,64.16666666666667,0.8883116883116883
2019-03-29 00:00:00+00:00,69,59.42857142857143,64.93333333333334,0.9152244059841596
2019-03-30 00:00:00+00:00,65,59.57142857142857,65.33333333333333,0.9118075801749271
2019-03-31 00:00:00+00:00,58,57.857142857142854,65.26666666666667,0.8864730774843134
2019-04-01 00:00:00+00:00,45,55.285714285714285,64.36666666666666,0.8589183990530443
2019-04-02 00:00:00+00:00,44,54.857142857142854,64.26666666666667,0.8535862477771191
2019-04-03 00:00:00+00:00,30,51.857142857142854,63.86666666666667,0.8119594393080822
2019-04-04 00:00:00+00:00,34,49.285714285714285,63.13333333333333,0.7806607331422537
2019-04-05 00:00:00+00:00,33,44.142857142857146,61.63333333333333,0.7162172602951403
2019-04-06 00:00:00+00:00,58,43.142857142857146,60.8,0.7095864661654137
2019-04-07 00:00:00+00:00,58,43.142857142857146,60.1,0.7178512003803186
2019-04-08 00:00:00+00:00,62,45.57142857142857,59.56666666666667,0.7650491646014869
2019-04-09 00:00:00+00:00,62,48.142857142857146,58.666666666666664,0.8206168831168832
2019-04-10 00:00:00+00:00,34,48.714285714285715,57.1,0.8531398548911684
2019-04-11 00:00:00+00:00,25,47.42857142857143,55.233333333333334,0.8586947150616433
2019-04-12 00:00:00+00:00,27,46.57142857142857,53.9,0.864033925258415
2019-04-13 00:00:00+00:00,51,45.57142857142857,53.13333333333333,0.8576805879189818
2019-04-14 00:00:00+00:00,61,46.0,52.93333333333333,0.8690176322418136
2019-04-15 00:00:00+00:00,63,46.142857142857146,52.766666666666666,0.8744698131937552
2019-04-16 00:00:00+00:00,72,47.57142857142857,53.1,0.8958837772397094
2019-04-17 00:00:00+00:00,86,55.0,53.7,1.0242085661080074
2019-04-18 00:00:00+00:00,96,65.14285714285714,54.666666666666664,1.1916376306620209
2019-04-19 00:00:00+00:00,97,75.14285714285714,56.03333333333333,1.3410384974929888
2019-04-20 00:00:00+00:00,94,81.28571428571429,57.43333333333333,1.4153055302213748
2019-04-21 00:00:00+00:00,83,84.42857142857143,58.46666666666667,1.4440462616061247
2019-04-22 00:00:00+00:00,74,86.0,58.8,1.4625850340136055
2019-04-23 00:00:00+00:00,59,84.14285714285714,58.43333333333333,1.4399804416917936
2019-04-24 00:00:00+00:00,54,79.57142857142857,58.13333333333333,1.3687745740498034
2019-04-25 00:00:00+00:00,44,72.14285714285714,58.03333333333333,1.243127923196849
2019-04-26 00:00:00+00:00,50,65.42857142857143,58.0,1.1280788177339902
2019-04-27 00:00:00+00:00,54,59.714285714285715,58.06666666666667,1.0283746104641627
2019-04-28 00:00:00+00:00,51,55.142857142857146,57.46666666666667,0.959562479284057
2019-04-29 00:00:00+00:00,48,51.42857142857143,56.9,0.9038413256339444
2019-04-30 00:00:00+00:00,50,50.142857142857146,56.63333333333333,0.8853947700327924
2019-05-01 00:00:00+00:00,81,54.0,57.833333333333336,0.9337175792507204
2019-05-02 00:00:00+00:00,78,58.857142857142854,58.96666666666667,0.998142614875232
2019-05-03 00:00:00+00:00,72,62.0,60.36666666666667,1.0270568746548867
2019-05-04 00:00:00+00:00,60,62.857142857142854,61.233333333333334,1.0265183917878529
2019-05-05 00:00:00+00:00,55,63.42857142857143,61.96666666666667,1.023591792822562
2019-05-06 00:00:00+00:00,52,64.0,61.766666666666666,1.0361575822989746
2019-05-07 00:00:00+00:00,59,65.28571428571429,61.8,1.0564031437817847
2019-05-08 00:00:00+00:00,57,61.857142857142854,61.63333333333333,1.0036313064977207
2019-05-09 00:00:00+00:00,59,59.142857142857146,61.53333333333333,0.9611515245318063
2019-05-10 00:00:00+00:00,55,56.714285714285715,62.233333333333334,0.9113168566837555
2019-05-11 00:00:00+00:00,59,56.57142857142857,63.36666666666667,0.8927632073344856
2019-05-12 00:00:00+00:00,61,57.42857142857143,64.5,0.8903654485049834
2019-05-13 00:00:00+00:00,61,58.714285714285715,64.83333333333333,0.9056188027910393
2019-05-14 00:00:00+00:00,67,59.857142857142854,65.03333333333333,0.9204071172292597
2019-05-15 00:00:00+00:00,76,62.57142857142857,65.46666666666667,0.9557753855106197
2019-05-16 00:00:00+00:00,45,60.57142857142857,64.56666666666666,0.9381222804041596
2019-05-17 00:00:00+00:00,38,58.142857142857146,62.96666666666667,0.9233910610300234
2019-05-18 00:00:00+00:00,31,54.142857142857146,60.8,0.8905075187969925
2019-05-19 00:00:00+00:00,65,54.714285714285715,59.733333333333334,0.9159757653061225
2019-05-20 00:00:00+00:00,90,58.857142857142854,59.6,0.9875359539789069
2019-05-21 00:00:00+00:00,92,62.42857142857143,59.9,1.042213212497019
2019-05-22 00:00:00+00:00,95,65.14285714285714,60.6,1.0749646393210748
2019-05-23 00:00:00+00:00,91,71.71428571428571,61.666666666666664,1.162934362934363
2019-05-24 00:00:00+00:00,97,80.14285714285714,63.1,1.2700928231831559
2019-05-25 00:00:00+00:00,99,89.85714285714286,64.93333333333334,1.383836902317395
2019-05-26 00:00:00+00:00,97,94.42857142857143,66.5,1.4199785177228788
2019-05-27 00:00:00+00:00,96,95.28571428571429,67.9,1.403324216284452
2019-05-28 00:00:00+00:00,96,95.85714285714286,69.4,1.3812268423219431
2019-05-29 00:00:00+00:00,90,95.14285714285714,70.8,1.3438256658595642
2019-05-30 00:00:00+00:00,74,92.71428571428571,71.6,1.2948922585794094
2019-05-31 00:00:00+00:00,78,90.0,71.5,1.2587412587412588
2019-06-01 00:00:00+00:00,85,88.0,71.73333333333333,1.2267657992565055
2019-06-02 00:00:00+00:00,96,87.85714285714286,72.53333333333333,1.211265756302521
2019-06-03 00:00:00+00:00,57,82.28571428571429,72.43333333333334,1.1360199855367825
2019-06-04 00:00:00+00:00,47,75.28571428571429,72.16666666666667,1.0432200593863412
2019-06-05 00:00:00+00:00,48,69.28571428571429,72.03333333333333,0.9618562834666492
2019-06-06 00:00:00+00:00,64,67.85714285714286,72.2,0.9398496240601504
2019-06-07 00:00:00+00:00,68,66.42857142857143,72.56666666666666,0.9154143972701622
2019-06-08 00:00:00+00:00,68,64.0,72.86666666666666,0.878316559926807
2019-06-09 00:00:00+00:00,89,63.0,74.0,0.8513513513513513
2019-06-10 00:00:00+00:00,79,66.14285714285714,74.66666666666667,0.8858418367346937
2019-06-11 00:00:00+00:00,85,71.57142857142857,75.46666666666667,0.9483846542150428
2019-06-12 00:00:00+00:00,84,76.71428571428571,76.23333333333333,1.0063089512149415
2019-06-13 00:00:00+00:00,91,80.57142857142857,77.03333333333333,1.0459294059467146
2019-06-14 00:00:00+00:00,88,83.42857142857143,77.43333333333334,1.0774245126375992
2019-06-15 00:00:00+00:00,89,86.42857142857143,78.9,1.095419156255658
2019-06-16 00:00:00+00:00,93,87.0,80.73333333333333,1.0776218001651527
2019-06-17 00:00:00+00:00,98,89.71428571428571,82.96666666666667,1.0813292773919532
2019-06-18 00:00:00+00:00,99,91.71428571428571,84.1,1.090538474605062
2019-06-19 00:00:00+00:00,100,94.0,84.43333333333334,1.1133043821555468
2019-06-20 00:00:00+00:00,96,94.71428571428571,84.56666666666666,1.1199954952418492
2019-06-21 00:00:00+00:00,93,95.42857142857143,84.5,1.1293322062552833
2019-06-22 00:00:00+00:00,82,94.42857142857143,84.2,1.1214794706481168
2019-06-23 00:00:00+00:00,79,92.42857142857143,83.6,1.1056049213943953
2019-06-24 00:00:00+00:00,71,88.57142857142857,82.66666666666667,1.0714285714285714
2019-06-25 00:00:00+00:00,50,81.57142857142857,81.1,1.0058129293641007
2019-06-26 00:00:00+00:00,32,71.85714285714286,78.96666666666667,0.9099680395585841
2019-06-27 00:00:00+00:00,32,62.714285714285715,76.83333333333333,0.8162379919429812
2019-06-28 00:00:00+00:00,38,54.857142857142854,75.1,0.7304546319193457
2019-06-29 00:00:00+00:00,79,54.42857142857143,75.26666666666667,0.7231431102113122
2019-06-30 00:00:00+00:00,66,52.57142857142857,74.86666666666666,0.7022007378196159
2019-07-01 00:00:00+00:00,44,48.714285714285715,73.5,0.6627793974732751
2019-07-02 00:00:00+00:00,40,47.285714285714285,71.63333333333334,0.6601076912849829
2019-07-03 00:00:00+00:00,50,49.857142857142854,71.4,0.6982793117246898
2019-07-04 00:00:00+00:00,59,53.714285714285715,71.8,0.7481098288897732
2019-07-05 00:00:00+00:00,78,59.42857142857143,72.8,0.8163265306122449
2019-07-06 00:00:00+00:00,88,60.714285714285715,73.6,0.8249223602484472
2019-07-07 00:00:00+00:00,95,64.85714285714286,74.5,0.8705656759348035
2019-07-08 00:00:00+00:00,87,71.0,75.13333333333334,0.9449866903283052
2019-07-09 00:00:00+00:00,58,73.57142857142857,74.1,0.9928667823404665
2019-07-10 00:00:00+00:00,29,70.57142857142857,72.43333333333334,0.9742949181513377
2019-07-11 00:00:00+00:00,41,68.0,70.96666666666667,0.9581963363081258
2019-07-12 00:00:00+00:00,53,64.42857142857143,69.93333333333334,0.9212855781015933
2019-07-13 00:00:00+00:00,55,59.714285714285715,68.73333333333333,0.8687820423998891
2019-07-14 00:00:00+00:00,18,48.714285714285715,66.4,0.7336488812392427
2019-07-15 00:00:00+00:00,13,38.142857142857146,63.86666666666667,0.5972263644497465
2019-07-16 00:00:00+00:00,12,31.571428571428573,61.166666666666664,0.5161541455819385
2019-07-17 00:00:00+00:00,16,29.714285714285715,58.43333333333333,0.508516013364844
2019-07-18 00:00:00+00:00,32,28.428571428571427,56.2,0.5058464667005592
2019-07-19 00:00:00+00:00,76,31.714285714285715,55.4,0.5724600309437855
2019-07-20 00:00:00+00:00,98,37.857142857142854,55.46666666666667,0.6825206043956044
2019-07-21 00:00:00+00:00,89,48.0,55.333333333333336,0.8674698795180723
2019-07-22 00:00:00+00:00,65,55.42857142857143,54.766666666666666,1.0120859055734284
2019-07-23 00:00:00+00:00,41,59.57142857142857,53.5,1.1134846461949266
2019-07-24 00:00:00+00:00,64,66.42857142857143,53.266666666666666,1.2470945825138566
2019-07-25 00:00:00+00:00,73,72.28571428571429,54.03333333333333,1.3377985370582535
2019-07-26 00:00:00+00:00,66,70.85714285714286,55.166666666666664,1.2844195079844627
2019-07-27 00:00:00+00:00,37,62.142857142857146,55.333333333333336,1.1230636833046472
2019-07-28 00:00:00+00:00,32,54.0,55.13333333333333,0.9794437726723095
2019-07-29 00:00:00+00:00,52,52.142857142857146,54.233333333333334,0.9614540345947845
2019-07-30 00:00:00+00:00,70,56.285714285714285,54.36666666666667,1.0352982394674608
2019-07-31 00:00:00+00:00,87,59.57142857142857,55.8,1.0675883256528418
2019-08-01 00:00:00+00:00,77,60.142857142857146,57.03333333333333,1.0545211655673374
2019-08-02 00:00:00+00:00,78,61.857142857142854,57.96666666666667,1.0671157479668116
2019-08-03 00:00:00+00:00,49,63.57142857142857,57.63333333333333,1.1030323060398248
2019-08-04 00:00:00+00:00,67,68.57142857142857,57.266666666666666,1.197405621154166
2019-08-05 00:00:00+00:00,52,68.57142857142857,56.06666666666667,1.2230338032953965
2019-08-06 00:00:00+00:00,69,68.42857142857143,55.2,1.239648033126294
2019-08-07 00:00:00+00:00,72,66.28571428571429,54.7,1.2118046487333507
2019-08-08 00:00:00+00:00,73,65.71428571428571,55.2,1.1904761904761902
2019-08-09 00:00:00+00:00,67,64.14285714285714,56.46666666666667,1.135941980097824
2019-08-10 00:00:00+00:00,62,66.0,57.166666666666664,1.154518950437318
2019-08-11 00:00:00+00:00,82,68.14285714285714,58.13333333333333,1.1721821756225426
2019-08-12 00:00:00+00:00,86,73.0,59.166666666666664,1.2338028169014086
2019-08-13 00:00:00+00:00,40,68.85714285714286,59.9,1.149534939184355
2019-08-14 00:00:00+00:00,16,60.857142857142854,60.0,1.0142857142857142
2019-08-15 00:00:00+00:00,14,52.42857142857143,60.06666666666667,0.8728397019185032
2019-08-16 00:00:00+00:00,21,45.857142857142854,60.233333333333334,0.7613250059293224
2019-08-17 00:00:00+00:00,75,47.714285714285715,61.666666666666664,0.7737451737451738
2019-08-18 00:00:00+00:00,91,49.0,62.166666666666664,0.7882037533512065
2019-08-19 00:00:00+00:00,94,50.142857142857146,62.03333333333333,0.8083211790895832
2019-08-20 00:00:00+00:00,81,56.0,61.766666666666666,0.9066378845116028
2019-08-21 00:00:00+00:00,66,63.142857142857146,61.8,1.0217290799815073
2019-08-22 00:00:00+00:00,77,72.14285714285714,63.0,1.1451247165532878
2019-08-23 00:00:00+00:00,94,82.57142857142857,64.0,1.2901785714285714
2019-08-24 00:00:00+00:00,88,84.42857142857143,64.5,1.3089700996677742
2019-08-25 00:00:00+00:00,44,77.71428571428571,63.766666666666666,1.218728997087596
2019-08-26 00:00:00+00:00,32,68.85714285714286,63.6,1.082659478885894
2019-08-27 00:00:00+00:00,32,61.857142857142854,63.6,0.9725965858041329
2019-08-28 00:00:00+00:00,19,55.142857142857146,62.5,0.8822857142857143
2019-08-29 00:00:00+00:00,14,46.142857142857146,60.63333333333333,0.7610146862483311
2019-08-30 00:00:00+00:00,19,35.42857142857143,58.36666666666667,0.6070000815860325
2019-08-31 00:00:00+00:00,36,28.0,57.0,0.49122807017543857
2019-09-01 00:00:00+00:00,42,27.714285714285715,55.8,0.4966717869943677
2019-09-02 00:00:00+00:00,43,29.285714285714285,55.6,0.52672147995889
2019-09-03 00:00:00+00:00,51,32.0,55.06666666666667,0.5811138014527845
2019-09-04 00:00:00+00:00,60,37.857142857142854,55.333333333333336,0.6841652323580033
2019-09-05 00:00:00+00:00,61,44.57142857142857,55.06666666666667,0.8094085091663783
2019-09-06 00:00:00+00:00,62,50.714285714285715,54.733333333333334,0.9265703845484601
2019-09-07 00:00:00+00:00,78,56.714285714285715,54.9,1.033047098620869
2019-09-08 00:00:00+00:00,86,63.0,55.53333333333333,1.134453781512605
2019-09-09 00:00:00+00:00,95,70.42857142857143,56.63333333333333,1.2435886656016144
2019-09-10 00:00:00+00:00,78,74.28571428571429,56.5,1.3147914032869785
2019-09-11 00:00:00+00:00,70,75.71428571428571,55.96666666666667,1.352846081851442
2019-09-12 00:00:00+00:00,49,74.0,56.266666666666666,1.3151658767772512
2019-09-13 00:00:00+00:00,58,73.42857142857143,57.666666666666664,1.2733278282411231
2019-09-14 00:00:00+00:00,78,73.42857142857143,59.8,1.2279025322503585
2019-09-15 00:00:00+00:00,94,74.57142857142857,62.233333333333334,1.1982554135741066
2019-09-16 00:00:00+00:00,99,75.14285714285714,63.03333333333333,1.1921130165445342
2019-09-17 00:00:00+00:00,100,78.28571428571429,63.333333333333336,1.23609022556391
2019-09-18 00:00:00+00:00,98,82.28571428571429,63.46666666666667,1.2965186074429773
2019-09-19 00:00:00+00:00,96,89.0,63.96666666666667,1.3913496612819176
2019-09-20 00:00:00+00:00,89,93.42857142857143,64.73333333333333,1.4432838016772105
2019-09-21 00:00:00+00:00,86,94.57142857142857,65.03333333333333,1.4541993117082814
2019-09-22 00:00:00+00:00,46,87.71428571428571,63.43333333333333,1.3827790706403422
2019-09-23 00:00:00+00:00,9,74.85714285714286,60.8,1.2312030075187972
2019-09-24 00:00:00+00:00,2,60.857142857142854,59.4,1.0245310245310244
2019-09-25 00:00:00+00:00,0,46.857142857142854,58.333333333333336,0.8032653061224488
2019-09-26 00:00:00+00:00,1,33.285714285714285,57.3,0.5809025180752929
2019-09-27 00:00:00+00:00,4,21.142857142857142,56.8,0.3722334004024145
2019-09-28 00:00:00+00:00,7,9.857142857142858,56.56666666666667,0.17425709234784073
2019-09-29 00:00:00+00:00,13,5.142857142857143,56.36666666666667,0.09123933429078314
2019-09-30 00:00:00+00:00,19,6.571428571428571,55.8,0.11776753712237584
2019-10-01 00:00:00+00:00,35,11.285714285714286,55.56666666666667,0.20310223669551805
2019-10-02 00:00:00+00:00,40,17.0,55.46666666666667,0.3064903846153846
2019-10-03 00:00:00+00:00,43,23.0,55.2,0.41666666666666663
2019-10-04 00:00:00+00:00,29,26.571428571428573,54.166666666666664,0.4905494505494506
2019-10-05 00:00:00+00:00,27,29.428571428571427,53.03333333333333,0.5549070665349735
2019-10-06 00:00:00+00:00,24,31.0,51.766666666666666,0.5988409529942048
2019-10-07 00:00:00+00:00,38,33.714285714285715,50.43333333333333,0.6684921159475027
2019-10-08 00:00:00+00:00,37,34.0,48.8,0.6967213114754098
2019-10-09 00:00:00+00:00,60,36.857142857142854,47.63333333333333,0.7737678696391083
2019-10-10 00:00:00+00:00,57,38.857142857142854,46.93333333333333,0.827922077922078
2019-10-11 00:00:00+00:00,43,40.857142857142854,46.03333333333333,0.8875556015309817
2019-10-12 00:00:00+00:00,42,43.0,45.8,0.9388646288209608
2019-10-13 00:00:00+00:00,54,47.285714285714285,45.666666666666664,1.035453597497393
2019-10-14 00:00:00+00:00,86,54.142857142857146,45.93333333333333,1.1787269334439148
2019-10-15 00:00:00+00:00,35,53.857142857142854,43.96666666666667,1.224953969457381
2019-10-16 00:00:00+00:00,39,50.857142857142854,41.96666666666667,1.2118461363894246
2019-10-17 00:00:00+00:00,26,46.42857142857143,39.5,1.1754068716094033
2019-10-18 00:00:00+00:00,42,46.285714285714285,37.63333333333333,1.2299126913830192
2019-10-19 00:00:00+00:00,38,45.714285714285715,35.7,1.2805122048819526
2019-10-20 00:00:00+00:00,64,47.142857142857146,34.86666666666667,1.352089593007375
2019-10-21 00:00:00+00:00,78,46.0,34.6,1.329479768786127
2019-10-22 00:00:00+00:00,24,44.42857142857143,33.86666666666667,1.3118672665916762
2019-10-23 00:00:00+00:00,10,40.285714285714285,33.9,1.1883691529709228
2019-10-24 00:00:00+00:00,8,37.714285714285715,34.1,1.1059907834101381
2019-10-25 00:00:00+00:00,15,33.857142857142854,34.6,0.9785301403798512
2019-10-26 00:00:00+00:00,41,34.285714285714285,35.93333333333333,0.9541478929234032
2019-10-27 00:00:00+00:00,75,35.857142857142854,38.3,0.9362178291682208
2019-10-28 00:00:00+00:00,90,37.57142857142857,41.06666666666667,0.9148886827458255
2019-10-29 00:00:00+00:00,87,46.57142857142857,43.53333333333333,1.0697877926055568
2019-10-30 00:00:00+00:00,89,57.857142857142854,45.86666666666667,1.2614202657807307
2019-10-31 00:00:00+00:00,90,69.57142857142857,47.7,1.4585205151242886
2019-11-01 00:00:00+00:00,97,81.28571428571429,49.6,1.6388248847926268
2019-11-02 00:00:00+00:00,95,89.0,51.333333333333336,1.7337662337662336
2019-11-03 00:00:00+00:00,98,92.28571428571429,53.63333333333333,1.7206783272662702
2019-11-04 00:00:00+00:00,99,93.57142857142857,56.03333333333333,1.669924364748874
2019-11-05 00:00:00+00:00,100,95.42857142857143,58.56666666666667,1.6294007642897796
2019-11-06 00:00:00+00:00,99,96.85714285714286,60.6,1.5983026874115984
2019-11-07 00:00:00+00:00,85,96.14285714285714,62.2,1.545705098759761
2019-11-08 00:00:00+00:00,38,87.71428571428571,61.46666666666667,1.4270220018593118
2019-11-09 00:00:00+00:00,21,77.14285714285714,60.266666666666666,1.2800252844500632
2019-11-10 00:00:00+00:00,25,66.71428571428571,59.666666666666664,1.1181165203511572
2019-11-11 00:00:00+00:00,51,59.857142857142854,59.96666666666667,0.9981735885015484
2019-11-12 00:00:00+00:00,78,56.714285714285715,60.766666666666666,0.9333124363294413
2019-11-13 00:00:00+00:00,88,55.142857142857146,60.833333333333336,0.9064579256360078
2019-11-14 00:00:00+00:00,73,53.42857142857143,62.1,0.8603634690591212
2019-11-15 00:00:00+00:00,73,58.42857142857143,63.233333333333334,0.9240153626026056
2019-11-16 00:00:00+00:00,63,64.42857142857143,64.46666666666667,0.999409070763776
2019-11-17 00:00:00+00:00,65,70.14285714285714,65.23333333333333,1.0752609679538652
2019-11-18 00:00:00+00:00,38,68.28571428571429,65.23333333333333,1.0467917366231112
2019-11-19 00:00:00+00:00,44,63.42857142857143,64.56666666666666,0.9823733313666201
2019-11-20 00:00:00+00:00,22,54.0,62.7,0.8612440191387559
2019-11-21 00:00:00+00:00,10,45.0,62.233333333333334,0.723085163363685
2019-11-22 00:00:00+00:00,5,35.285714285714285,62.06666666666667,0.5685131195335277
2019-11-23 00:00:00+00:00,4,26.857142857142858,61.93333333333333,0.43364600953406124
2019-11-24 00:00:00+00:00,3,18.0,61.53333333333333,0.2925243770314193
2019-11-25 00:00:00+00:00,7,13.571428571428571,60.4,0.22469252601702933
2019-11-26 00:00:00+00:00,14,9.285714285714286,58.36666666666667,0.1590927633189198
2019-11-27 00:00:00+00:00,37,11.428571428571429,56.6,0.20191822311963656
2019-11-28 00:00:00+00:00,54,17.714285714285715,55.5,0.31917631917631917
2019-11-29 00:00:00+00:00,69,26.857142857142858,54.833333333333336,0.4897959183673469
2019-11-30 00:00:00+00:00,81,37.857142857142854,54.53333333333333,0.6942018861334265
2019-12-01 00:00:00+00:00,28,41.42857142857143,52.233333333333334,0.7931443157990701
2019-12-02 00:00:00+00:00,30,44.714285714285715,50.06666666666667,0.8930949210576374
2019-12-03 00:00:00+00:00,24,46.142857142857146,47.6,0.9693877551020409
2019-12-04 00:00:00+00:00,66,50.285714285714285,46.5,1.0814132104454686
2019-12-05 00:00:00+00:00,51,49.857142857142854,44.86666666666667,1.1112290384207173
2019-12-06 00:00:00+00:00,87,52.42857142857143,44.46666666666667,1.1790533304776183
2019-12-07 00:00:00+00:00,79,52.142857142857146,44.266666666666666,1.1779259896729777
2019-12-08 00:00:00+00:00,92,61.285714285714285,46.06666666666667,1.3303700640893115
2019-12-09 00:00:00+00:00,76,67.85714285714286,47.9,1.416641813301521
2019-12-10 00:00:00+00:00,83,76.28571428571429,49.833333333333336,1.5308170090778788
2019-12-11 00:00:00+00:00,58,75.14285714285714,50.06666666666667,1.5008560015217802
2019-12-12 00:00:00+00:00,55,75.71428571428571,49.3,1.5357867284844973
2019-12-13 00:00:00+00:00,41,69.14285714285714,47.733333333333334,1.4485235434956105
2019-12-14 00:00:00+00:00,27,61.714285714285715,46.2,1.3358070500927643
2019-12-15 00:00:00+00:00,33,53.285714285714285,44.86666666666667,1.1876459350456379
2019-12-16 00:00:00+00:00,3,42.857142857142854,42.86666666666667,0.9997778271495222
2019-12-17 00:00:00+00:00,3,31.428571428571427,40.8,0.7703081232492998
2019-12-18 00:00:00+00:00,1,23.285714285714285,39.56666666666667,0.5885184739439162
2019-12-19 00:00:00+00:00,9,16.714285714285715,38.4,0.4352678571428572
2019-12-20 00:00:00+00:00,12,12.571428571428571,38.06666666666667,0.33024768576432323
2019-12-21 00:00:00+00:00,37,14.0,38.96666666666667,0.3592814371257485
2019-12-22 00:00:00+00:00,32,13.857142857142858,39.86666666666667,0.34758719541328237
2019-12-23 00:00:00+00:00,68,23.142857142857142,42.0,0.5510204081632653
2019-12-24 00:00:00+00:00,58,31.0,43.833333333333336,0.7072243346007604
2019-12-25 00:00:00+00:00,92,44.0,46.666666666666664,0.942857142857143
2019-12-26 00:00:00+00:00,72,53.0,48.6,1.0905349794238683
2019-12-27 00:00:00+00:00,56,59.285714285714285,49.233333333333334,1.2041783538059774
2019-12-28 00:00:00+00:00,66,63.42857142857143,49.63333333333333,1.277943010649525
2019-12-29 00:00:00+00:00,86,71.14285714285714,50.2,1.4171883892999428
2019-12-30 00:00:00+00:00,91,74.42857142857143,50.53333333333333,1.4728609121748963
2019-12-31 00:00:00+00:00,76,77.0,52.13333333333333,1.4769820971867007
2020-01-01 00:00:00+00:00,35,68.85714285714286,52.3,1.316580169352636
2020-01-02 00:00:00+00:00,40,64.28571428571429,52.833333333333336,1.2167643082469581
2020-01-03 00:00:00+00:00,72,66.57142857142857,53.03333333333333,1.2552752087635808
2020-01-04 00:00:00+00:00,97,71.0,54.56666666666667,1.301160659743433
2020-01-05 00:00:00+00:00,96,72.42857142857143,54.86666666666667,1.3200833188682521
2020-01-06 00:00:00+00:00,81,71.0,54.93333333333333,1.2924757281553398
2020-01-07 00:00:00+00:00,60,68.71428571428571,53.86666666666667,1.2756364922206505
2020-01-08 00:00:00+00:00,48,70.57142857142857,52.93333333333333,1.3332133861101116
2020-01-09 00:00:00+00:00,58,73.14285714285714,52.1,1.403893611187277
2020-01-10 00:00:00+00:00,90,75.71428571428571,53.166666666666664,1.4240931482310792
2020-01-11 00:00:00+00:00,92,75.0,54.4,1.3786764705882353
2020-01-12 00:00:00+00:00,85,73.42857142857143,55.86666666666667,1.3143539038527106
2020-01-13 00:00:00+00:00,73,72.28571428571429,57.4,1.2593330014932804
2020-01-14 00:00:00+00:00,90,76.57142857142857,59.3,1.2912551192483739
2020-01-15 00:00:00+00:00,96,83.42857142857143,62.4,1.3369963369963371
2020-01-16 00:00:00+00:00,95,88.71428571428571,65.46666666666667,1.3551061972650567
2020-01-17 00:00:00+00:00,87,88.28571428571429,68.33333333333333,1.2919860627177702
2020-01-18 00:00:00+00:00,68,84.85714285714286,70.3,1.207071733387523
2020-01-19 00:00:00+00:00,43,78.85714285714286,71.33333333333333,1.1054739652870496
2020-01-20 00:00:00+00:00,47,75.14285714285714,71.66666666666667,1.0485049833887041
2020-01-21 00:00:00+00:00,73,72.71428571428571,73.03333333333333,0.9956314794288322
2020-01-22 00:00:00+00:00,96,72.71428571428571,73.96666666666667,0.983068306186828
2020-01-23 00:00:00+00:00,72,69.42857142857143,74.43333333333334,0.9327618194613269
2020-01-24 00:00:00+00:00,66,66.42857142857143,73.56666666666666,0.90297106608842
2020-01-25 00:00:00+00:00,72,67.0,73.56666666666666,0.9107385591300409
2020-01-26 00:00:00+00:00,90,73.71428571428571,74.7,0.9868043602983361
2020-01-27 00:00:00+00:00,87,79.42857142857143,75.4,1.053429329291398
2020-01-28 00:00:00+00:00,88,81.57142857142857,75.46666666666667,1.0808934881373042
2020-01-29 00:00:00+00:00,93,81.14285714285714,75.53333333333333,1.0742655402849577
2020-01-30 00:00:00+00:00,93,84.14285714285714,76.1,1.10568800450535
2020-01-31 00:00:00+00:00,98,88.71428571428571,78.2,1.134453781512605
2020-02-01 00:00:00+00:00,91,91.42857142857143,79.9,1.1442875022349366
2020-02-02 00:00:00+00:00,92,91.71428571428571,80.56666666666666,1.1383651516047046
2020-02-03 00:00:00+00:00,78,90.42857142857143,79.93333333333334,1.1312998927677826
2020-02-04 00:00:00+00:00,82,89.57142857142857,79.46666666666667,1.12715723873442
2020-02-05 00:00:00+00:00,96,90.0,79.96666666666667,1.1254689453939142
2020-02-06 00:00:00+00:00,99,90.85714285714286,81.26666666666667,1.1180124223602486
2020-02-07 00:00:00+00:00,99,91.0,82.96666666666667,1.0968260345520289
2020-02-08 00:00:00+00:00,95,91.57142857142857,84.2,1.0875466576179165
2020-02-09 00:00:00+00:00,87,90.85714285714286,84.1,1.080346526244267
2020-02-10 00:00:00+00:00,81,91.28571428571429,83.73333333333333,1.0901956323930846
2020-02-11 00:00:00+00:00,88,92.14285714285714,83.83333333333333,1.099119568304459
2020-02-12 00:00:00+00:00,91,91.42857142857143,84.43333333333334,1.0828492470813829
2020-02-13 00:00:00+00:00,99,91.42857142857143,84.73333333333333,1.0790153984489155
2020-02-14 00:00:00+00:00,86,89.57142857142857,84.4,1.0612728503723763
2020-02-15 00:00:00+00:00,70,86.0,83.56666666666666,1.0291184682887915
2020-02-16 00:00:00+00:00,42,79.57142857142857,82.06666666666666,0.969594986654288
2020-02-17 00:00:00+00:00,55,75.85714285714286,81.63333333333334,0.9292422563145307
2020-02-18 00:00:00+00:00,82,75.0,82.93333333333334,0.9043408360128617
2020-02-19 00:00:00+00:00,84,74.0,84.16666666666667,0.8792079207920792
2020-02-20 00:00:00+00:00,99,74.0,85.03333333333333,0.8702469619756958
2020-02-21 00:00:00+00:00,80,73.14285714285714,84.5,0.8655959425190194
2020-02-22 00:00:00+00:00,87,75.57142857142857,85.0,0.8890756302521008
2020-02-23 00:00:00+00:00,60,78.14285714285714,84.8,0.9214959568733153
2020-02-24 00:00:00+00:00,28,74.28571428571429,83.33333333333333,0.8914285714285716
2020-02-25 00:00:00+00:00,5,63.285714285714285,80.5,0.7861579414374446
2020-02-26 00:00:00+00:00,2,51.57142857142857,77.66666666666667,0.6640098099325566
2020-02-27 00:00:00+00:00,1,37.57142857142857,74.76666666666667,0.5025157633271766
2020-02-28 00:00:00+00:00,3,26.571428571428573,71.76666666666667,0.37024749518943667
2020-02-29 00:00:00+00:00,6,15.0,68.86666666666666,0.21781219748305908
2020-03-01 00:00:00+00:00,16,8.714285714285714,66.13333333333334,0.13176843317972348
2020-03-02 00:00:00+00:00,26,8.428571428571429,63.96666666666667,0.1317650562048686
2020-03-03 00:00:00+00:00,63,16.714285714285715,63.0,0.2653061224489796
2020-03-04 00:00:00+00:00,80,27.857142857142858,63.06666666666667,0.4417094533373603
2020-03-05 00:00:00+00:00,72,38.0,62.733333333333334,0.6057385759829969
2020-03-06 00:00:00+00:00,62,46.42857142857143,61.6,0.7537105751391466
2020-03-07 00:00:00+00:00,22,48.714285714285715,59.03333333333333,0.8251996450754215
2020-03-08 00:00:00+00:00,1,46.57142857142857,55.766666666666666,0.8351122875928614
2020-03-09 00:00:00+00:00,0,42.857142857142854,52.6,0.8147745790331341
2020-03-10 00:00:00+00:00,1,34.0,49.733333333333334,0.6836461126005362
2020-03-11 00:00:00+00:00,1,22.714285714285715,47.06666666666667,0.4825981384055038
2020-03-12 00:00:00+00:00,1,12.571428571428571,44.166666666666664,0.2846361185983828
2020-03-13 00:00:00+00:00,0,3.7142857142857144,41.13333333333333,0.09029868025005788
2020-03-14 00:00:00+00:00,2,0.8571428571428571,37.9,0.022615906520919712
2020-03-15 00:00:00+00:00,1,0.8571428571428571,35.06666666666667,0.02444323737099402
2020-03-16 00:00:00+00:00,2,1.1428571428571428,32.8,0.03484320557491289
2020-03-17 00:00:00+00:00,3,1.4285714285714286,31.5,0.045351473922902494
2020-03-18 00:00:00+00:00,7,2.2857142857142856,29.9,0.07644529383659818
2020-03-19 00:00:00+00:00,8,3.2857142857142856,27.433333333333334,0.11977087311230689
2020-03-20 00:00:00+00:00,9,4.571428571428571,24.933333333333334,0.18334606569900685
2020-03-21 00:00:00+00:00,6,5.142857142857143,21.833333333333332,0.2355507088331516
2020-03-22 00:00:00+00:00,5,5.714285714285714,19.333333333333332,0.2955665024630542
2020-03-23 00:00:00+00:00,8,6.571428571428571,16.7,0.39349871685201027
2020-03-24 00:00:00+00:00,13,8.0,15.133333333333333,0.5286343612334802
2020-03-25 00:00:00+00:00,15,9.142857142857142,14.7,0.6219630709426628
2020-03-26 00:00:00+00:00,13,9.857142857142858,14.966666666666667,0.6586064269805918
2020-03-27 00:00:00+00:00,11,10.142857142857142,15.266666666666667,0.6643792888334372
2020-03-28 00:00:00+00:00,6,10.142857142857142,15.433333333333334,0.6572045664918235
2020-03-29 00:00:00+00:00,9,10.714285714285714,15.633333333333333,0.6853487663722205
2020-03-30 00:00:00+00:00,12,11.285714285714286,15.833333333333334,0.7127819548872181
2020-03-31 00:00:00+00:00,15,11.571428571428571,15.8,0.7323688969258589
2020-04-01 00:00:00+00:00,17,11.857142857142858,15.5,0.7649769585253456
2020-04-02 00:00:00+00:00,18,12.571428571428571,14.0,0.8979591836734694
2020-04-03 00:00:00+00:00,24,14.428571428571429,12.133333333333333,1.1891679748822606
2020-04-04 00:00:00+00:00,32,18.142857142857142,10.8,1.6798941798941798
2020-04-05 00:00:00+00:00,22,20.0,9.466666666666667,2.112676056338028
2020-04-06 00:00:00+00:00,18,20.857142857142858,9.333333333333334,2.2346938775510203
2020-04-07 00:00:00+00:00,15,20.857142857142858,9.8,2.128279883381924
2020-04-08 00:00:00+00:00,21,21.428571428571427,10.5,2.0408163265306123
2020-04-09 00:00:00+00:00,24,22.285714285714285,11.266666666666667,1.9780219780219779
2020-04-10 00:00:00+00:00,29,23.0,12.2,1.8852459016393444
2020-04-11 00:00:00+00:00,34,23.285714285714285,13.3,1.7508055853920514
2020-04-12 00:00:00+00:00,27,24.0,14.2,1.6901408450704227
2020-04-13 00:00:00+00:00,24,24.857142857142858,14.933333333333334,1.6645408163265307
2020-04-14 00:00:00+00:00,25,26.285714285714285,15.733333333333333,1.6707021791767556
2020-04-15 00:00:00+00:00,40,29.0,17.0,1.7058823529411764
2020-04-16 00:00:00+00:00,55,33.42857142857143,18.733333333333334,1.784443314692425
2020-04-17 00:00:00+00:00,62,38.142857142857146,20.566666666666666,1.8545959712896505
2020-04-18 00:00:00+00:00,71,43.42857142857143,22.666666666666668,1.915966386554622
2020-04-19 00:00:00+00:00,47,46.285714285714285,23.933333333333334,1.9339434938320732
2020-04-20 00:00:00+00:00,20,45.714285714285715,24.4,1.873536299765808
2020-04-21 00:00:00+00:00,14,44.142857142857146,24.7,1.78716020821284
2020-04-22 00:00:00+00:00,16,40.714285714285715,24.966666666666665,1.630745756246424
2020-04-23 00:00:00+00:00,27,36.714285714285715,25.433333333333334,1.4435498970230294
2020-04-24 00:00:00+00:00,55,35.714285714285715,26.766666666666666,1.3342821561999645
2020-04-25 00:00:00+00:00,68,35.285714285714285,28.6,1.2337662337662336
2020-04-26 00:00:00+00:00,66,38.0,30.433333333333334,1.248630887185104
2020-04-27 00:00:00+00:00,59,43.57142857142857,32.2,1.3531499556344275
2020-04-28 00:00:00+00:00,56,49.57142857142857,33.766666666666666,1.4680581018192074
2020-04-29 00:00:00+00:00,51,54.57142857142857,35.06666666666667,1.556219445953286
2020-04-30 00:00:00+00:00,40,56.42857142857143,35.9,1.5718265021886193
2020-05-01 00:00:00+00:00,38,54.0,36.6,1.4754098360655736
2020-05-02 00:00:00+00:00,34,49.142857142857146,37.13333333333333,1.3234162605796358
2020-05-03 00:00:00+00:00,39,45.285714285714285,37.63333333333333,1.2033405036062255
2020-05-04 00:00:00+00:00,41,42.714285714285715,37.93333333333333,1.1260356515189558
2020-05-05 00:00:00+00:00,35,39.714285714285715,38.36666666666667,1.0351247362541889
2020-05-06 00:00:00+00:00,53,40.0,39.53333333333333,1.0118043844856661
2020-05-07 00:00:00+00:00,70,44.285714285714285,41.36666666666667,1.0705652123863243
2020-05-08 00:00:00+00:00,72,49.142857142857146,43.06666666666667,1.1410880141530295
2020-05-09 00:00:00+00:00,22,47.42857142857143,43.0,1.1029900332225915
2020-05-10 00:00:00+00:00,18,44.42857142857143,42.63333333333333,1.0421087903496036
2020-05-11 00:00:00+00:00,19,41.285714285714285,42.13333333333333,0.979882459312839
2020-05-12 00:00:00+00:00,52,43.714285714285715,42.96666666666667,1.0173999778344232
2020-05-13 00:00:00+00:00,45,42.57142857142857,43.666666666666664,0.9749182115594329
2020-05-14 00:00:00+00:00,48,39.42857142857143,44.43333333333333,0.8873646983174366
2020-05-15 00:00:00+00:00,67,38.714285714285715,45.333333333333336,0.8539915966386554
2020-05-16 00:00:00+00:00,80,47.0,46.166666666666664,1.0180505415162455
2020-05-17 00:00:00+00:00,88,57.0,47.03333333333333,1.2119064493267186
2020-05-18 00:00:00+00:00,90,67.14285714285714,47.666666666666664,1.4085914085914086
2020-05-19 00:00:00+00:00,84,71.71428571428571,48.9,1.4665498101080923
2020-05-20 00:00:00+00:00,59,73.71428571428571,50.2,1.4684120660216275
2020-05-21 00:00:00+00:00,61,75.57142857142857,51.766666666666666,1.4598473001563794
2020-05-22 00:00:00+00:00,73,76.42857142857143,53.666666666666664,1.4241348713398403
2020-05-23 00:00:00+00:00,93,78.28571428571429,55.86666666666667,1.4012956017729288
2020-05-24 00:00:00+00:00,70,75.71428571428571,56.36666666666667,1.3432457548365293
2020-05-25 00:00:00+00:00,65,72.14285714285714,56.266666666666666,1.2821597833446174
2020-05-26 00:00:00+00:00,64,69.28571428571429,56.2,1.2328418912048806
2020-05-27 00:00:00+00:00,75,71.57142857142857,56.733333333333334,1.2615410441497397
2020-05-28 00:00:00+00:00,70,72.85714285714286,57.2,1.2737262737262738
2020-05-29 00:00:00+00:00,74,73.0,57.96666666666667,1.2593444508338125
2020-05-30 00:00:00+00:00,84,71.71428571428571,59.43333333333333,1.2066340838073872
2020-05-31 00:00:00+00:00,85,73.85714285714286,61.0,1.2107728337236534
2020-06-01 00:00:00+00:00,60,73.14285714285714,61.86666666666667,1.1822660098522166
2020-06-02 00:00:00+00:00,49,71.0,62.2,1.1414790996784565
2020-06-03 00:00:00+00:00,59,68.71428571428571,62.8,1.0941765241128298
2020-06-04 00:00:00+00:00,87,71.14285714285714,64.53333333333333,1.1024203069657614
2020-06-05 00:00:00+00:00,80,72.0,65.43333333333334,1.1003565970453386
2020-06-06 00:00:00+00:00,68,69.71428571428571,65.36666666666666,1.0665112551905005
2020-06-07 00:00:00+00:00,68,67.28571428571429,65.23333333333333,1.031462150521936
2020-06-08 00:00:00+00:00,87,71.14285714285714,67.4,1.055532005086901
2020-06-09 00:00:00+00:00,96,77.85714285714286,70.0,1.1122448979591837
2020-06-10 00:00:00+00:00,72,79.71428571428571,71.76666666666667,1.11074248556831
2020-06-11 00:00:00+00:00,42,73.28571428571429,71.43333333333334,1.025931604559696
2020-06-12 00:00:00+00:00,26,65.57142857142857,70.8,0.9261501210653753
2020-06-13 00:00:00+00:00,45,62.285714285714285,70.7,0.8809860577894524
2020-06-14 00:00:00+00:00,15,54.714285714285715,68.96666666666667,0.7933439204584686
2020-06-15 00:00:00+00:00,17,44.714285714285715,66.86666666666666,0.6687081612305941
2020-06-16 00:00:00+00:00,21,34.0,64.63333333333334,0.5260443527591542
2020-06-17 00:00:00+00:00,98,37.714285714285715,64.9,0.5811138014527845
2020-06-18 00:00:00+00:00,99,45.857142857142854,65.4,0.7011795543905635
2020-06-19 00:00:00+00:00,95,55.714285714285715,66.6,0.8365508365508366
2020-06-20 00:00:00+00:00,89,62.0,67.53333333333333,0.9180651530108589
2020-06-21 00:00:00+00:00,89,72.57142857142857,68.06666666666666,1.0661816146634953
2020-06-22 00:00:00+00:00,98,84.14285714285714,68.23333333333333,1.2331635145509106
2020-06-23 00:00:00+00:00,92,94.28571428571429,68.96666666666667,1.367120071808327
2020-06-24 00:00:00+00:00,89,93.0,69.76666666666667,1.3330148112756808
2020-06-25 00:00:00+00:00,49,85.85714285714286,69.26666666666667,1.2395160181493194
2020-06-26 00:00:00+00:00,27,76.14285714285714,67.66666666666667,1.1252638986629133
2020-06-27 00:00:00+00:00,20,66.28571428571429,66.0,1.0043290043290045
2020-06-28 00:00:00+00:00,18,56.142857142857146,64.13333333333334,0.8754083754083753
2020-06-29 00:00:00+00:00,36,47.285714285714285,62.53333333333333,0.75616813889735
2020-06-30 00:00:00+00:00,76,45.0,62.233333333333334,0.723085163363685
2020-07-01 00:00:00+00:00,99,46.42857142857143,63.53333333333333,0.7307749962524359
2020-07-02 00:00:00+00:00,100,53.714285714285715,65.23333333333333,0.8234177677202715
2020-07-03 00:00:00+00:00,99,64.0,66.56666666666666,0.9614421632448673
2020-07-04 00:00:00+00:00,94,74.57142857142857,66.8,1.11633875106929
2020-07-05 00:00:00+00:00,71,82.14285714285714,66.5,1.2352309344790546
2020-07-06 00:00:00+00:00,60,85.57142857142857,66.23333333333333,1.2919692285570494
2020-07-07 00:00:00+00:00,69,84.57142857142857,66.26666666666667,1.2762288013797067
2020-07-08 00:00:00+00:00,85,82.57142857142857,66.2,1.247302546396202
2020-07-09 00:00:00+00:00,79,79.57142857142857,65.63333333333334,1.2123630559384748
2020-07-10 00:00:00+00:00,79,76.71428571428571,65.86666666666666,1.1646905725853094
2020-07-11 00:00:00+00:00,91,76.28571428571429,67.5,1.1301587301587301
2020-07-12 00:00:00+00:00,94,79.57142857142857,69.76666666666667,1.140536482151389
2020-07-13 00:00:00+00:00,86,83.28571428571429,71.13333333333334,1.170839469808542
2020-07-14 00:00:00+00:00,76,84.28571428571429,73.16666666666667,1.1519687601692157
2020-07-15 00:00:00+00:00,62,81.0,74.66666666666667,1.0848214285714286
2020-07-16 00:00:00+00:00,54,77.42857142857143,75.76666666666667,1.021934510715857
2020-07-17 00:00:00+00:00,61,74.85714285714286,74.53333333333333,1.0043444927165859
2020-07-18 00:00:00+00:00,70,71.85714285714286,73.56666666666666,0.9767622499838178
2020-07-19 00:00:00+00:00,92,71.57142857142857,73.46666666666667,0.9742027482499351
2020-07-20 00:00:00+00:00,98,73.28571428571429,73.76666666666667,0.9934800852107676
2020-07-21 00:00:00+00:00,100,76.71428571428571,74.13333333333334,1.034815005138746
2020-07-22 00:00:00+00:00,100,82.14285714285714,74.2,1.1070465922217942
2020-07-23 00:00:00+00:00,100,88.71428571428571,74.46666666666667,1.1913288144263972
2020-07-24 00:00:00+00:00,100,94.28571428571429,74.83333333333333,1.259942729875915
2020-07-25 00:00:00+00:00,97,98.14285714285714,76.43333333333334,1.2840321475297487
2020-07-26 00:00:00+00:00,71,95.14285714285714,77.9,1.2213460480469465
2020-07-27 00:00:00+00:00,60,89.71428571428571,79.23333333333333,1.1322795841096218
2020-07-28 00:00:00+00:00,74,86.0,81.1,1.060419235511714
2020-07-29 00:00:00+00:00,88,84.28571428571429,82.83333333333333,1.0175337740730097
2020-07-30 00:00:00+00:00,96,83.71428571428571,83.5,1.0025662959794697
2020-07-31 00:00:00+00:00,96,83.14285714285714,83.4,0.9969167523124356
2020-08-01 00:00:00+00:00,88,81.85714285714286,83.0,0.9862306368330466
2020-08-02 00:00:00+00:00,80,83.14285714285714,82.36666666666666,1.009423599468116
2020-08-03 00:00:00+00:00,83,86.42857142857143,82.0,1.054006968641115
2020-08-04 00:00:00+00:00,97,89.71428571428571,82.86666666666666,1.0826341799793127
2020-08-05 00:00:00+00:00,98,91.14285714285714,84.13333333333334,1.0833144668326917
2020-08-06 00:00:00+00:00,92,90.57142857142857,84.9,1.066801278815413
2020-08-07 00:00:00+00:00,89,89.57142857142857,85.03333333333333,1.0533684269474155
2020-08-08 00:00:00+00:00,88,89.57142857142857,85.33333333333333,1.0496651785714286
2020-08-09 00:00:00+00:00,99,92.28571428571429,86.0,1.0730897009966778
2020-08-10 00:00:00+00:00,93,93.71428571428571,86.06666666666666,1.0888569215447603
2020-08-11 00:00:00+00:00,99,94.0,86.23333333333333,1.090065713181291
2020-08-12 00:00:00+00:00,99,94.14285714285714,86.66666666666667,1.0862637362637362
2020-08-13 00:00:00+00:00,98,95.0,87.4,1.0869565217391304
2020-08-14 00:00:00+00:00,96,96.0,88.53333333333333,1.0843373493975903
2020-08-15 00:00:00+00:00,98,97.42857142857143,90.0,1.0825396825396825
2020-08-16 00:00:00+00:00,100,97.57142857142857,91.3,1.0686903457987795
2020-08-17 00:00:00+00:00,96,98.0,92.16666666666667,1.0632911392405062
2020-08-18 00:00:00+00:00,67,93.42857142857143,91.33333333333333,1.0229405630865485
2020-08-19 00:00:00+00:00,61,88.0,90.1,0.9766925638179801
2020-08-20 00:00:00+00:00,50,81.14285714285714,88.43333333333334,0.9175596359915997
2020-08-21 00:00:00+00:00,65,76.71428571428571,87.26666666666667,0.8790789042889883
2020-08-22 00:00:00+00:00,72,73.0,86.33333333333333,0.8455598455598456
2020-08-23 00:00:00+00:00,78,69.85714285714286,85.6,0.8160881174899868
2020-08-24 00:00:00+00:00,85,68.28571428571429,85.2,0.801475519785379
2020-08-25 00:00:00+00:00,84,70.71428571428571,85.63333333333334,0.8257799032419506
2020-08-26 00:00:00+00:00,79,73.28571428571429,86.26666666666667,0.8495252815190992
2020-08-27 00:00:00+00:00,84,78.14285714285714,86.6,0.9023424612339163
2020-08-28 00:00:00+00:00,86,81.14285714285714,86.53333333333333,0.9377063614351749
2020-08-29 00:00:00+00:00,98,84.85714285714286,86.6,0.979874628835368
2020-08-30 00:00:00+00:00,98,87.71428571428571,86.66666666666667,1.012087912087912
2020-08-31 00:00:00+00:00,99,89.71428571428571,87.03333333333333,1.0308037424084915
2020-09-01 00:00:00+00:00,90,90.57142857142857,87.36666666666666,1.0366817463345506
2020-09-02 00:00:00+00:00,44,85.57142857142857,86.06666666666666,0.9942458780568773
2020-09-03 00:00:00+00:00,13,75.42857142857143,83.26666666666667,0.9058675511838042
2020-09-04 00:00:00+00:00,7,64.14285714285714,80.23333333333333,0.7994539735295862
2020-09-05 00:00:00+00:00,6,51.0,77.36666666666666,0.6591986212839294
2020-09-06 00:00:00+00:00,10,38.42857142857143,74.73333333333333,0.5142092519434179
2020-09-07 00:00:00+00:00,15,26.428571428571427,72.3,0.36554040703418295
2020-09-08 00:00:00+00:00,23,16.857142857142858,69.76666666666667,0.24162173230496212
2020-09-09 00:00:00+00:00,36,15.714285714285714,67.86666666666666,0.23154644962110582
2020-09-10 00:00:00+00:00,72,24.142857142857142,66.96666666666667,0.3605205148261395
2020-09-11 00:00:00+00:00,87,35.57142857142857,66.56666666666666,0.5343729880535089
2020-09-12 00:00:00+00:00,94,48.142857142857146,66.43333333333334,0.7246792344634794
2020-09-13 00:00:00+00:00,84,58.714285714285715,66.03333333333333,0.8891613182375424
2020-09-14 00:00:00+00:00,78,67.71428571428571,65.36666666666666,1.0359146208202812
2020-09-15 00:00:00+00:00,69,74.28571428571429,64.33333333333333,1.1547002220577351
2020-09-16 00:00:00+00:00,75,79.85714285714286,63.63333333333333,1.254957719075058
2020-09-17 00:00:00+00:00,88,82.14285714285714,64.33333333333333,1.2768319763138416
2020-09-18 00:00:00+00:00,92,82.85714285714286,65.36666666666666,1.267574852480513
2020-09-19 00:00:00+00:00,91,82.42857142857143,66.73333333333333,1.2351933780505209
2020-09-20 00:00:00+00:00,76,81.28571428571429,67.1,1.211411539280392
2020-09-21 00:00:00+00:00,39,75.71428571428571,66.0,1.147186147186147
2020-09-22 00:00:00+00:00,29,70.0,64.36666666666666,1.0875194199896427
2020-09-23 00:00:00+00:00,33,64.0,62.63333333333333,1.021820117083555
2020-09-24 00:00:00+00:00,64,60.57142857142857,61.96666666666667,0.9774840544071313
2020-09-25 00:00:00+00:00,62,56.285714285714285,61.4,0.9167054443927408
2020-09-26 00:00:00+00:00,83,55.142857142857146,61.36666666666667,0.8985799643051138
2020-09-27 00:00:00+00:00,84,56.285714285714285,61.3,0.9182008855744582
2020-09-28 00:00:00+00:00,81,62.285714285714285,60.733333333333334,1.025560608436569
2020-09-29 00:00:00+00:00,82,69.85714285714286,60.2,1.1604176554342667
2020-09-30 00:00:00+00:00,72,75.42857142857143,59.3,1.2719826547819804
2020-10-01 00:00:00+00:00,61,75.0,58.333333333333336,1.2857142857142856
2020-10-02 00:00:00+00:00,55,74.0,58.7,1.260647359454855
2020-10-03 00:00:00+00:00,55,70.0,60.1,1.1647254575707155
2020-10-04 00:00:00+00:00,70,68.0,62.2,1.0932475884244373
2020-10-05 00:00:00+00:00,61,65.14285714285714,64.03333333333333,1.0173272848962593
2020-10-06 00:00:00+00:00,67,63.0,65.93333333333334,0.9555106167846309
2020-10-07 00:00:00+00:00,85,64.85714285714286,68.26666666666667,0.9500558035714286
2020-10-08 00:00:00+00:00,96,69.85714285714286,70.7,0.9880783996767024
2020-10-09 00:00:00+00:00,99,76.14285714285714,72.8,1.0459183673469388
2020-10-10 00:00:00+00:00,99,82.42857142857143,73.7,1.1184338050009692
2020-10-11 00:00:00+00:00,99,86.57142857142857,74.1,1.1683053788316946
2020-10-12 00:00:00+00:00,100,92.14285714285714,74.3,1.240146125745049
2020-10-13 00:00:00+00:00,97,96.42857142857143,74.73333333333333,1.2903020262520708
2020-10-14 00:00:00+00:00,94,97.71428571428571,75.26666666666667,1.2982411742376312
2020-10-15 00:00:00+00:00,87,96.42857142857143,75.86666666666666,1.2710268641727342
2020-10-16 00:00:00+00:00,84,94.28571428571429,76.16666666666667,1.2378868396373868
2020-10-17 00:00:00+00:00,84,92.14285714285714,76.03333333333333,1.211874491137972
2020-10-18 00:00:00+00:00,87,90.42857142857143,75.86666666666666,1.1919407481797641
2020-10-19 00:00:00+00:00,75,86.85714285714286,75.33333333333333,1.1529709228824274
2020-10-20 00:00:00+00:00,92,86.14285714285714,75.86666666666666,1.1354506653276426
2020-10-21 00:00:00+00:00,95,86.28571428571429,77.73333333333333,1.1100220534182799
2020-10-22 00:00:00+00:00,100,88.14285714285714,80.1,1.100410201533797
2020-10-23 00:00:00+00:00,100,90.42857142857143,82.33333333333333,1.0983227299016773
2020-10-24 00:00:00+00:00,99,92.57142857142857,83.5,1.1086398631308811
2020-10-25 00:00:00+00:00,93,93.42857142857143,84.53333333333333,1.105227579990987
2020-10-26 00:00:00+00:00,71,92.85714285714286,84.13333333333334,1.1036902875254697
2020-10-27 00:00:00+00:00,68,89.42857142857143,83.6,1.0697197539302803
2020-10-28 00:00:00+00:00,52,83.28571428571429,82.63333333333334,1.0078948884919035
2020-10-29 00:00:00+00:00,44,75.28571428571429,81.36666666666666,0.9252648212091065
2020-10-30 00:00:00+00:00,55,68.85714285714286,80.8,0.8521923620933523
2020-10-31 00:00:00+00:00,75,65.42857142857143,81.26666666666667,0.8051095745927576
2020-11-01 00:00:00+00:00,88,64.71428571428571,82.36666666666666,0.7856853789674509
2020-11-02 00:00:00+00:00,82,66.28571428571429,83.26666666666667,0.7960654237675856
2020-11-03 00:00:00+00:00,70,66.57142857142857,83.26666666666667,0.7994967402493424
2020-11-04 00:00:00+00:00,73,69.57142857142857,83.66666666666667,0.8315310187820147
2020-11-05 00:00:00+00:00,86,75.57142857142857,84.3,0.8964582274190815
2020-11-06 00:00:00+00:00,83,79.57142857142857,84.23333333333333,0.9446548702583526
2020-11-07 00:00:00+00:00,75,79.57142857142857,83.53333333333333,0.9525709725230874
2020-11-08 00:00:00+00:00,60,75.57142857142857,82.23333333333333,0.9189877815739186
2020-11-09 00:00:00+00:00,73,74.28571428571429,81.36666666666666,0.912974776145608
2020-11-10 00:00:00+00:00,83,76.14285714285714,80.83333333333333,0.9419734904270987
2020-11-11 00:00:00+00:00,75,76.42857142857143,80.0,0.9553571428571429
2020-11-12 00:00:00+00:00,69,74.0,79.06666666666666,0.9359190556492412
2020-11-13 00:00:00+00:00,58,70.42857142857143,77.86666666666666,0.9044765166340509
2020-11-14 00:00:00+00:00,75,70.42857142857143,77.46666666666667,0.9091467912466191
2020-11-15 00:00:00+00:00,78,73.0,77.26666666666667,0.9447799827437446
2020-11-16 00:00:00+00:00,74,73.14285714285714,76.93333333333334,0.9507303788066352
2020-11-17 00:00:00+00:00,64,70.42857142857143,76.16666666666667,0.9246639574867146
2020-11-18 00:00:00+00:00,68,69.42857142857143,75.93333333333334,0.9143358836071742
2020-11-19 00:00:00+00:00,80,71.0,75.53333333333333,0.9399823477493381
2020-11-20 00:00:00+00:00,78,73.85714285714286,74.96666666666667,0.985199771326939
2020-11-21 00:00:00+00:00,64,72.28571428571429,73.76666666666667,0.9799238267381061
2020-11-22 00:00:00+00:00,56,69.14285714285714,72.3,0.9563327405651056
2020-11-23 00:00:00+00:00,76,69.42857142857143,71.53333333333333,0.9705764878178672
2020-11-24 00:00:00+00:00,86,72.57142857142857,71.3,1.0178320977759967
2020-11-25 00:00:00+00:00,26,66.57142857142857,69.8,0.95374539500614
2020-11-26 00:00:00+00:00,16,57.42857142857143,68.06666666666666,0.843710647824262
2020-11-27 00:00:00+00:00,10,47.714285714285715,66.66666666666667,0.7157142857142856
2020-11-28 00:00:00+00:00,26,42.285714285714285,66.06666666666666,0.6400461294507712
2020-11-29 00:00:00+00:00,45,40.714285714285715,65.73333333333333,0.6193856853086062
2020-11-30 00:00:00+00:00,64,39.0,65.36666666666666,0.5966343702192759
2020-12-01 00:00:00+00:00,73,37.142857142857146,64.86666666666666,0.5726031419762151
2020-12-02 00:00:00+00:00,83,45.285714285714285,64.9,0.6977767994717147
2020-12-03 00:00:00+00:00,88,55.57142857142857,65.5,0.8484187568157033
2020-12-04 00:00:00+00:00,84,66.14285714285714,65.86666666666666,1.0041931752458069
2020-12-05 00:00:00+00:00,73,72.85714285714286,65.43333333333334,1.1134560803434976
2020-12-06 00:00:00+00:00,80,77.85714285714286,65.33333333333333,1.1916909620991256
2020-12-07 00:00:00+00:00,71,78.85714285714286,65.2,1.2094653812445224
2020-12-08 00:00:00+00:00,60,77.0,65.2,1.1809815950920244
2020-12-09 00:00:00+00:00,51,72.42857142857143,64.46666666666667,1.1235042103708082
2020-12-10 00:00:00+00:00,46,66.42857142857143,63.233333333333334,1.0505309134724001
2020-12-11 00:00:00+00:00,48,61.285714285714285,62.333333333333336,0.9831932773109243
2020-12-12 00:00:00+00:00,66,60.285714285714285,62.233333333333334,0.9687045680618257
2020-12-13 00:00:00+00:00,64,58.0,62.43333333333333,0.9289909236518954
2020-12-14 00:00:00+00:00,70,57.857142857142854,62.266666666666666,0.9291832364637503
2020-12-15 00:00:00+00:00,67,58.857142857142854,61.9,0.9508423724901915
2020-12-16 00:00:00+00:00,69,61.42857142857143,61.733333333333334,0.9950632520826905
2020-12-17 00:00:00+00:00,66,64.28571428571429,61.8,1.040221914008322
2020-12-18 00:00:00+00:00,69,67.28571428571429,61.833333333333336,1.0881786676934926
2020-12-19 00:00:00+00:00,77,68.85714285714286,61.733333333333334,1.115396482567109
2020-12-20 00:00:00+00:00,55,67.57142857142857,60.96666666666667,1.1083339842224478
2020-12-21 00:00:00+00:00,48,64.42857142857143,60.43333333333333,1.0661098416200459
2020-12-22 00:00:00+00:00,35,59.857142857142854,59.733333333333334,1.0020727040816326
2020-12-23 00:00:00+00:00,47,56.714285714285715,58.766666666666666,0.9650757637144478
2020-12-24 00:00:00+00:00,56,55.285714285714285,57.766666666666666,0.9570521803643558
2020-12-25 00:00:00+00:00,76,56.285714285714285,59.43333333333333,0.9470395000400609
2020-12-26 00:00:00+00:00,50,52.42857142857143,60.56666666666667,0.8656340907304033
2020-12-27 00:00:00+00:00,39,50.142857142857146,61.53333333333333,0.8148893360160967
2020-12-28 00:00:00+00:00,36,48.42857142857143,61.86666666666667,0.7827894088669951
2020-12-29 00:00:00+00:00,53,51.0,62.13333333333333,0.8208154506437768
2020-12-30 00:00:00+00:00,69,54.142857142857146,62.3,0.8690667278147215
2020-12-31 00:00:00+00:00,86,58.42857142857143,62.733333333333334,0.9313799908911492
2021-01-01 00:00:00+00:00,90,60.42857142857143,62.96666666666667,0.9596914467216214
2021-01-02 00:00:00+00:00,86,65.57142857142857,62.9,1.0424710424710424
2021-01-03 00:00:00+00:00,48,66.85714285714286,61.7,1.0835841630006946
2021-01-04 00:00:00+00:00,35,66.71428571428571,60.43333333333333,1.1039319202584508
2021-01-05 00:00:00+00:00,30,63.42857142857143,58.766666666666666,1.0793290657159065
2021-01-06 00:00:00+00:00,39,59.142857142857146,57.7,1.0250061896509037
2021-01-07 00:00:00+00:00,32,51.42857142857143,56.766666666666666,0.9059642647428907
2021-01-08 00:00:00+00:00,37,43.857142857142854,56.3,0.778990104034509
2021-01-09 00:00:00+00:00,28,35.57142857142857,55.7,0.6386252885355218
2021-01-10 00:00:00+00:00,11,30.285714285714285,54.46666666666667,0.5560412659555866
2021-01-11 00:00:00+00:00,6,26.142857142857142,52.46666666666667,0.4982755491014703
2021-01-12 00:00:00+00:00,5,22.571428571428573,50.5,0.446958981612447
2021-01-13 00:00:00+00:00,13,18.857142857142858,48.6,0.3880070546737213
2021-01-14 00:00:00+00:00,16,16.571428571428573,46.9,0.35333536399634485
2021-01-15 00:00:00+00:00,27,15.142857142857142,45.5,0.3328100470957614
2021-01-16 00:00:00+00:00,38,16.571428571428573,44.56666666666667,0.3718345977134309
2021-01-17 00:00:00+00:00,45,21.428571428571427,43.766666666666666,0.48960940050048957
2021-01-18 00:00:00+00:00,47,27.285714285714285,42.766666666666666,0.6380135842333816
2021-01-19 00:00:00+00:00,30,30.857142857142858,41.93333333333333,0.7358619123325006
2021-01-20 00:00:00+00:00,17,31.428571428571427,40.9,0.7684247293049249
2021-01-21 00:00:00+00:00,8,30.285714285714285,40.0,0.7571428571428571
2021-01-22 00:00:00+00:00,9,27.714285714285715,38.733333333333334,0.7155151217113351
2021-01-23 00:00:00+00:00,15,24.428571428571427,37.36666666666667,0.6537530266343825
2021-01-24 00:00:00+00:00,22,21.142857142857142,35.56666666666667,0.59445708930245
2021-01-25 00:00:00+00:00,23,17.714285714285715,34.666666666666664,0.5109890109890111
2021-01-26 00:00:00+00:00,20,16.285714285714285,34.03333333333333,0.47852245697495455
2021-01-27 00:00:00+00:00,19,16.571428571428573,33.46666666666667,0.4951622083096187
2021-01-28 00:00:00+00:00,38,20.857142857142858,32.96666666666667,0.6326736963744042
2021-01-29 00:00:00+00:00,51,26.857142857142858,32.36666666666667,0.8297778431661027
2021-01-30 00:00:00+00:00,60,33.285714285714285,31.5,1.056689342403628
2021-01-31 00:00:00+00:00,44,36.42857142857143,29.966666666666665,1.2156364214206263
2021-02-01 00:00:00+00:00,71,43.285714285714285,29.466666666666665,1.468972204266322
2021-02-02 00:00:00+00:00,90,53.285714285714285,30.866666666666667,1.7263190373341561
2021-02-03 00:00:00+00:00,93,63.857142857142854,32.8,1.9468641114982579
2021-02-04 00:00:00+00:00,92,71.57142857142857,34.86666666666667,2.052717836656651
2021-02-05 00:00:00+00:00,91,77.28571428571429,36.6,2.111631537861046
2021-02-06 00:00:00+00:00,87,81.14285714285714,38.43333333333333,2.111262544913889
2021-02-07 00:00:00+00:00,97,88.71428571428571,40.43333333333333,2.194087857731716
2021-02-08 00:00:00+00:00,93,91.85714285714286,42.6,2.1562709590878604
2021-02-09 00:00:00+00:00,90,91.85714285714286,45.233333333333334,2.030740077902937
2021-02-10 00:00:00+00:00,83,90.42857142857143,47.8,1.8918111177525405
2021-02-11 00:00:00+00:00,76,88.14285714285714,50.166666666666664,1.757000474608448
2021-02-12 00:00:00+00:00,84,87.14285714285714,52.53333333333333,1.6588107324147934
2021-02-13 00:00:00+00:00,80,86.14285714285714,54.666666666666664,1.5757839721254356
2021-02-14 00:00:00+00:00,56,80.28571428571429,55.63333333333333,1.4431224856629292
2021-02-15 00:00:00+00:00,35,72.0,55.53333333333333,1.2965186074429773
2021-02-16 00:00:00+00:00,29,63.285714285714285,55.0,1.1506493506493507
2021-02-17 00:00:00+00:00,39,57.0,54.733333333333334,1.0414129110840438
2021-02-18 00:00:00+00:00,61,54.857142857142854,55.766666666666666,0.9836905473486466
2021-02-19 00:00:00+00:00,78,54.0,57.8,0.9342560553633218
2021-02-20 00:00:00+00:00,82,54.285714285714285,60.266666666666666,0.9007585335018964
2021-02-21 00:00:00+00:00,26,50.0,60.833333333333336,0.821917808219178
2021-02-22 00:00:00+00:00,7,46.0,60.56666666666667,0.7594936708860759
2021-02-23 00:00:00+00:00,7,42.857142857142854,60.06666666666667,0.7134929443475503
2021-02-24 00:00:00+00:00,9,38.57142857142857,59.6,0.6471716203259827
2021-02-25 00:00:00+00:00,16,32.142857142857146,59.46666666666667,0.5405188981422165
2021-02-26 00:00:00+00:00,13,22.857142857142858,59.266666666666666,0.3856660774546039
2021-02-27 00:00:00+00:00,5,11.857142857142858,58.166666666666664,0.20384772820302907
2021-02-28 00:00:00+00:00,8,9.285714285714286,56.733333333333334,0.1636729897599463
2021-03-01 00:00:00+00:00,11,9.857142857142858,55.1,0.1788955146486907
2021-03-02 00:00:00+00:00,27,12.714285714285714,54.53333333333333,0.23314704855047153
2021-03-03 00:00:00+00:00,31,15.857142857142858,53.2,0.29806659505907623
2021-03-04 00:00:00+00:00,28,17.571428571428573,51.13333333333333,0.3436394114360216
2021-03-05 00:00:00+00:00,26,19.428571428571427,48.9,0.3973122991527899
2021-03-06 00:00:00+00:00,32,23.285714285714285,46.9,0.49649710630520866
2021-03-07 00:00:00+00:00,58,30.428571428571427,45.8,0.6643792888334373
2021-03-08 00:00:00+00:00,77,39.857142857142854,45.46666666666667,0.8766233766233765
2021-03-09 00:00:00+00:00,68,45.714285714285715,44.5,1.027287319422151
2021-03-10 00:00:00+00:00,70,51.285714285714285,43.733333333333334,1.172691637630662
2021-03-11 00:00:00+00:00,56,55.285714285714285,42.6,1.2977867203219315
2021-03-12 00:00:00+00:00,61,60.285714285714285,41.86666666666667,1.4399454049135578
2021-03-13 00:00:00+00:00,45,62.142857142857146,40.833333333333336,1.521865889212828
2021-03-14 00:00:00+00:00,30,58.142857142857146,39.03333333333333,1.4895693546419424
2021-03-15 00:00:00+00:00,19,49.857142857142854,37.0,1.3474903474903475
2021-03-16 00:00:00+00:00,21,43.142857142857146,35.833333333333336,1.2039867109634552
2021-03-17 00:00:00+00:00,33,37.857142857142854,35.766666666666666,1.0584476101717482
2021-03-18 00:00:00+00:00,54,37.57142857142857,36.6,1.026541764246682
2021-03-19 00:00:00+00:00,69,38.714285714285715,37.6,1.0296352583586625
2021-03-20 00:00:00+00:00,52,39.714285714285715,37.3,1.0647261585599388
2021-03-21 00:00:00+00:00,30,39.714285714285715,35.7,1.1124449779911965
2021-03-22 00:00:00+00:00,23,40.285714285714285,33.733333333333334,1.1942405420666289
2021-03-23 00:00:00+00:00,18,39.857142857142854,33.46666666666667,1.190950483779169
2021-03-24 00:00:00+00:00,11,36.714285714285715,33.6,1.092687074829932
2021-03-25 00:00:00+00:00,13,30.857142857142858,33.8,0.9129332206255284
2021-03-26 00:00:00+00:00,14,23.0,33.96666666666667,0.677134445534838
2021-03-27 00:00:00+00:00,53,23.142857142857142,35.2,0.6574675324675324
2021-03-28 00:00:00+00:00,80,30.285714285714285,37.43333333333333,0.8090573718356444
2021-03-29 00:00:00+00:00,84,39.0,40.06666666666667,0.973377703826955
2021-03-30 00:00:00+00:00,73,46.857142857142854,42.233333333333334,1.109482467019957
2021-03-31 00:00:00+00:00,67,54.857142857142854,44.1,1.2439261418853254
2021-04-01 00:00:00+00:00,65,62.285714285714285,45.36666666666667,1.3729400650781987
2021-04-02 00:00:00+00:00,82,72.0,47.06666666666667,1.5297450424929178
2021-04-03 00:00:00+00:00,65,73.71428571428571,48.3,1.5261756876663708
2021-04-04 00:00:00+00:00,63,71.28571428571429,49.53333333333333,1.4391463180157664
2021-04-05 00:00:00+00:00,39,64.85714285714286,49.766666666666666,1.30322457181131
2021-04-06 00:00:00+00:00,23,57.714285714285715,48.6,1.1875367430922987
2021-04-07 00:00:00+00:00,17,50.57142857142857,46.6,1.08522378908645
2021-04-08 00:00:00+00:00,21,44.285714285714285,45.03333333333333,0.9833985407634557
2021-04-09 00:00:00+00:00,38,38.0,43.96666666666667,0.8642911296436694
2021-04-10 00:00:00+00:00,42,34.714285714285715,43.5,0.7980295566502463
2021-04-11 00:00:00+00:00,42,31.714285714285715,42.86666666666667,0.7398355920906465
2021-04-12 00:00:00+00:00,48,33.0,42.96666666666667,0.7680372381691233
2021-04-13 00:00:00+00:00,36,34.857142857142854,43.166666666666664,0.8075013789299503
2021-04-14 00:00:00+00:00,44,38.714285714285715,44.0,0.8798701298701299
2021-04-15 00:00:00+00:00,24,39.142857142857146,44.1,0.8875931324910917
2021-04-16 00:00:00+00:00,40,39.42857142857143,44.333333333333336,0.8893662728249194
2021-04-17 00:00:00+00:00,6,34.285714285714285,42.733333333333334,0.8023178069979942
2021-04-18 00:00:00+00:00,2,28.571428571428573,40.5,0.7054673721340389
2021-04-19 00:00:00+00:00,0,21.714285714285715,38.766666666666666,0.5601277484338534
2021-04-20 00:00:00+00:00,3,17.0,37.86666666666667,0.448943661971831
2021-04-21 00:00:00+00:00,2,11.0,37.166666666666664,0.29596412556053814
2021-04-22 00:00:00+00:00,0,7.571428571428571,36.56666666666667,0.2070582107045188
2021-04-23 00:00:00+00:00,0,1.8571428571428572,36.2,0.05130228887134964
2021-04-24 00:00:00+00:00,0,1.0,35.766666666666666,0.027958993476234855
2021-04-25 00:00:00+00:00,2,1.0,35.36666666666667,0.02827521206409048
2021-04-26 00:00:00+00:00,5,1.7142857142857142,33.766666666666666,0.05076857989000141
2021-04-27 00:00:00+00:00,13,3.142857142857143,31.533333333333335,0.09966777408637872
2021-04-28 00:00:00+00:00,18,5.428571428571429,29.333333333333332,0.18506493506493507
2021-04-29 00:00:00+00:00,29,9.571428571428571,27.866666666666667,0.34347231715652765
2021-04-30 00:00:00+00:00,32,14.142857142857142,26.7,0.5296950240770465
2021-05-01 00:00:00+00:00,59,22.571428571428573,26.5,0.8517520215633424
2021-05-02 00:00:00+00:00,43,28.428571428571427,25.2,1.1281179138321995
2021-05-03 00:00:00+00:00,28,31.714285714285715,23.966666666666665,1.3232664414861912
2021-05-04 00:00:00+00:00,41,35.714285714285715,23.233333333333334,1.5372002459520393
2021-05-05 00:00:00+00:00,65,42.42857142857143,24.1,1.7605216360403082
2021-05-06 00:00:00+00:00,84,50.285714285714285,26.133333333333333,1.924198250728863
2021-05-07 00:00:00+00:00,82,57.42857142857143,28.3,2.0292781423523474
2021-05-08 00:00:00+00:00,57,57.142857142857146,29.5,1.937046004842615
2021-05-09 00:00:00+00:00,26,54.714285714285715,29.1,1.8802160039273441
2021-05-10 00:00:00+00:00,14,52.714285714285715,28.166666666666668,1.871513102282333
2021-05-11 00:00:00+00:00,13,48.714285714285715,27.2,1.790966386554622
2021-05-12 00:00:00+00:00,11,41.0,25.966666666666665,1.5789473684210527
2021-05-13 00:00:00+00:00,12,30.714285714285715,25.166666666666668,1.2204351939451277
2021-05-14 00:00:00+00:00,9,20.285714285714285,24.0,0.8452380952380952
2021-05-15 00:00:00+00:00,7,13.142857142857142,23.433333333333334,0.5608616134931924
2021-05-16 00:00:00+00:00,2,9.714285714285714,22.166666666666668,0.4382384532760472
2021-05-17 00:00:00+00:00,1,7.857142857142857,22.0,0.35714285714285715
2021-05-18 00:00:00+00:00,0,6.0,21.933333333333334,0.2735562310030395
2021-05-19 00:00:00+00:00,0,4.428571428571429,21.933333333333334,0.20191055145462442
2021-05-20 00:00:00+00:00,0,2.7142857142857144,21.833333333333332,0.12431842966194112
2021-05-21 00:00:00+00:00,2,1.7142857142857142,21.833333333333332,0.07851690294438386
2021-05-22 00:00:00+00:00,1,0.8571428571428571,21.866666666666667,0.039198606271777
2021-05-23 00:00:00+00:00,1,0.7142857142857143,21.9,0.03261578604044358
2021-05-24 00:00:00+00:00,2,0.8571428571428571,21.966666666666665,0.03902016041621505
2021-05-25 00:00:00+00:00,5,1.5714285714285714,22.066666666666666,0.07121277514026758
2021-05-26 00:00:00+00:00,8,2.7142857142857144,22.166666666666668,0.12244897959183673
2021-05-27 00:00:00+00:00,4,3.2857142857142856,21.866666666666667,0.15026132404181183
2021-05-28 00:00:00+00:00,2,3.2857142857142856,21.333333333333332,0.15401785714285715
2021-05-29 00:00:00+00:00,2,3.4285714285714284,20.433333333333334,0.16779305523188068
2021-05-30 00:00:00+00:00,3,3.7142857142857144,19.466666666666665,0.19080234833659493
2021-05-31 00:00:00+00:00,5,4.142857142857143,17.666666666666668,0.23450134770889489
2021-06-01 00:00:00+00:00,6,4.285714285714286,16.433333333333334,0.2607939727615184
2021-06-02 00:00:00+00:00,12,4.857142857142857,15.9,0.3054806828391734
2021-06-03 00:00:00+00:00,13,6.142857142857143,14.966666666666667,0.41043588927776015
2021-06-04 00:00:00+00:00,17,8.285714285714286,13.366666666666667,0.6198788742429641
2021-06-05 00:00:00+00:00,20,10.857142857142858,11.233333333333333,0.9665112335735482
2021-06-06 00:00:00+00:00,24,13.857142857142858,9.3,1.4900153609831028
2021-06-07 00:00:00+00:00,8,14.285714285714286,7.666666666666667,1.8633540372670807
2021-06-08 00:00:00+00:00,7,14.428571428571429,7.033333333333333,2.051455653351388
2021-06-09 00:00:00+00:00,8,13.857142857142858,6.833333333333333,2.0278745644599305
2021-06-10 00:00:00+00:00,16,14.285714285714286,6.933333333333334,2.0604395604395607
2021-06-11 00:00:00+00:00,14,13.857142857142858,7.033333333333333,1.9702098849018281
2021-06-12 00:00:00+00:00,13,12.857142857142858,7.066666666666666,1.8194070080862534
2021-06-13 00:00:00+00:00,15,11.571428571428571,7.266666666666667,1.5923984272608125
2021-06-14 00:00:00+00:00,18,13.0,7.633333333333334,1.703056768558952
2021-06-15 00:00:00+00:00,18,14.571428571428571,8.166666666666666,1.784256559766764
2021-06-16 00:00:00+00:00,16,15.714285714285714,8.666666666666666,1.8131868131868132
2021-06-17 00:00:00+00:00,10,14.857142857142858,9.0,1.650793650793651
2021-06-18 00:00:00+00:00,5,13.571428571428571,9.166666666666666,1.4805194805194806
2021-06-19 00:00:00+00:00,2,12.0,9.233333333333333,1.2996389891696751
2021-06-20 00:00:00+00:00,1,10.0,9.2,1.0869565217391306
2021-06-21 00:00:00+00:00,0,7.428571428571429,9.166666666666666,0.8103896103896104
2021-06-22 00:00:00+00:00,1,5.0,9.166666666666666,0.5454545454545455
2021-06-23 00:00:00+00:00,2,3.0,9.166666666666666,0.32727272727272727
2021-06-24 00:00:00+00:00,8,2.7142857142857144,9.266666666666667,0.29290853031860226
2021-06-25 00:00:00+00:00,7,3.0,9.233333333333333,0.3249097472924188
2021-06-26 00:00:00+00:00,7,3.7142857142857144,9.333333333333334,0.3979591836734694
2021-06-27 00:00:00+00:00,7,4.571428571428571,9.5,0.48120300751879697
2021-06-28 00:00:00+00:00,16,6.857142857142857,9.966666666666667,0.6880076445293836
2021-06-29 00:00:00+00:00,21,9.714285714285714,10.566666666666666,0.9193330328977016
2021-06-30 00:00:00+00:00,23,12.714285714285714,11.166666666666666,1.138592750533049
2021-07-01 00:00:00+00:00,21,14.571428571428571,11.666666666666666,1.2489795918367348
2021-07-02 00:00:00+00:00,20,16.428571428571427,11.933333333333334,1.3766959297685553
2021-07-03 00:00:00+00:00,27,19.285714285714285,12.4,1.555299539170507
2021-07-04 00:00:00+00:00,29,22.428571428571427,12.8,1.7522321428571426
2021-07-05 00:00:00+00:00,28,24.142857142857142,13.066666666666666,1.847667638483965
2021-07-06 00:00:00+00:00,30,25.428571428571427,13.266666666666667,1.916726489590811
2021-07-07 00:00:00+00:00,28,26.142857142857142,13.933333333333334,1.8762816131237183
2021-07-08 00:00:00+00:00,25,26.714285714285715,14.533333333333333,1.8381389252948888
2021-07-09 00:00:00+00:00,22,27.0,15.0,1.8
2021-07-10 00:00:00+00:00,27,27.0,15.366666666666667,1.75704989154013
2021-07-11 00:00:00+00:00,35,27.857142857142858,16.066666666666666,1.7338470657972733
2021-07-12 00:00:00+00:00,24,27.285714285714285,16.433333333333334,1.6603882932483338
2021-07-13 00:00:00+00:00,19,25.714285714285715,16.566666666666666,1.5521701638401841
2021-07-14 00:00:00+00:00,13,23.571428571428573,16.4,1.437282229965157
2021-07-15 00:00:00+00:00,14,22.0,16.266666666666666,1.3524590163934427
2021-07-16 00:00:00+00:00,13,20.714285714285715,16.166666666666668,1.2812960235640647
2021-07-17 00:00:00+00:00,15,19.0,16.333333333333332,1.1632653061224492
2021-07-18 00:00:00+00:00,10,15.428571428571429,16.5,0.935064935064935
2021-07-19 00:00:00+00:00,2,12.285714285714286,16.5,0.7445887445887447
2021-07-20 00:00:00+00:00,3,10.0,16.566666666666666,0.6036217303822937
2021-07-21 00:00:00+00:00,5,8.857142857142858,16.733333333333334,0.5293113261240752
2021-07-22 00:00:00+00:00,20,9.714285714285714,17.366666666666667,0.5593638607074307
2021-07-23 00:00:00+00:00,32,12.428571428571429,18.366666666666667,0.6766917293233082
2021-07-24 00:00:00+00:00,38,15.714285714285714,19.366666666666667,0.8114089009097615
2021-07-25 00:00:00+00:00,36,19.428571428571427,20.333333333333332,0.955503512880562
2021-07-26 00:00:00+00:00,29,23.285714285714285,21.066666666666666,1.1053345388788427
2021-07-27 00:00:00+00:00,27,26.714285714285715,21.733333333333334,1.229184925503944
2021-07-28 00:00:00+00:00,38,31.428571428571427,22.466666666666665,1.3988978380669777
2021-07-29 00:00:00+00:00,39,34.142857142857146,23.066666666666666,1.4801816680429398
2021-07-30 00:00:00+00:00,50,36.714285714285715,23.966666666666665,1.531889529107888
2021-07-31 00:00:00+00:00,42,37.285714285714285,24.666666666666668,1.5115830115830116
2021-08-01 00:00:00+00:00,50,39.285714285714285,25.666666666666668,1.530612244897959
2021-08-02 00:00:00+00:00,39,40.714285714285715,26.066666666666666,1.5619291194738765
2021-08-03 00:00:00+00:00,49,43.857142857142854,26.733333333333334,1.640541503384396
2021-08-04 00:00:00+00:00,51,45.714285714285715,27.5,1.6623376623376624
2021-08-05 00:00:00+00:00,73,50.57142857142857,28.933333333333334,1.747860434496379
2021-08-06 00:00:00+00:00,75,54.142857142857146,30.5,1.7751756440281032
2021-08-07 00:00:00+00:00,76,59.0,32.2,1.8322981366459625
2021-08-08 00:00:00+00:00,62,60.714285714285715,33.53333333333333,1.8105651803464926
2021-08-09 00:00:00+00:00,56,63.142857142857146,34.5,1.8302277432712217
2021-08-10 00:00:00+00:00,56,64.14285714285714,35.2,1.8222402597402594
2021-08-11 00:00:00+00:00,49,63.857142857142854,36.03333333333333,1.7721686269327344
2021-08-12 00:00:00+00:00,52,60.857142857142854,37.13333333333333,1.638881764555014
2021-08-13 00:00:00+00:00,58,58.42857142857143,38.63333333333333,1.5123875261925306
2021-08-14 00:00:00+00:00,69,57.42857142857143,40.46666666666667,1.419157448811485
2021-08-15 00:00:00+00:00,75,59.285714285714285,42.53333333333333,1.3938647559337214
2021-08-16 00:00:00+00:00,62,60.142857142857146,44.1,1.3637836086815678
2021-08-17 00:00:00+00:00,58,60.42857142857143,45.7,1.3222882150672084
2021-08-18 00:00:00+00:00,67,63.0,47.86666666666667,1.3161559888579386
2021-08-19 00:00:00+00:00,81,67.14285714285714,50.46666666666667,1.330439705604831
2021-08-20 00:00:00+00:00,86,71.14285714285714,53.166666666666664,1.3381101656963725
2021-08-21 00:00:00+00:00,62,70.14285714285714,54.56666666666667,1.285452482764639
2021-08-22 00:00:00+00:00,55,67.28571428571429,55.333333333333336,1.2160068846815835
2021-08-23 00:00:00+00:00,59,66.85714285714286,56.03333333333333,1.193167332370188
2021-08-24 00:00:00+00:00,53,66.14285714285714,56.6,1.1686017163048965
2021-08-25 00:00:00+00:00,44,62.857142857142854,57.1,1.1008256192144108
2021-08-26 00:00:00+00:00,41,57.142857142857146,57.56666666666667,0.9926379353130945
2021-08-27 00:00:00+00:00,42,50.857142857142854,57.7,0.881406288685318
2021-08-28 00:00:00+00:00,59,50.42857142857143,58.36666666666667,0.8639960838704414
2021-08-29 00:00:00+00:00,51,49.857142857142854,58.4,0.8537181996086105
2021-08-30 00:00:00+00:00,59,49.857142857142854,58.96666666666667,0.8455140111443107
2021-08-31 00:00:00+00:00,52,49.714285714285715,59.03333333333333,0.842139227232395
2021-09-01 00:00:00+00:00,66,52.857142857142854,59.93333333333333,0.8819323057365327
2021-09-02 00:00:00+00:00,79,58.285714285714285,60.93333333333333,0.9565489215379807
2021-09-03 00:00:00+00:00,92,65.42857142857143,62.3,1.0502178399449669
2021-09-04 00:00:00+00:00,88,69.57142857142857,62.8,1.107825295723385
2021-09-05 00:00:00+00:00,70,72.28571428571429,62.63333333333333,1.1541093286702655
2021-09-06 00:00:00+00:00,37,69.14285714285714,61.333333333333336,1.1273291925465838
2021-09-07 00:00:00+00:00,24,65.14285714285714,60.06666666666667,1.0845092754082764
2021-09-08 00:00:00+00:00,19,58.42857142857143,58.833333333333336,0.9931201942533388
2021-09-09 00:00:00+00:00,19,49.857142857142854,57.6,0.8655753968253967
2021-09-10 00:00:00+00:00,24,40.142857142857146,56.766666666666666,0.7071554399798675
2021-09-11 00:00:00+00:00,27,31.428571428571427,55.93333333333333,0.5618934105227311
2021-09-12 00:00:00+00:00,30,25.714285714285715,55.0,0.4675324675324676
2021-09-13 00:00:00+00:00,37,25.714285714285715,53.93333333333333,0.4767790923538761
2021-09-14 00:00:00+00:00,67,31.857142857142858,53.666666666666664,0.593611357586513
2021-09-15 00:00:00+00:00,95,42.714285714285715,54.766666666666666,0.7799321798104513
2021-09-16 00:00:00+00:00,96,53.714285714285715,56.03333333333333,0.9586130704512621
2021-09-17 00:00:00+00:00,90,63.142857142857146,56.8,1.1116700201207244
2021-09-18 00:00:00+00:00,43,65.42857142857143,55.53333333333333,1.1781855599382611
2021-09-19 00:00:00+00:00,16,63.42857142857143,53.2,1.192266380236305
2021-09-20 00:00:00+00:00,7,59.142857142857146,51.36666666666667,1.1513859275053306
2021-09-21 00:00:00+00:00,7,50.57142857142857,49.766666666666666,1.0161707013682901
2021-09-22 00:00:00+00:00,22,40.142857142857146,48.53333333333333,0.8271193092621665
2021-09-23 00:00:00+00:00,34,31.285714285714285,47.9,0.6531464360274382
2021-09-24 00:00:00+00:00,46,25.0,47.96666666666667,0.5211952744961779
2021-09-25 00:00:00+00:00,38,24.285714285714285,47.86666666666667,0.5073617190608833
2021-09-26 00:00:00+00:00,45,28.428571428571427,47.96666666666667,0.5926734835699394
2021-09-27 00:00:00+00:00,34,32.285714285714285,47.13333333333333,0.6849868660335421
2021-09-28 00:00:00+00:00,38,36.714285714285715,46.7,0.786173141633527
2021-09-29 00:00:00+00:00,32,38.142857142857146,45.8,0.8328134747348722
2021-09-30 00:00:00+00:00,43,39.42857142857143,45.5,0.8665620094191523
2021-10-01 00:00:00+00:00,57,41.0,45.2,0.9070796460176991
2021-10-02 00:00:00+00:00,86,47.857142857142854,45.43333333333333,1.0533487055864166
2021-10-03 00:00:00+00:00,95,55.0,45.53333333333333,1.2079062957540263
2021-10-04 00:00:00+00:00,93,63.42857142857143,45.7,1.3879337292904033
2021-10-05 00:00:00+00:00,65,67.28571428571429,45.53333333333333,1.477724325454926
2021-10-06 00:00:00+00:00,79,74.0,46.93333333333333,1.5767045454545456
2021-10-07 00:00:00+00:00,93,81.14285714285714,49.233333333333334,1.6481284456910725
2021-10-08 00:00:00+00:00,98,87.0,51.86666666666667,1.6773778920308484
2021-10-09 00:00:00+00:00,92,87.85714285714286,54.3,1.6179952644041042
2021-10-10 00:00:00+00:00,58,82.57142857142857,55.43333333333333,1.4895627523408643
2021-10-11 00:00:00+00:00,42,75.28571428571429,55.93333333333333,1.3459901242976333
2021-10-12 00:00:00+00:00,37,71.28571428571429,56.166666666666664,1.2691818567189488
2021-10-13 00:00:00+00:00,42,66.0,56.333333333333336,1.1715976331360947
2021-10-14 00:00:00+00:00,60,61.285714285714285,56.1,1.0924369747899159
2021-10-15 00:00:00+00:00,82,59.0,55.666666666666664,1.0598802395209581
2021-10-16 00:00:00+00:00,78,57.0,55.06666666666667,1.0351089588377724
2021-10-17 00:00:00+00:00,82,60.42857142857143,54.8,1.1027111574556832
2021-10-18 00:00:00+00:00,84,66.42857142857143,56.166666666666664,1.1827045358202628
2021-10-19 00:00:00+00:00,89,73.85714285714286,58.6,1.2603607996099464
2021-10-20 00:00:00+00:00,68,77.57142857142857,60.63333333333333,1.2793528626403832
2021-10-21 00:00:00+00:00,49,76.0,62.03333333333333,1.2251477700161204
2021-10-22 00:00:00+00:00,40,70.0,62.63333333333333,1.1176157530601383
2021-10-23 00:00:00+00:00,43,65.0,62.93333333333333,1.0328389830508475
2021-10-24 00:00:00+00:00,55,61.142857142857146,63.233333333333334,0.9669402816477145
2021-10-25 00:00:00+00:00,68,58.857142857142854,64.23333333333333,0.9163021721402623
2021-10-26 00:00:00+00:00,39,51.714285714285715,64.03333333333333,0.8076150814308024
2021-10-27 00:00:00+00:00,27,45.857142857142854,63.8,0.7187639946260636
2021-10-28 00:00:00+00:00,23,42.142857142857146,63.3,0.665763935906116
2021-10-29 00:00:00+00:00,50,43.57142857142857,63.9,0.6818689917281466
2021-10-30 00:00:00+00:00,96,51.142857142857146,65.66666666666667,0.7788252356780275
2021-10-31 00:00:00+00:00,98,57.285714285714285,67.03333333333333,0.8545854940683384
2021-11-01 00:00:00+00:00,97,61.42857142857143,67.4,0.9114031369224247
2021-11-02 00:00:00+00:00,92,69.0,67.3,1.0252600297176822
2021-11-03 00:00:00+00:00,99,79.28571428571429,67.5,1.1746031746031746
2021-11-04 00:00:00+00:00,95,89.57142857142857,68.5,1.3076120959332638
2021-11-05 00:00:00+00:00,65,91.71428571428571,68.03333333333333,1.3480786729194372
2021-11-06 00:00:00+00:00,68,87.71428571428571,67.2,1.3052721088435373
2021-11-07 00:00:00+00:00,79,85.0,66.56666666666666,1.2769153730595895
2021-11-08 00:00:00+00:00,99,85.28571428571429,66.8,1.2767322497861422
2021-11-09 00:00:00+00:00,81,83.71428571428571,67.56666666666666,1.2389879484107407
2021-11-10 00:00:00+00:00,59,78.0,68.13333333333334,1.1448140900195694
2021-11-11 00:00:00+00:00,41,70.28571428571429,68.26666666666667,1.029575892857143
2021-11-12 00:00:00+00:00,43,67.14285714285714,68.3,0.9830579376699435
2021-11-13 00:00:00+00:00,45,63.857142857142854,67.8,0.9418457648546144
2021-11-14 00:00:00+00:00,57,60.714285714285715,66.96666666666667,0.9066344307757946
2021-11-15 00:00:00+00:00,27,50.42857142857143,65.26666666666667,0.7726543119801548
2021-11-16 00:00:00+00:00,18,41.42857142857143,63.13333333333333,0.6562075727862423
2021-11-17 00:00:00+00:00,8,34.142857142857146,60.6,0.5634134842055635
2021-11-18 00:00:00+00:00,10,29.714285714285715,57.96666666666667,0.512609874312002
2021-11-19 00:00:00+00:00,15,25.714285714285715,56.2,0.45754956786985257
2021-11-20 00:00:00+00:00,27,23.142857142857142,55.46666666666667,0.41723901098901095
2021-11-21 00:00:00+00:00,37,20.285714285714285,55.36666666666667,0.3663885783091081
2021-11-22 00:00:00+00:00,33,21.142857142857142,55.03333333333333,0.3841827463874708
2021-11-23 00:00:00+00:00,24,22.0,54.0,0.4074074074074074
2021-11-24 00:00:00+00:00,33,25.571428571428573,52.833333333333336,0.48400180261379
2021-11-25 00:00:00+00:00,21,27.142857142857142,52.233333333333334,0.5196462758683562
2021-11-26 00:00:00+00:00,21,28.0,52.03333333333333,0.5381165919282511
2021-11-27 00:00:00+00:00,10,25.571428571428573,51.6,0.4955703211517165
2021-11-28 00:00:00+00:00,19,23.0,50.56666666666667,0.45484508899143045
2021-11-29 00:00:00+00:00,19,21.0,48.0,0.4375
2021-11-30 00:00:00+00:00,41,23.428571428571427,46.1,0.5082119615742174
2021-12-01 00:00:00+00:00,36,23.857142857142858,44.06666666666667,0.5413875081046033
2021-12-02 00:00:00+00:00,27,24.714285714285715,41.9,0.5898397545175589
2021-12-03 00:00:00+00:00,5,22.428571428571427,38.766666666666666,0.5785530033165458
2021-12-04 00:00:00+00:00,4,21.571428571428573,35.733333333333334,0.6036780383795309
2021-12-05 00:00:00+00:00,2,19.142857142857142,33.63333333333333,0.5691632450799944
2021-12-06 00:00:00+00:00,9,17.714285714285715,31.666666666666668,0.5593984962406016
2021-12-07 00:00:00+00:00,14,13.857142857142858,29.5,0.46973365617433416
2021-12-08 00:00:00+00:00,20,11.571428571428571,26.866666666666667,0.43069833392414036
2021-12-09 00:00:00+00:00,13,9.571428571428571,24.6,0.38908246225319393
2021-12-10 00:00:00+00:00,8,10.0,22.9,0.4366812227074236
2021-12-11 00:00:00+00:00,13,11.285714285714286,21.966666666666665,0.5137654454801648
2021-12-12 00:00:00+00:00,11,12.571428571428571,20.9,0.6015037593984963
2021-12-13 00:00:00+00:00,9,12.571428571428571,19.7,0.6381435823060189
2021-12-14 00:00:00+00:00,6,11.428571428571429,18.0,0.6349206349206349
2021-12-15 00:00:00+00:00,15,10.714285714285714,17.6,0.6087662337662336
2021-12-16 00:00:00+00:00,16,11.142857142857142,17.533333333333335,0.6355241716458445
2021-12-17 00:00:00+00:00,15,12.142857142857142,17.766666666666666,0.6834628785848298
2021-12-18 00:00:00+00:00,9,11.571428571428571,17.733333333333334,0.6525241675617615
2021-12-19 00:00:00+00:00,7,11.0,17.466666666666665,0.6297709923664123
2021-12-20 00:00:00+00:00,17,12.142857142857142,17.133333333333333,0.7087270705947749
2021-12-21 00:00:00+00:00,20,14.142857142857142,16.566666666666666,0.8536935901121011
2021-12-22 00:00:00+00:00,47,18.714285714285715,17.033333333333335,1.0986860497623707
2021-12-23 00:00:00+00:00,53,24.0,18.0,1.3333333333333333
2021-12-24 00:00:00+00:00,64,31.0,19.033333333333335,1.6287215411558666
2021-12-25 00:00:00+00:00,64,38.857142857142854,20.466666666666665,1.898557468590042
2021-12-26 00:00:00+00:00,66,47.285714285714285,21.966666666666665,2.152612182961197
2021-12-27 00:00:00+00:00,41,50.714285714285715,23.0,2.2049689440993787
2021-12-28 00:00:00+00:00,31,52.285714285714285,23.4,2.2344322344322345
2021-12-29 00:00:00+00:00,22,48.714285714285715,23.5,2.0729483282674774
2021-12-30 00:00:00+00:00,33,45.857142857142854,23.233333333333334,1.9737651158024183
2021-12-31 00:00:00+00:00,39,42.285714285714285,23.333333333333332,1.8122448979591836
2022-01-01 00:00:00+00:00,49,40.142857142857146,24.066666666666666,1.6679857538583303
2022-01-02 00:00:00+00:00,52,38.142857142857146,25.633333333333333,1.4880178339216052
2022-01-03 00:00:00+00:00,58,40.57142857142857,27.433333333333334,1.4789099114737023
2022-01-04 00:00:00+00:00,39,41.714285714285715,28.666666666666668,1.4551495016611296
2022-01-05 00:00:00+00:00,7,39.57142857142857,28.6,1.3836163836163835
2022-01-06 00:00:00+00:00,1,35.0,28.166666666666668,1.242603550295858
2022-01-07 00:00:00+00:00,1,29.571428571428573,27.533333333333335,1.0740228294707714
2022-01-08 00:00:00+00:00,2,22.857142857142858,27.166666666666668,0.8413672217353199
2022-01-09 00:00:00+00:00,3,15.857142857142858,27.0,0.5873015873015873
2022-01-10 00:00:00+00:00,5,8.285714285714286,26.733333333333334,0.30993943712148203
2022-01-11 00:00:00+00:00,8,3.857142857142857,26.633333333333333,0.14482388700160917
2022-01-12 00:00:00+00:00,24,6.285714285714286,27.133333333333333,0.23166023166023167
2022-01-13 00:00:00+00:00,36,11.285714285714286,28.133333333333333,0.40115098171970215
2022-01-14 00:00:00+00:00,41,17.0,29.0,0.5862068965517241
2022-01-15 00:00:00+00:00,33,21.428571428571427,29.566666666666666,0.7247543887904654
2022-01-16 00:00:00+00:00,24,24.428571428571427,29.866666666666667,0.8179209183673469
2022-01-17 00:00:00+00:00,15,25.857142857142858,30.066666666666666,0.8599936648717137
2022-01-18 00:00:00+00:00,14,26.714285714285715,30.3,0.8816595945308817
2022-01-19 00:00:00+00:00,12,25.0,30.133333333333333,0.8296460176991151
2022-01-20 00:00:00+00:00,2,20.142857142857142,29.533333333333335,0.6820380522412125
2022-01-21 00:00:00+00:00,0,14.285714285714286,27.966666666666665,0.5108121913843011
2022-01-22 00:00:00+00:00,0,9.571428571428571,26.2,0.3653217011995638
2022-01-23 00:00:00+00:00,1,6.285714285714286,24.1,0.2608180201541197
2022-01-24 00:00:00+00:00,2,4.428571428571429,22.033333333333335,0.20099416468554138
2022-01-25 00:00:00+00:00,5,3.142857142857143,20.0,0.15714285714285714
2022-01-26 00:00:00+00:00,14,3.4285714285714284,19.1,0.1795063575168287
2022-01-27 00:00:00+00:00,22,6.285714285714286,18.8,0.3343465045592705
2022-01-28 00:00:00+00:00,27,10.142857142857142,18.966666666666665,0.534772784333417
2022-01-29 00:00:00+00:00,31,14.571428571428571,18.9,0.7709750566893424
2022-01-30 00:00:00+00:00,26,18.142857142857142,18.466666666666665,0.9824651882413616
2022-01-31 00:00:00+00:00,26,21.571428571428573,17.7,1.218724778046812
2022-02-01 00:00:00+00:00,26,24.571428571428573,16.833333333333332,1.45968882602546
2022-02-02 00:00:00+00:00,29,26.714285714285715,15.866666666666667,1.683673469387755
2022-02-03 00:00:00+00:00,30,27.857142857142858,15.566666666666666,1.7895380850412972
2022-02-04 00:00:00+00:00,32,28.571428571428573,16.4,1.742160278745645
2022-02-05 00:00:00+00:00,42,30.142857142857142,17.766666666666666,1.6965960868399894
2022-02-06 00:00:00+00:00,41,32.285714285714285,19.1,1.6903515332834702
2022-02-07 00:00:00+00:00,45,35.0,20.533333333333335,1.7045454545454544
2022-02-08 00:00:00+00:00,47,38.0,22.0,1.7272727272727273
2022-02-09 00:00:00+00:00,57,42.0,23.733333333333334,1.7696629213483146
2022-02-10 00:00:00+00:00,62,46.57142857142857,25.533333333333335,1.8239462886982467
2022-02-11 00:00:00+00:00,67,51.57142857142857,26.966666666666665,1.9124139148861028
2022-02-12 00:00:00+00:00,70,55.57142857142857,28.1,1.9776309100152514
2022-02-13 00:00:00+00:00,81,61.285714285714285,29.433333333333334,2.0821873483255136
2022-02-14 00:00:00+00:00,84,66.85714285714286,31.133333333333333,2.1474457020495565
2022-02-15 00:00:00+00:00,86,72.42857142857143,33.2,2.1815834767641995
2022-02-16 00:00:00+00:00,66,73.71428571428571,34.9,2.1121571837904214
2022-02-17 00:00:00+00:00,47,71.57142857142857,36.0,1.9880952380952381
2022-02-18 00:00:00+00:00,36,67.14285714285714,36.8,1.8245341614906834
2022-02-19 00:00:00+00:00,29,61.285714285714285,37.7,1.6256157635467978
2022-02-20 00:00:00+00:00,20,52.57142857142857,38.36666666666667,1.3702370609407968
2022-02-21 00:00:00+00:00,10,42.0,38.7,1.0852713178294573
2022-02-22 00:00:00+00:00,11,31.285714285714285,39.03333333333333,0.8015127485665487
2022-02-23 00:00:00+00:00,8,23.0,39.233333333333334,0.5862361937128292
2022-02-24 00:00:00+00:00,17,18.714285714285715,39.63333333333333,0.47218551003244025
2022-02-25 00:00:00+00:00,25,17.142857142857142,40.0,0.42857142857142855
2022-02-26 00:00:00+00:00,67,22.571428571428573,41.5,0.5438898450946644
2022-02-27 00:00:00+00:00,60,28.285714285714285,42.6,0.663983903420523
2022-02-28 00:00:00+00:00,52,34.285714285714285,43.3,0.791817881887166
2022-03-01 00:00:00+00:00,50,39.857142857142854,44.1,0.9037900874635567
2022-03-02 00:00:00+00:00,58,47.0,45.166666666666664,1.0405904059040592
2022-03-03 00:00:00+00:00,49,51.57142857142857,45.93333333333333,1.122745179348953
2022-03-04 00:00:00+00:00,38,53.42857142857143,46.233333333333334,1.1556287980224533
2022-03-05 00:00:00+00:00,28,47.857142857142854,46.166666666666664,1.0366168127900979
2022-03-06 00:00:00+00:00,27,43.142857142857146,46.0,0.9378881987577641
2022-03-07 00:00:00+00:00,28,39.714285714285715,45.53333333333333,0.8722024681029074
2022-03-08 00:00:00+00:00,36,37.714285714285715,45.36666666666667,0.8313215072950562
2022-03-09 00:00:00+00:00,35,34.42857142857143,45.03333333333333,0.7645130591096543
2022-03-10 00:00:00+00:00,32,32.0,44.53333333333333,0.718562874251497
2022-03-11 00:00:00+00:00,28,30.571428571428573,43.56666666666667,0.7017160345392939
2022-03-12 00:00:00+00:00,45,33.0,43.0,0.7674418604651163
2022-03-13 00:00:00+00:00,57,37.285714285714285,42.666666666666664,0.8738839285714286
2022-03-14 00:00:00+00:00,49,40.285714285714285,41.96666666666667,0.959945535005106
2022-03-15 00:00:00+00:00,36,40.285714285714285,40.46666666666667,0.9955283596140267
2022-03-16 00:00:00+00:00,42,41.285714285714285,39.06666666666667,1.0568015602145293
2022-03-17 00:00:00+00:00,54,44.42857142857143,38.0,1.169172932330827
2022-03-18 00:00:00+00:00,67,50.0,38.03333333333333,1.3146362839614374
2022-03-19 00:00:00+00:00,65,52.857142857142854,38.63333333333333,1.3681745346973992
2022-03-20 00:00:00+00:00,68,54.42857142857143,39.7,1.370996761424973
2022-03-21 00:00:00+00:00,70,57.42857142857143,41.06666666666667,1.3984230055658626
2022-03-22 00:00:00+00:00,73,62.714285714285715,42.833333333333336,1.4641467481934407
2022-03-23 00:00:00+00:00,80,68.14285714285714,45.166666666666664,1.5086979441222983
2022-03-24 00:00:00+00:00,83,72.28571428571429,47.56666666666667,1.519671638802683
2022-03-25 00:00:00+00:00,84,74.71428571428571,50.1,1.491303108069575
2022-03-26 00:00:00+00:00,85,77.57142857142857,52.36666666666667,1.4813130853869236
2022-03-27 00:00:00+00:00,82,79.57142857142857,54.266666666666666,1.4663039663039663
2022-03-28 00:00:00+00:00,87,82.0,54.93333333333333,1.4927184466019419
2022-03-29 00:00:00+00:00,95,85.14285714285714,56.1,1.5176979882862234
2022-03-30 00:00:00+00:00,97,87.57142857142857,57.6,1.5203373015873014
2022-03-31 00:00:00+00:00,94,89.14285714285714,59.06666666666667,1.5091905836826829
2022-04-01 00:00:00+00:00,88,89.71428571428571,60.06666666666667,1.4935785635008718
2022-04-02 00:00:00+00:00,95,91.14285714285714,61.6,1.4795918367346939
2022-04-03 00:00:00+00:00,97,93.28571428571429,63.56666666666667,1.4675256573526108
2022-04-04 00:00:00+00:00,95,94.42857142857143,65.8,1.4350846721667392
2022-04-05 00:00:00+00:00,72,91.14285714285714,67.3,1.3542772235194227
2022-04-06 00:00:00+00:00,71,87.42857142857143,68.73333333333333,1.271996674518498
2022-04-07 00:00:00+00:00,72,84.28571428571429,69.93333333333334,1.2052294702437696
2022-04-08 00:00:00+00:00,83,83.57142857142857,71.53333333333333,1.1682865131140994
2022-04-09 00:00:00+00:00,85,82.14285714285714,73.3,1.1206392516078736
2022-04-10 00:00:00+00:00,41,74.14285714285714,73.73333333333333,1.0055541203823302
2022-04-11 00:00:00+00:00,25,64.14285714285714,73.06666666666666,0.8778675703858185
2022-04-12 00:00:00+00:00,19,56.57142857142857,71.8,0.7879029048945484
2022-04-13 00:00:00+00:00,33,51.142857142857146,71.26666666666667,0.7176266203394361
2022-04-14 00:00:00+00:00,45,47.285714285714285,71.56666666666666,0.660722602967596
2022-04-15 00:00:00+00:00,53,43.0,71.93333333333334,0.597775718257646
2022-04-16 00:00:00+00:00,55,38.714285714285715,71.96666666666667,0.5379474624495467
2022-04-17 00:00:00+00:00,44,39.142857142857146,71.2,0.5497592295345105
2022-04-18 00:00:00+00:00,61,44.285714285714285,71.06666666666666,0.6231573304744037
2022-04-19 00:00:00+00:00,67,51.142857142857146,71.03333333333333,0.7199839109740566
2022-04-20 00:00:00+00:00,82,58.142857142857146,71.43333333333334,0.8139457369508699
2022-04-21 00:00:00+00:00,52,59.142857142857146,70.73333333333333,0.8361384138952471
2022-04-22 00:00:00+00:00,51,58.857142857142854,69.76666666666667,0.8436284212681728
2022-04-23 00:00:00+00:00,39,56.57142857142857,68.3,0.8282786028027609
2022-04-24 00:00:00+00:00,39,55.857142857142854,66.8,0.8361847733105218
2022-04-25 00:00:00+00:00,27,51.0,64.86666666666666,0.7862281603288799
2022-04-26 00:00:00+00:00,30,45.714285714285715,63.13333333333333,0.7240911147986122
2022-04-27 00:00:00+00:00,38,39.42857142857143,61.5,0.6411149825783973
2022-04-28 00:00:00+00:00,35,37.0,59.5,0.6218487394957983
2022-04-29 00:00:00+00:00,26,33.42857142857143,57.13333333333333,0.5850975162527088
2022-04-30 00:00:00+00:00,15,30.0,54.5,0.5504587155963303
2022-05-01 00:00:00+00:00,17,26.857142857142858,52.13333333333333,0.51516258677384
2022-05-02 00:00:00+00:00,11,24.571428571428573,49.333333333333336,0.4980694980694981
2022-05-03 00:00:00+00:00,13,22.142857142857142,46.53333333333333,0.4758493655341793
2022-05-04 00:00:00+00:00,6,17.571428571428573,43.56666666666667,0.4033227675155755
2022-05-05 00:00:00+00:00,4,13.142857142857142,41.3,0.3182289865098582
2022-05-06 00:00:00+00:00,3,9.857142857142858,39.03333333333333,0.25253141393192635
2022-05-07 00:00:00+00:00,2,8.0,36.7,0.217983651226158
2022-05-08 00:00:00+00:00,1,5.714285714285714,33.96666666666667,0.1682321603813262
2022-05-09 00:00:00+00:00,0,4.142857142857143,31.133333333333333,0.1330682165799939
2022-05-10 00:00:00+00:00,1,2.4285714285714284,29.8,0.08149568552253116
2022-05-11 00:00:00+00:00,1,1.7142857142857142,29.0,0.059113300492610835
2022-05-12 00:00:00+00:00,2,1.4285714285714286,28.433333333333334,0.050242840395243675
2022-05-13 00:00:00+00:00,3,1.4285714285714286,27.433333333333334,0.05207429265752474
2022-05-14 00:00:00+00:00,10,2.5714285714285716,26.266666666666666,0.09789702683103699
2022-05-15 00:00:00+00:00,7,3.4285714285714284,24.733333333333334,0.13862148633038118
2022-05-16 00:00:00+00:00,8,4.571428571428571,23.166666666666668,0.197327852004111
2022-05-17 00:00:00+00:00,6,5.285714285714286,21.9,0.24135681669928247
2022-05-18 00:00:00+00:00,5,5.857142857142857,20.033333333333335,0.2923698597575469
2022-05-19 00:00:00+00:00,6,6.428571428571429,18.0,0.35714285714285715
2022-05-20 00:00:00+00:00,6,6.857142857142857,15.466666666666667,0.44334975369458124
2022-05-21 00:00:00+00:00,9,6.714285714285714,14.033333333333333,0.4784526637258229
2022-05-22 00:00:00+00:00,8,6.857142857142857,12.6,0.5442176870748299
2022-05-23 00:00:00+00:00,6,6.571428571428571,11.5,0.5714285714285714
2022-05-24 00:00:00+00:00,6,6.571428571428571,10.4,0.6318681318681318
2022-05-25 00:00:00+00:00,5,6.571428571428571,9.666666666666666,0.6798029556650247
2022-05-26 00:00:00+00:00,3,6.142857142857143,8.766666666666667,0.7007061379684953
2022-05-27 00:00:00+00:00,2,5.571428571428571,7.566666666666666,0.7363121460037759
2022-05-28 00:00:00+00:00,4,4.857142857142857,6.533333333333333,0.7434402332361516
2022-05-29 00:00:00+00:00,9,5.0,5.966666666666667,0.8379888268156425
2022-05-30 00:00:00+00:00,13,6.0,5.9,1.0169491525423728
2022-05-31 00:00:00+00:00,13,7.0,5.766666666666667,1.2138728323699421
2022-06-01 00:00:00+00:00,14,8.285714285714286,5.866666666666666,1.4123376623376627
2022-06-02 00:00:00+00:00,13,9.714285714285714,5.866666666666666,1.655844155844156
2022-06-03 00:00:00+00:00,11,11.0,6.033333333333333,1.8232044198895028
2022-06-04 00:00:00+00:00,9,11.714285714285714,6.2,1.889400921658986
2022-06-05 00:00:00+00:00,13,12.285714285714286,6.533333333333333,1.8804664723032072
2022-06-06 00:00:00+00:00,14,12.428571428571429,6.933333333333334,1.7925824175824177
2022-06-07 00:00:00+00:00,15,12.714285714285714,7.4,1.718146718146718
2022-06-08 00:00:00+00:00,16,13.0,7.933333333333334,1.638655462184874
2022-06-09 00:00:00+00:00,13,13.0,8.333333333333334,1.5599999999999998
2022-06-10 00:00:00+00:00,7,12.428571428571429,8.533333333333333,1.4564732142857144
2022-06-11 00:00:00+00:00,2,11.428571428571429,8.533333333333333,1.3392857142857144
2022-06-12 00:00:00+00:00,0,9.571428571428571,8.433333333333334,1.134952004517222
2022-06-13 00:00:00+00:00,0,7.571428571428571,8.1,0.9347442680776015
2022-06-14 00:00:00+00:00,1,5.571428571428571,7.9,0.7052441229656419
2022-06-15 00:00:00+00:00,2,3.5714285714285716,7.7,0.463821892393321
2022-06-16 00:00:00+00:00,3,2.142857142857143,7.6,0.2819548872180451
2022-06-17 00:00:00+00:00,2,1.4285714285714286,7.5,0.1904761904761905
2022-06-18 00:00:00+00:00,1,1.2857142857142858,7.333333333333333,0.17532467532467536
2022-06-19 00:00:00+00:00,0,1.2857142857142858,7.133333333333334,0.1802403204272363
2022-06-20 00:00:00+00:00,1,1.4285714285714286,6.866666666666666,0.20804438280166437
2022-06-21 00:00:00+00:00,4,1.8571428571428572,6.733333333333333,0.27581329561527584
2022-06-22 00:00:00+00:00,5,2.2857142857142856,6.7,0.3411513859275053
2022-06-23 00:00:00+00:00,1,2.0,6.533333333333333,0.30612244897959184
2022-06-24 00:00:00+00:00,4,2.2857142857142856,6.5,0.3516483516483516
2022-06-25 00:00:00+00:00,4,2.7142857142857144,6.533333333333333,0.4154518950437318
2022-06-26 00:00:00+00:00,2,3.0,6.533333333333333,0.45918367346938777
2022-06-27 00:00:00+00:00,1,3.0,6.433333333333334,0.46632124352331605
2022-06-28 00:00:00+00:00,1,2.5714285714285716,6.166666666666667,0.416988416988417
2022-06-29 00:00:00+00:00,1,2.0,5.766666666666667,0.3468208092485549
2022-06-30 00:00:00+00:00,1,2.0,5.366666666666666,0.3726708074534162
2022-07-01 00:00:00+00:00,2,1.7142857142857142,4.966666666666667,0.3451581975071908
2022-07-02 00:00:00+00:00,8,2.2857142857142856,4.8,0.47619047619047616
2022-07-03 00:00:00+00:00,10,3.4285714285714284,4.766666666666667,0.7192807192807192
2022-07-04 00:00:00+00:00,13,5.142857142857143,4.9,1.0495626822157433
2022-07-05 00:00:00+00:00,18,7.571428571428571,5.066666666666666,1.4943609022556392
2022-07-06 00:00:00+00:00,20,10.285714285714286,5.266666666666667,1.9529837251356241
2022-07-07 00:00:00+00:00,20,13.0,5.433333333333334,2.392638036809816
2022-07-08 00:00:00+00:00,21,15.714285714285714,5.6,2.806122448979592
2022-07-09 00:00:00+00:00,23,17.857142857142858,5.933333333333334,3.009630818619583
2022-07-10 00:00:00+00:00,16,18.714285714285715,6.233333333333333,3.0022918258212377
2022-07-11 00:00:00+00:00,13,18.714285714285715,6.6,2.835497835497836
2022-07-12 00:00:00+00:00,12,17.857142857142858,7.0,2.5510204081632653
2022-07-13 00:00:00+00:00,16,17.285714285714285,7.533333333333333,2.2945638432364097
2022-07-14 00:00:00+00:00,20,17.285714285714285,8.166666666666666,2.116618075801749
2022-07-15 00:00:00+00:00,26,18.0,8.966666666666667,2.007434944237918
2022-07-16 00:00:00+00:00,27,18.571428571428573,9.766666666666667,1.901511457825451
2022-07-17 00:00:00+00:00,22,19.428571428571427,10.433333333333334,1.8621633957097214
2022-07-18 00:00:00+00:00,22,20.714285714285715,11.133333333333333,1.8605645851154835
2022-07-19 00:00:00+00:00,18,21.571428571428573,11.733333333333333,1.8384740259740262
2022-07-20 00:00:00+00:00,20,22.142857142857142,12.366666666666667,1.7905275317674239
2022-07-21 00:00:00+00:00,22,22.428571428571427,12.966666666666667,1.7297098788101357
2022-07-22 00:00:00+00:00,26,22.428571428571427,13.666666666666666,1.6411149825783973
2022-07-23 00:00:00+00:00,31,23.0,14.666666666666666,1.5681818181818183
2022-07-24 00:00:00+00:00,25,23.428571428571427,15.366666666666667,1.5246358847226524
2022-07-25 00:00:00+00:00,25,23.857142857142858,16.066666666666666,1.4848844101956136
2022-07-26 00:00:00+00:00,27,25.142857142857142,16.9,1.4877430262045648
2022-07-27 00:00:00+00:00,32,26.857142857142858,17.933333333333334,1.4976101964949549
2022-07-28 00:00:00+00:00,36,28.857142857142858,19.1,1.5108451757666417
2022-07-29 00:00:00+00:00,37,30.428571428571427,20.3,1.498944405348346
2022-07-30 00:00:00+00:00,30,30.285714285714285,21.266666666666666,1.4240931482310792
2022-07-31 00:00:00+00:00,30,31.0,22.2,1.3963963963963963
2022-08-01 00:00:00+00:00,30,31.714285714285715,22.933333333333334,1.382890365448505
2022-08-02 00:00:00+00:00,38,33.285714285714285,23.866666666666667,1.3946528332003192
2022-08-03 00:00:00+00:00,37,34.0,24.666666666666668,1.3783783783783783
2022-08-04 00:00:00+00:00,36,34.0,25.266666666666666,1.345646437994723
2022-08-05 00:00:00+00:00,39,34.285714285714285,25.9,1.323772752344181
2022-08-06 00:00:00+00:00,40,35.714285714285715,26.566666666666666,1.3443269403118838
2022-08-07 00:00:00+00:00,50,38.57142857142857,27.533333333333335,1.4008993427879626
2022-08-08 00:00:00+00:00,46,40.857142857142854,28.3,1.443715295305401
2022-08-09 00:00:00+00:00,50,42.57142857142857,29.433333333333334,1.4463679016340396
2022-08-10 00:00:00+00:00,39,42.857142857142854,30.3,1.4144271570014142
2022-08-11 00:00:00+00:00,33,42.42857142857143,31.0,1.368663594470046
2022-08-12 00:00:00+00:00,36,42.0,31.666666666666668,1.3263157894736841
2022-08-13 00:00:00+00:00,40,42.0,32.333333333333336,1.2989690721649483
2022-08-14 00:00:00+00:00,41,40.714285714285715,32.833333333333336,1.2400290065264683
2022-08-15 00:00:00+00:00,35,39.142857142857146,33.1,1.1825636599050497
2022-08-16 00:00:00+00:00,37,37.285714285714285,33.6,1.1096938775510203
2022-08-17 00:00:00+00:00,43,37.857142857142854,34.3,1.1037067888379841
2022-08-18 00:00:00+00:00,27,37.0,34.6,1.069364161849711
2022-08-19 00:00:00+00:00,19,34.57142857142857,34.56666666666667,1.0001377600220414
2022-08-20 00:00:00+00:00,14,30.857142857142858,34.3,0.899625156184923
2022-08-21 00:00:00+00:00,20,27.857142857142858,34.1,0.8169250104733976
2022-08-22 00:00:00+00:00,24,26.285714285714285,33.86666666666667,0.7761529808773903
2022-08-23 00:00:00+00:00,27,24.857142857142858,33.93333333333333,0.7325287678922258
2022-08-24 00:00:00+00:00,30,23.0,34.1,0.6744868035190615
2022-08-25 00:00:00+00:00,25,22.714285714285715,34.03333333333333,0.6674129005176997
2022-08-26 00:00:00+00:00,12,21.714285714285715,33.36666666666667,0.6507777936349365
2022-08-27 00:00:00+00:00,9,21.0,32.46666666666667,0.6468172484599589
2022-08-28 00:00:00+00:00,17,20.571428571428573,31.8,0.646900269541779
2022-08-29 00:00:00+00:00,29,21.285714285714285,31.766666666666666,0.6700644581022336
2022-08-30 00:00:00+00:00,34,22.285714285714285,31.9,0.6986117330944918
2022-08-31 00:00:00+00:00,27,21.857142857142858,31.8,0.6873315363881402
2022-09-01 00:00:00+00:00,27,22.142857142857142,31.433333333333334,0.7044387214058476
2022-09-02 00:00:00+00:00,21,23.428571428571427,30.9,0.758206195099399
2022-09-03 00:00:00+00:00,21,25.142857142857142,30.4,0.8270676691729324
2022-09-04 00:00:00+00:00,24,26.142857142857142,29.9,0.8743430482560918
2022-09-05 00:00:00+00:00,17,24.428571428571427,29.133333333333333,0.8385093167701863
2022-09-06 00:00:00+00:00,14,21.571428571428573,27.933333333333334,0.7722468462325265
2022-09-07 00:00:00+00:00,15,19.857142857142858,26.9,0.7381837493361657
2022-09-08 00:00:00+00:00,33,20.714285714285715,26.333333333333332,0.7866184448462931
2022-09-09 00:00:00+00:00,45,24.142857142857142,26.533333333333335,0.9099066762383344
2022-09-10 00:00:00+00:00,50,28.285714285714285,27.1,1.043753294675804
2022-09-11 00:00:00+00:00,45,31.285714285714285,27.4,1.1418143899895725
2022-09-12 00:00:00+00:00,37,34.142857142857146,27.3,1.250654107796965
2022-09-13 00:00:00+00:00,20,35.0,26.6,1.3157894736842104
2022-09-14 00:00:00+00:00,19,35.57142857142857,26.066666666666666,1.3646328096455973
2022-09-15 00:00:00+00:00,19,33.57142857142857,25.466666666666665,1.3182498130142108
2022-09-16 00:00:00+00:00,31,31.571428571428573,25.066666666666666,1.2594984802431612
2022-09-17 00:00:00+00:00,35,29.428571428571427,25.333333333333332,1.1616541353383458
2022-09-18 00:00:00+00:00,26,26.714285714285715,25.566666666666666,1.0448873160737568
2022-09-19 00:00:00+00:00,21,24.428571428571427,25.8,0.9468438538205979
2022-09-20 00:00:00+00:00,15,23.714285714285715,25.633333333333333,0.9251346832621216
2022-09-21 00:00:00+00:00,19,23.714285714285715,25.466666666666665,0.9311892296185491
2022-09-22 00:00:00+00:00,18,23.571428571428573,25.166666666666668,0.9366130558183539
2022-09-23 00:00:00+00:00,29,23.285714285714285,25.133333333333333,0.9264873057976506
2022-09-24 00:00:00+00:00,30,22.571428571428573,25.3,0.8921513269339356
2022-09-25 00:00:00+00:00,33,23.571428571428573,26.0,0.9065934065934067
2022-09-26 00:00:00+00:00,30,24.857142857142858,26.7,0.9309791332263243
2022-09-27 00:00:00+00:00,30,27.0,27.133333333333333,0.9950859950859952
2022-09-28 00:00:00+00:00,33,29.0,27.266666666666666,1.0635696821515892
2022-09-29 00:00:00+00:00,33,31.142857142857142,27.233333333333334,1.1435565658331877
2022-09-30 00:00:00+00:00,32,31.571428571428573,27.4,1.1522419186652764
2022-10-01 00:00:00+00:00,33,32.0,27.6,1.1594202898550725
2022-10-02 00:00:00+00:00,38,32.714285714285715,28.166666666666668,1.1614539306846998
2022-10-03 00:00:00+00:00,45,34.857142857142854,28.966666666666665,1.2033536084168994
2022-10-04 00:00:00+00:00,53,38.142857142857146,29.933333333333334,1.274260260897232
2022-10-05 00:00:00+00:00,56,41.42857142857143,31.233333333333334,1.3264217106266198
2022-10-06 00:00:00+00:00,46,43.285714285714285,32.3,1.3401149933657674
2022-10-07 00:00:00+00:00,44,45.0,33.266666666666666,1.3527054108216434
2022-10-08 00:00:00+00:00,55,48.142857142857146,34.0,1.415966386554622
2022-10-09 00:00:00+00:00,47,49.42857142857143,34.06666666666667,1.4509365389991613
2022-10-10 00:00:00+00:00,45,49.42857142857143,33.9,1.458069953645175
2022-10-11 00:00:00+00:00,35,46.857142857142854,33.56666666666667,1.395942686905944
2022-10-12 00:00:00+00:00,26,42.57142857142857,33.2,1.2822719449225473
2022-10-13 00:00:00+00:00,26,39.714285714285715,33.4,1.1890504704875964
2022-10-14 00:00:00+00:00,23,36.714285714285715,33.53333333333333,1.094859414938938
2022-10-15 00:00:00+00:00,41,34.714285714285715,34.266666666666666,1.0130628126737076
2022-10-16 00:00:00+00:00,45,34.42857142857143,34.733333333333334,0.9912256649300796
2022-10-17 00:00:00+00:00,40,33.714285714285715,34.9,0.9660253786328286
2022-10-18 00:00:00+00:00,32,33.285714285714285,35.1,0.9483109483109482
2022-10-19 00:00:00+00:00,31,34.0,35.43333333333333,0.9595484477892757
2022-10-20 00:00:00+00:00,23,33.57142857142857,35.7,0.940376150460184
2022-10-21 00:00:00+00:00,35,35.285714285714285,36.233333333333334,0.9738467604152976
2022-10-22 00:00:00+00:00,44,35.714285714285715,37.1,0.9626492106276473
2022-10-23 00:00:00+00:00,59,37.714285714285715,38.1,0.9898762654668166
2022-10-24 00:00:00+00:00,46,38.57142857142857,38.63333333333333,0.9983976334278318
2022-10-25 00:00:00+00:00,39,39.57142857142857,38.833333333333336,1.0190067443286326
2022-10-26 00:00:00+00:00,41,41.0,39.2,1.0459183673469388
2022-10-27 00:00:00+00:00,46,44.285714285714285,39.733333333333334,1.1145733461169702
2022-10-28 00:00:00+00:00,52,46.714285714285715,40.36666666666667,1.1572490267783415
2022-10-29 00:00:00+00:00,58,48.714285714285715,41.2,1.182385575589459
2022-10-30 00:00:00+00:00,62,49.142857142857146,42.2,1.1645226811103588
2022-10-31 00:00:00+00:00,62,51.42857142857143,43.166666666666664,1.191395477109763
2022-11-01 00:00:00+00:00,58,54.142857142857146,43.833333333333336,1.2351982618142314
2022-11-02 00:00:00+00:00,44,54.57142857142857,43.8,1.2459230267449446
2022-11-03 00:00:00+00:00,42,54.0,43.43333333333333,1.2432847275518035
2022-11-04 00:00:00+00:00,39,52.142857142857146,42.86666666666667,1.2163963563652522
2022-11-05 00:00:00+00:00,24,47.285714285714285,42.13333333333333,1.1222875226039783
2022-11-06 00:00:00+00:00,37,43.714285714285715,41.9,1.0433003750426186
2022-11-07 00:00:00+00:00,11,36.42857142857143,40.43333333333333,0.9009539512424922
2022-11-08 00:00:00+00:00,7,29.142857142857142,39.1,0.7453416149068323
2022-11-09 00:00:00+00:00,2,23.142857142857142,37.666666666666664,0.6144121365360303
2022-11-10 00:00:00+00:00,8,18.285714285714285,36.766666666666666,0.497344903509908
2022-11-11 00:00:00+00:00,12,14.428571428571429,36.3,0.3974813065722157
2022-11-12 00:00:00+00:00,52,18.428571428571427,37.166666666666664,0.49583600256245997
2022-11-13 00:00:00+00:00,16,15.428571428571429,36.93333333333333,0.4177411036616813
2022-11-14 00:00:00+00:00,13,15.714285714285714,36.0,0.4365079365079365
2022-11-15 00:00:00+00:00,22,17.857142857142858,35.233333333333334,0.5068252466549533
2022-11-16 00:00:00+00:00,35,22.571428571428573,35.06666666666667,0.643671917436176
2022-11-17 00:00:00+00:00,30,25.714285714285715,35.0,0.7346938775510204
2022-11-18 00:00:00+00:00,12,25.714285714285715,34.36666666666667,0.7482333379520577
2022-11-19 00:00:00+00:00,5,19.0,33.766666666666666,0.562685093780849
2022-11-20 00:00:00+00:00,2,17.0,32.666666666666664,0.5204081632653061
2022-11-21 00:00:00+00:00,3,15.571428571428571,31.3,0.49748973071656777
2022-11-22 00:00:00+00:00,8,13.571428571428571,29.6,0.45849420849420847
2022-11-23 00:00:00+00:00,10,10.0,28.4,0.35211267605633806
2022-11-24 00:00:00+00:00,68,15.428571428571429,29.366666666666667,0.5253770066482892
2022-11-25 00:00:00+00:00,46,20.285714285714285,29.533333333333335,0.6868752015478877
2022-11-26 00:00:00+00:00,47,26.285714285714285,29.566666666666666,0.8890320502496376
2022-11-27 00:00:00+00:00,37,31.285714285714285,29.066666666666666,1.076343381389253
2022-11-28 00:00:00+00:00,45,37.285714285714285,28.633333333333333,1.3021786130051556
2022-11-29 00:00:00+00:00,56,44.142857142857146,28.433333333333334,1.5525037682130298
2022-11-30 00:00:00+00:00,65,52.0,28.533333333333335,1.822429906542056
2022-12-01 00:00:00+00:00,74,52.857142857142854,29.066666666666666,1.8184796854521623
2022-12-02 00:00:00+00:00,63,55.285714285714285,29.7,1.8614718614718615
2022-12-03 00:00:00+00:00,66,58.0,30.5,1.901639344262295
2022-12-04 00:00:00+00:00,60,61.285714285714285,31.2,1.9642857142857142
2022-12-05 00:00:00+00:00,67,64.42857142857143,32.63333333333333,1.9743178170144464
2022-12-06 00:00:00+00:00,74,67.0,33.86666666666667,1.9783464566929134
2022-12-07 00:00:00+00:00,76,68.57142857142857,36.03333333333333,1.9029998678472315
2022-12-08 00:00:00+00:00,78,69.14285714285714,38.4,1.8005952380952381
2022-12-09 00:00:00+00:00,78,71.28571428571429,40.93333333333333,1.741507677989763
2022-12-10 00:00:00+00:00,77,72.85714285714286,43.233333333333334,1.6852076219848002
2022-12-11 00:00:00+00:00,75,75.0,45.333333333333336,1.6544117647058822
2022-12-12 00:00:00+00:00,79,76.71428571428571,46.233333333333334,1.6592851992996187
2022-12-13 00:00:00+00:00,78,77.28571428571429,48.3,1.6001183081928425
2022-12-14 00:00:00+00:00,81,78.0,50.56666666666667,1.5425181278839815
2022-12-15 00:00:00+00:00,67,76.42857142857143,52.06666666666667,1.4678982988842144
2022-12-16 00:00:00+00:00,48,72.14285714285714,52.5,1.3741496598639455
2022-12-17 00:00:00+00:00,38,66.57142857142857,52.766666666666666,1.2616189874560058
2022-12-18 00:00:00+00:00,32,60.42857142857143,53.43333333333333,1.1309152481953482
2022-12-19 00:00:00+00:00,43,55.285714285714285,54.7,1.010707756594411
2022-12-20 00:00:00+00:00,48,51.0,56.233333333333334,0.9069353882631891
2022-12-21 00:00:00+00:00,59,47.857142857142854,58.1,0.8237029751659699
2022-12-22 00:00:00+00:00,65,47.57142857142857,60.0,0.7928571428571428
2022-12-23 00:00:00+00:00,68,50.42857142857143,61.93333333333333,0.8142395817315086
2022-12-24 00:00:00+00:00,56,53.0,61.53333333333333,0.8613217768147345
2022-12-25 00:00:00+00:00,53,56.0,61.766666666666666,0.9066378845116028
2022-12-26 00:00:00+00:00,45,56.285714285714285,61.7,0.9122482056031488
2022-12-27 00:00:00+00:00,43,55.57142857142857,61.9,0.897761366258943
2022-12-28 00:00:00+00:00,36,52.285714285714285,61.6,0.8487940630797773
2022-12-29 00:00:00+00:00,42,49.0,61.13333333333333,0.8015267175572519
2022-12-30 00:00:00+00:00,58,47.57142857142857,60.9,0.7811400422237861
2022-12-31 00:00:00+00:00,69,49.42857142857143,60.733333333333334,0.8138623177042497
2023-01-01 00:00:00+00:00,69,51.714285714285715,60.93333333333333,0.848702719599875
2023-01-02 00:00:00+00:00,76,56.142857142857146,61.266666666666666,0.916368723768071
2023-01-03 00:00:00+00:00,85,62.142857142857146,62.1,1.0006901311249137
2023-01-04 00:00:00+00:00,89,69.71428571428571,62.833333333333336,1.1095111784766956
2023-01-05 00:00:00+00:00,87,76.14285714285714,63.266666666666666,1.203522504892368
2023-01-06 00:00:00+00:00,87,80.28571428571429,63.63333333333333,1.2616927336675898
2023-01-07 00:00:00+00:00,83,82.28571428571429,63.8,1.2897447380206002
2023-01-08 00:00:00+00:00,79,83.71428571428571,63.833333333333336,1.311450951137635
2023-01-09 00:00:00+00:00,68,82.57142857142857,63.53333333333333,1.2996552241043322
2023-01-10 00:00:00+00:00,68,80.14285714285714,63.3,1.2660798916723088
2023-01-11 00:00:00+00:00,67,77.0,62.9,1.2241653418124006
2023-01-12 00:00:00+00:00,63,73.57142857142857,62.4,1.179029304029304
2023-01-13 00:00:00+00:00,48,68.0,61.3,1.1092985318107669
2023-01-14 00:00:00+00:00,37,61.42857142857143,60.3,1.0187159440890785
2023-01-15 00:00:00+00:00,39,55.714285714285715,60.0,0.9285714285714286
2023-01-16 00:00:00+00:00,60,54.57142857142857,60.733333333333334,0.8985416339971773
2023-01-17 00:00:00+00:00,67,54.42857142857143,61.9,0.8792984075698131
2023-01-18 00:00:00+00:00,59,53.285714285714285,62.43333333333333,0.8534818091678743
2023-01-19 00:00:00+00:00,56,52.285714285714285,62.7,0.833902939166097
2023-01-20 00:00:00+00:00,54,53.142857142857146,62.53333333333333,0.8498324703015535
2023-01-21 00:00:00+00:00,54,55.57142857142857,62.166666666666664,0.8939103791650709
2023-01-22 00:00:00+00:00,50,57.142857142857146,61.56666666666667,0.9281460283084538
2023-01-23 00:00:00+00:00,59,57.0,61.666666666666664,0.9243243243243243
2023-01-24 00:00:00+00:00,55,55.285714285714285,61.733333333333334,0.8955569268744215
2023-01-25 00:00:00+00:00,63,55.857142857142854,62.333333333333336,0.8961038961038961
2023-01-26 00:00:00+00:00,67,57.42857142857143,63.13333333333333,0.9096394629657566
2023-01-27 00:00:00+00:00,73,60.142857142857146,64.36666666666666,0.9343789302359993
2023-01-28 00:00:00+00:00,79,63.714285714285715,65.6,0.9712543554006969
2023-01-29 00:00:00+00:00,76,67.42857142857143,66.2,1.0185584807941304
2023-01-30 00:00:00+00:00,85,71.14285714285714,66.73333333333333,1.0660767803624946
2023-01-31 00:00:00+00:00,81,74.85714285714286,67.13333333333334,1.1150517803943822
2023-02-01 00:00:00+00:00,80,77.28571428571429,67.26666666666667,1.148945207418944
2023-02-02 00:00:00+00:00,76,78.57142857142857,66.96666666666667,1.173291616298087
2023-02-03 00:00:00+00:00,81,79.71428571428571,66.7,1.1951167273506103
2023-02-04 00:00:00+00:00,86,80.71428571428571,66.66666666666667,1.2107142857142856
2023-02-05 00:00:00+00:00,83,81.71428571428571,66.53333333333333,1.2281706269682222
2023-02-06 00:00:00+00:00,85,81.71428571428571,66.6,1.226941226941227
2023-02-07 00:00:00+00:00,88,82.71428571428571,66.9,1.2363869314541958
2023-02-08 00:00:00+00:00,85,83.42857142857143,67.46666666666667,1.2365894974590628
2023-02-09 00:00:00+00:00,83,84.42857142857143,67.96666666666667,1.2422055629510265
2023-02-10 00:00:00+00:00,76,83.71428571428571,68.26666666666667,1.226283482142857
2023-02-11 00:00:00+00:00,86,83.71428571428571,69.03333333333333,1.2126646892460509
2023-02-12 00:00:00+00:00,88,84.42857142857143,70.36666666666666,1.1998375854368277
2023-02-13 00:00:00+00:00,87,84.71428571428571,72.03333333333333,1.1760428373107688
2023-02-14 00:00:00+00:00,88,84.71428571428571,73.66666666666667,1.149967679379444
2023-02-15 00:00:00+00:00,81,84.14285714285714,74.36666666666666,1.1314593071652688
2023-02-16 00:00:00+00:00,83,84.14285714285714,74.9,1.1234026320808697
2023-02-17 00:00:00+00:00,78,84.42857142857143,75.53333333333333,1.1177657294162149
2023-02-18 00:00:00+00:00,87,84.57142857142857,76.56666666666666,1.1045463026307607
2023-02-19 00:00:00+00:00,85,84.14285714285714,77.6,1.0843151693667157
2023-02-20 00:00:00+00:00,74,82.28571428571429,78.26666666666667,1.051350693599416
2023-02-21 00:00:00+00:00,62,78.57142857142857,78.66666666666667,0.9987893462469732
2023-02-22 00:00:00+00:00,45,73.42857142857143,78.2,0.9389842893679211
2023-02-23 00:00:00+00:00,65,70.85714285714286,78.53333333333333,0.9022556390977444
2023-02-24 00:00:00+00:00,74,70.28571428571429,78.9,0.8908202064095601
2023-02-25 00:00:00+00:00,89,70.57142857142857,79.63333333333334,0.8862046283561561
2023-02-26 00:00:00+00:00,92,71.57142857142857,80.26666666666667,0.8916706217370669
2023-02-27 00:00:00+00:00,93,74.28571428571429,80.73333333333333,0.9201368408635131
2023-02-28 00:00:00+00:00,87,77.85714285714286,81.1,0.9600140919499737
2023-03-01 00:00:00+00:00,80,82.85714285714286,80.93333333333334,1.0237702988938573
2023-03-02 00:00:00+00:00,61,82.28571428571429,80.26666666666667,1.02515424774561
2023-03-03 00:00:00+00:00,73,82.14285714285714,80.03333333333333,1.026358065091926
2023-03-04 00:00:00+00:00,77,80.42857142857143,80.06666666666666,1.0045200428214585
2023-03-05 00:00:00+00:00,87,79.71428571428571,80.26666666666667,0.9931181775035595
2023-03-06 00:00:00+00:00,82,78.14285714285714,80.13333333333334,0.9751604468742571
2023-03-07 00:00:00+00:00,74,76.28571428571429,79.83333333333333,0.9555621831195945
2023-03-08 00:00:00+00:00,67,74.42857142857143,79.23333333333333,0.9393593364985877
2023-03-09 00:00:00+00:00,50,72.85714285714286,77.96666666666667,0.9344652782019178
2023-03-10 00:00:00+00:00,43,68.57142857142857,76.56666666666666,0.8955780832141302
2023-03-11 00:00:00+00:00,58,65.85714285714286,75.73333333333333,0.869592555331992
2023-03-12 00:00:00+00:00,81,65.0,75.9,0.8563899868247694
2023-03-13 00:00:00+00:00,86,65.57142857142857,75.9,0.8639186900056465
2023-03-14 00:00:00+00:00,88,67.57142857142857,75.9,0.8902691511387163
2023-03-15 00:00:00+00:00,88,70.57142857142857,75.93333333333334,0.9293866800451523
2023-03-16 00:00:00+00:00,70,73.42857142857143,75.33333333333333,0.974715549936789
2023-03-17 00:00:00+00:00,92,80.42857142857143,75.7,1.0624646159652764
2023-03-18 00:00:00+00:00,93,85.42857142857143,76.03333333333333,1.1235673576752052
2023-03-19 00:00:00+00:00,93,87.14285714285714,76.53333333333333,1.138626182180189
2023-03-20 00:00:00+00:00,93,88.14285714285714,76.73333333333333,1.148690579620206
2023-03-21 00:00:00+00:00,85,87.71428571428571,76.73333333333333,1.1431053742087625
2023-03-22 00:00:00+00:00,87,87.57142857142857,77.16666666666667,1.1348349274915148
2023-03-23 00:00:00+00:00,90,90.42857142857143,78.1,1.1578562282787637
2023-03-24 00:00:00+00:00,94,90.71428571428571,79.73333333333333,1.1377209746774963
2023-03-25 00:00:00+00:00,94,90.85714285714286,80.7,1.125862984599044
2023-03-26 00:00:00+00:00,85,89.71428571428571,81.06666666666666,1.106672932330827
2023-03-27 00:00:00+00:00,82,88.14285714285714,80.83333333333333,1.0904270986745215
2023-03-28 00:00:00+00:00,83,87.85714285714286,80.53333333333333,1.0909413434247872
2023-03-29 00:00:00+00:00,86,87.71428571428571,80.3,1.0923323252090376
2023-03-30 00:00:00+00:00,93,88.14285714285714,80.5,1.0949423247559893
2023-03-31 00:00:00+00:00,94,88.14285714285714,80.96666666666667,1.0886314179850614
2023-04-01 00:00:00+00:00,98,88.71428571428571,82.2,1.0792492179353492
2023-04-02 00:00:00+00:00,97,90.42857142857143,83.0,1.089500860585198
2023-04-03 00:00:00+00:00,98,92.71428571428571,83.7,1.1076975593104623
2023-04-04 00:00:00+00:00,97,94.71428571428571,84.03333333333333,1.1271037570125233
2023-04-05 00:00:00+00:00,96,96.14285714285714,84.5,1.1377852916314455
2023-04-06 00:00:00+00:00,97,96.71428571428571,85.26666666666667,1.1342566737406454
2023-04-07 00:00:00+00:00,99,97.42857142857143,86.33333333333333,1.1285162713734143
2023-04-08 00:00:00+00:00,100,97.71428571428571,88.0,1.1103896103896103
2023-04-09 00:00:00+00:00,100,98.14285714285714,89.9,1.0916891784522484
2023-04-10 00:00:00+00:00,95,97.71428571428571,91.13333333333334,1.0722123523879192
2023-04-11 00:00:00+00:00,93,97.14285714285714,91.53333333333333,1.0612839454791385
2023-04-12 00:00:00+00:00,90,96.28571428571429,91.66666666666667,1.0503896103896104
2023-04-13 00:00:00+00:00,96,96.14285714285714,91.93333333333334,1.0457888739252046
2023-04-14 00:00:00+00:00,98,96.0,92.26666666666667,1.0404624277456647
2023-04-15 00:00:00+00:00,99,95.85714285714286,93.23333333333333,1.0281423974666735
2023-04-16 00:00:00+00:00,99,95.71428571428571,93.46666666666667,1.02404727939678
2023-04-17 00:00:00+00:00,99,96.28571428571429,93.66666666666667,1.0279613624809354
2023-04-18 00:00:00+00:00,98,97.0,93.83333333333333,1.0337477797513321
2023-04-19 00:00:00+00:00,95,97.71428571428571,93.9,1.0406207211319032
2023-04-20 00:00:00+00:00,82,95.71428571428571,93.8,1.0204081632653061
2023-04-21 00:00:00+00:00,75,92.42857142857143,93.4,0.9895992658305292
2023-04-22 00:00:00+00:00,80,89.71428571428571,93.06666666666666,0.963978714695047
2023-04-23 00:00:00+00:00,79,86.85714285714286,92.56666666666666,0.9383198724214209
2023-04-24 00:00:00+00:00,80,84.14285714285714,92.1,0.9136032263068093
2023-04-25 00:00:00+00:00,79,81.42857142857143,91.9,0.8860562723457174
2023-04-26 00:00:00+00:00,95,81.42857142857143,92.33333333333333,0.8818978855079939
2023-04-27 00:00:00+00:00,97,83.57142857142857,92.8,0.9005541871921182
2023-04-28 00:00:00+00:00,99,87.0,93.23333333333333,0.9331426528423311
2023-04-29 00:00:00+00:00,99,89.71428571428571,93.43333333333334,0.960195708679476
2023-04-30 00:00:00+00:00,98,92.42857142857143,93.56666666666666,0.9878365311211768
2023-05-01 00:00:00+00:00,95,94.57142857142857,93.46666666666667,1.0118198491950274
2023-05-02 00:00:00+00:00,96,97.0,93.43333333333334,1.0381733856582234
2023-05-03 00:00:00+00:00,99,97.57142857142857,93.46666666666667,1.0439168534746281
2023-05-04 00:00:00+00:00,100,98.0,93.56666666666666,1.0473815461346634
2023-05-05 00:00:00+00:00,100,98.14285714285714,93.7,1.0474157645982618
2023-05-06 00:00:00+00:00,100,98.28571428571429,93.8,1.047822113920195
2023-05-07 00:00:00+00:00,99,98.42857142857143,93.8,1.0493451111788
2023-05-08 00:00:00+00:00,98,98.85714285714286,93.73333333333333,1.0546636862426337
2023-05-09 00:00:00+00:00,95,98.71428571428571,93.56666666666666,1.0550155224184437
2023-05-10 00:00:00+00:00,91,97.57142857142857,93.43333333333334,1.0442892818918506
2023-05-11 00:00:00+00:00,79,94.57142857142857,92.96666666666667,1.0172616913384214
2023-05-12 00:00:00+00:00,75,91.0,92.46666666666667,0.9841384282624369
2023-05-13 00:00:00+00:00,88,89.28571428571429,92.2,0.9683916950728231
2023-05-14 00:00:00+00:00,97,89.0,92.16666666666667,0.9656419529837251
2023-05-15 00:00:00+00:00,99,89.14285714285714,92.16666666666667,0.967191940067166
2023-05-16 00:00:00+00:00,98,89.57142857142857,92.13333333333334,0.9721935083729584
2023-05-17 00:00:00+00:00,98,90.57142857142857,92.1,0.9834031332402668
2023-05-18 00:00:00+00:00,99,93.42857142857143,92.13333333333334,1.0140583005995452
2023-05-19 00:00:00+00:00,98,96.71428571428571,92.23333333333333,1.0485827869275646
2023-05-20 00:00:00+00:00,99,98.28571428571429,92.8,1.059113300492611
2023-05-21 00:00:00+00:00,99,98.57142857142857,93.6,1.0531135531135531
2023-05-22 00:00:00+00:00,100,98.71428571428571,94.26666666666667,1.0471812487371186
2023-05-23 00:00:00+00:00,99,98.85714285714286,94.93333333333334,1.0413322632423756
2023-05-24 00:00:00+00:00,95,98.42857142857143,95.43333333333334,1.0313856593982336
2023-05-25 00:00:00+00:00,90,97.14285714285714,95.8,1.0140172979421413
2023-05-26 00:00:00+00:00,92,96.28571428571429,95.7,1.006120316465144
2023-05-27 00:00:00+00:00,95,95.71428571428571,95.63333333333334,1.0008464870786236
2023-05-28 00:00:00+00:00,91,94.57142857142857,95.36666666666666,0.9916612573026414
2023-05-29 00:00:00+00:00,94,93.71428571428571,95.2,0.9843937575030011
2023-05-30 00:00:00+00:00,87,92.0,94.83333333333333,0.9701230228471002
2023-05-31 00:00:00+00:00,93,91.71428571428571,94.76666666666667,0.967790563288277
2023-06-01 00:00:00+00:00,92,92.0,94.63333333333334,0.9721733004579076
2023-06-02 00:00:00+00:00,96,92.57142857142857,94.53333333333333,0.9792464235341527
2023-06-03 00:00:00+00:00,99,93.14285714285714,94.5,0.9856386999244142
2023-06-04 00:00:00+00:00,88,92.71428571428571,94.1,0.985274024593897
2023-06-05 00:00:00+00:00,82,91.0,93.5,0.9732620320855615
2023-06-06 00:00:00+00:00,83,90.42857142857143,92.96666666666667,0.972698868001844
2023-06-07 00:00:00+00:00,88,89.71428571428571,92.63333333333334,0.9684881509278773
2023-06-08 00:00:00+00:00,94,90.0,92.6,0.9719222462203024
2023-06-09 00:00:00+00:00,75,87.0,92.06666666666666,0.9449674149167271
2023-06-10 00:00:00+00:00,62,81.71428571428571,91.5,0.8930523028883683
2023-06-11 00:00:00+00:00,61,77.85714285714286,91.03333333333333,0.8552597164827118
2023-06-12 00:00:00+00:00,92,79.28571428571429,91.16666666666667,0.8696787673021676
2023-06-13 00:00:00+00:00,90,80.28571428571429,90.93333333333334,0.8829074151654797
2023-06-14 00:00:00+00:00,73,78.14285714285714,90.06666666666666,0.867611293221952
2023-06-15 00:00:00+00:00,66,74.14285714285714,89.0,0.8330658105939004
2023-06-16 00:00:00+00:00,78,74.57142857142857,88.33333333333333,0.8442048517520215
2023-06-17 00:00:00+00:00,99,79.85714285714286,88.33333333333333,0.9040431266846363
2023-06-18 00:00:00+00:00,99,85.28571428571429,88.36666666666666,0.9651344506116292
2023-06-19 00:00:00+00:00,97,86.0,88.3,0.9739524348810872
2023-06-20 00:00:00+00:00,96,86.85714285714286,88.2,0.9847748623258827
2023-06-21 00:00:00+00:00,91,89.42857142857143,87.9,1.0173898911100276
2023-06-22 00:00:00+00:00,90,92.85714285714286,87.6,1.0600130463144164
2023-06-23 00:00:00+00:00,92,94.85714285714286,87.5,1.0840816326530613
2023-06-24 00:00:00+00:00,97,94.57142857142857,87.73333333333333,1.0779418150238818
2023-06-25 00:00:00+00:00,100,94.71428571428571,88.0,1.0762987012987013
2023-06-26 00:00:00+00:00,99,95.0,88.13333333333334,1.077912254160363
2023-06-27 00:00:00+00:00,96,95.0,88.3,1.0758776896942244
2023-06-28 00:00:00+00:00,99,96.14285714285714,88.46666666666667,1.086769297017978
2023-06-29 00:00:00+00:00,95,96.85714285714286,88.73333333333333,1.0915530750241493
2023-06-30 00:00:00+00:00,96,97.42857142857143,88.83333333333333,1.0967569016349505
2023-07-01 00:00:00+00:00,88,96.14285714285714,88.7,1.0839104525688517
2023-07-02 00:00:00+00:00,89,94.57142857142857,88.46666666666667,1.069006351598665
2023-07-03 00:00:00+00:00,94,93.85714285714286,88.3,1.0629348001941434
2023-07-04 00:00:00+00:00,88,92.71428571428571,88.3,1.0499919106940625
2023-07-05 00:00:00+00:00,84,90.57142857142857,88.36666666666666,1.024950153580859
2023-07-06 00:00:00+00:00,81,88.57142857142857,88.3,1.0030739362562693
2023-07-07 00:00:00+00:00,86,87.14285714285714,88.23333333333333,0.9876409951967186
2023-07-08 00:00:00+00:00,90,87.42857142857143,88.1,0.9923787903356576
2023-07-09 00:00:00+00:00,88,87.28571428571429,88.53333333333333,0.9859079173838211
2023-07-10 00:00:00+00:00,100,88.14285714285714,89.8,0.9815462933503022
2023-07-11 00:00:00+00:00,99,89.71428571428571,91.06666666666666,0.9851495503032838
2023-07-12 00:00:00+00:00,96,91.42857142857143,91.2,1.0025062656641603
2023-07-13 00:00:00+00:00,98,93.85714285714286,91.46666666666667,1.0261349437734277
2023-07-14 00:00:00+00:00,92,94.71428571428571,92.1,1.0283852954862727
2023-07-15 00:00:00+00:00,90,94.71428571428571,92.9,1.0195294479471013
2023-07-16 00:00:00+00:00,74,92.71428571428571,92.76666666666667,0.9994353472614341
2023-07-17 00:00:00+00:00,80,89.85714285714286,92.13333333333334,0.9752946040934464
2023-07-18 00:00:00+00:00,83,87.57142857142857,91.6,0.956019962570181
2023-07-19 00:00:00+00:00,91,86.85714285714286,91.4,0.9502969678024382
2023-07-20 00:00:00+00:00,90,85.71428571428571,91.2,0.9398496240601503
2023-07-21 00:00:00+00:00,91,85.57142857142857,91.2,0.93828320802005
2023-07-22 00:00:00+00:00,89,85.42857142857143,91.16666666666667,0.9370592844084618
2023-07-23 00:00:00+00:00,75,85.57142857142857,90.6,0.9444970040996531
2023-07-24 00:00:00+00:00,67,83.71428571428571,89.6,0.9343112244897959
2023-07-25 00:00:00+00:00,69,81.71428571428571,88.56666666666666,0.922630248938115
2023-07-26 00:00:00+00:00,75,79.42857142857143,87.76666666666667,0.9049970158971299
2023-07-27 00:00:00+00:00,87,79.0,87.46666666666667,0.9032012195121951
2023-07-28 00:00:00+00:00,78,77.14285714285714,86.76666666666667,0.8890840239284342
2023-07-29 00:00:00+00:00,82,76.14285714285714,86.33333333333333,0.8819635962493105
2023-07-30 00:00:00+00:00,84,77.42857142857143,85.93333333333334,0.9010306993239499
2023-07-31 00:00:00+00:00,84,79.85714285714286,85.8,0.9307359307359309
2023-08-01 00:00:00+00:00,72,80.28571428571429,85.23333333333333,0.9419520643611375
2023-08-02 00:00:00+00:00,58,77.85714285714286,84.03333333333333,0.9265030883436279
2023-08-03 00:00:00+00:00,71,75.57142857142857,83.46666666666667,0.905408489274304
2023-08-04 00:00:00+00:00,81,76.0,83.36666666666666,0.9116353458616554
2023-08-05 00:00:00+00:00,95,77.85714285714286,83.83333333333333,0.9287134336836127
2023-08-06 00:00:00+00:00,89,78.57142857142857,83.93333333333334,0.9361170997390218
2023-08-07 00:00:00+00:00,96,80.28571428571429,84.13333333333334,0.9542676024450985
2023-08-08 00:00:00+00:00,96,83.71428571428571,84.4,0.9918754231550438
2023-08-09 00:00:00+00:00,93,88.71428571428571,84.16666666666667,1.054031117397454
2023-08-10 00:00:00+00:00,87,91.0,83.76666666666667,1.0863509749303621
2023-08-11 00:00:00+00:00,92,92.57142857142857,83.63333333333334,1.1068724022091896
2023-08-12 00:00:00+00:00,92,92.14285714285714,83.43333333333334,1.1043890188916157
2023-08-13 00:00:00+00:00,90,92.28571428571429,83.36666666666666,1.1069857771177245
2023-08-14 00:00:00+00:00,92,91.71428571428571,83.43333333333334,1.0992523257804918
2023-08-15 00:00:00+00:00,92,91.14285714285714,84.03333333333333,1.0846036153453844
2023-08-16 00:00:00+00:00,57,86.0,83.26666666666667,1.032826261008807
2023-08-17 00:00:00+00:00,13,75.42857142857143,80.93333333333334,0.9319839962344081
2023-08-18 00:00:00+00:00,5,63.0,78.06666666666666,0.807002561912895
2023-08-19 00:00:00+00:00,7,50.857142857142854,75.3,0.6753936634414722
2023-08-20 00:00:00+00:00,30,42.285714285714285,73.26666666666667,0.5771480566748992
2023-08-21 00:00:00+00:00,28,33.142857142857146,71.23333333333333,0.46527174276355376
2023-08-22 00:00:00+00:00,25,23.571428571428573,69.56666666666666,0.33883222670956264
2023-08-23 00:00:00+00:00,27,19.285714285714285,68.23333333333333,0.2826435899225347
2023-08-24 00:00:00+00:00,33,22.142857142857142,67.03333333333333,0.33032606379200113
2023-08-25 00:00:00+00:00,45,27.857142857142858,66.03333333333333,0.42186485901781207
2023-08-26 00:00:00+00:00,68,36.57142857142857,65.4,0.5591961555264306
2023-08-27 00:00:00+00:00,55,40.142857142857146,64.63333333333334,0.621085979518161
2023-08-28 00:00:00+00:00,59,44.57142857142857,63.86666666666667,0.6978824932895914
2023-08-29 00:00:00+00:00,53,48.57142857142857,62.833333333333336,0.7730200833649109
2023-08-30 00:00:00+00:00,54,52.42857142857143,61.833333333333336,0.8479014247208317
2023-08-31 00:00:00+00:00,46,54.285714285714285,60.96666666666667,0.8904163086776536
2023-09-01 00:00:00+00:00,45,54.285714285714285,60.53333333333333,0.8967904342353682
2023-09-02 00:00:00+00:00,54,52.285714285714285,59.96666666666667,0.8719129675216389
2023-09-03 00:00:00+00:00,61,53.142857142857146,59.3,0.8961695976873043
2023-09-04 00:00:00+00:00,59,53.142857142857146,58.1,0.914679124661913
2023-09-05 00:00:00+00:00,48,52.42857142857143,56.733333333333334,0.9241228806446198
2023-09-06 00:00:00+00:00,55,52.57142857142857,55.36666666666667,0.9495140620968435
2023-09-07 00:00:00+00:00,52,53.42857142857143,53.9,0.9912536443148688
2023-09-08 00:00:00+00:00,60,55.57142857142857,52.8,1.0524891774891776
2023-09-09 00:00:00+00:00,52,55.285714285714285,51.63333333333333,1.0707368809370101
2023-09-10 00:00:00+00:00,58,54.857142857142854,50.5,1.0862800565770863
2023-09-11 00:00:00+00:00,34,51.285714285714285,48.56666666666667,1.0559858809687224
2023-09-12 00:00:00+00:00,34,49.285714285714285,46.7,1.0553686142551237
2023-09-13 00:00:00+00:00,38,46.857142857142854,44.9,1.0435889277760102
2023-09-14 00:00:00+00:00,67,49.0,44.06666666666667,1.1119515885022693
2023-09-15 00:00:00+00:00,72,50.714285714285715,44.56666666666667,1.1379420878298963
2023-09-16 00:00:00+00:00,72,53.57142857142857,46.53333333333333,1.1512484650020467
2023-09-17 00:00:00+00:00,73,55.714285714285715,48.8,1.1416861826697893
2023-09-18 00:00:00+00:00,71,61.0,50.93333333333333,1.1976439790575917
2023-09-19 00:00:00+00:00,78,67.28571428571429,52.53333333333333,1.280819434372734
2023-09-20 00:00:00+00:00,70,71.85714285714286,53.93333333333333,1.3323326858555538
2023-09-21 00:00:00+00:00,73,72.71428571428571,55.53333333333333,1.3093808952152288
2023-09-22 00:00:00+00:00,65,71.71428571428571,56.8,1.2625754527162978
2023-09-23 00:00:00+00:00,73,71.85714285714286,58.13333333333333,1.2360747051114025
2023-09-24 00:00:00+00:00,63,70.42857142857143,58.733333333333334,1.1991243716555862
2023-09-25 00:00:00+00:00,64,69.42857142857143,58.6,1.1847879083373964
2023-09-26 00:00:00+00:00,59,66.71428571428571,58.733333333333334,1.135884546781255
2023-09-27 00:00:00+00:00,64,65.85714285714286,58.9,1.118117875333495
2023-09-28 00:00:00+00:00,67,65.0,59.36666666666667,1.094890510948905
2023-09-29 00:00:00+00:00,77,66.71428571428571,60.13333333333333,1.109439341146658
2023-09-30 00:00:00+00:00,86,68.57142857142857,61.46666666666667,1.115587232723892
2023-10-01 00:00:00+00:00,86,71.85714285714286,62.833333333333336,1.1436150056839711
2023-10-02 00:00:00+00:00,83,74.57142857142857,63.8,1.1688311688311688
2023-10-03 00:00:00+00:00,84,78.14285714285714,64.56666666666666,1.2102662438232907
2023-10-04 00:00:00+00:00,82,80.71428571428571,65.33333333333333,1.2354227405247813
2023-10-05 00:00:00+00:00,79,82.42857142857143,66.36666666666666,1.24201765085743
2023-10-06 00:00:00+00:00,73,81.85714285714286,66.96666666666667,1.222356538434189
2023-10-07 00:00:00+00:00,78,80.71428571428571,67.83333333333333,1.18989118989119
2023-10-08 00:00:00+00:00,64,77.57142857142857,67.96666666666667,1.1413157710362223
2023-10-09 00:00:00+00:00,52,73.14285714285714,67.96666666666667,1.0761577804245779
2023-10-10 00:00:00+00:00,35,66.14285714285714,67.2,0.9842687074829931
2023-10-11 00:00:00+00:00,30,58.714285714285715,67.06666666666666,0.8754615166145981
2023-10-12 00:00:00+00:00,31,51.857142857142854,66.96666666666667,0.7743724667567374
2023-10-13 00:00:00+00:00,36,46.57142857142857,66.9,0.6961349562246423
2023-10-14 00:00:00+00:00,58,43.714285714285715,66.6,0.6563706563706564
2023-10-15 00:00:00+00:00,63,43.57142857142857,66.3,0.6571859513035984
2023-10-16 00:00:00+00:00,68,45.857142857142854,66.16666666666667,0.6930550557754587
2023-10-17 00:00:00+00:00,75,51.57142857142857,66.23333333333333,0.7786325400819613
2023-10-18 00:00:00+00:00,79,58.57142857142857,66.5,0.8807733619763695
2023-10-19 00:00:00+00:00,78,65.28571428571429,66.5,0.9817400644468315
2023-10-20 00:00:00+00:00,76,71.0,66.7,1.0644677661169415
2023-10-21 00:00:00+00:00,76,73.57142857142857,66.8,1.1013686911890506
2023-10-22 00:00:00+00:00,62,73.42857142857143,66.7,1.1008781323623902
2023-10-23 00:00:00+00:00,57,71.85714285714286,66.16666666666667,1.086002159050018
2023-10-24 00:00:00+00:00,58,69.42857142857143,66.0,1.051948051948052
2023-10-25 00:00:00+00:00,63,67.14285714285714,65.96666666666667,1.0178300729083951
2023-10-26 00:00:00+00:00,63,65.0,66.1,0.9833585476550681
2023-10-27 00:00:00+00:00,54,61.857142857142854,65.76666666666667,0.9405546303670986
2023-10-28 00:00:00+00:00,59,59.42857142857143,65.5,0.9073064340239914
2023-10-29 00:00:00+00:00,68,60.285714285714285,65.2,0.9246275197195442
2023-10-30 00:00:00+00:00,90,65.0,65.33333333333333,0.9948979591836735
2023-10-31 00:00:00+00:00,94,70.14285714285714,65.6,1.0692508710801394
2023-11-01 00:00:00+00:00,96,74.85714285714286,66.03333333333333,1.133626595514531
2023-11-02 00:00:00+00:00,87,78.28571428571429,66.13333333333334,1.1837557603686635
2023-11-03 00:00:00+00:00,82,82.28571428571429,66.13333333333334,1.2442396313364055
2023-11-04 00:00:00+00:00,76,84.71428571428571,66.03333333333333,1.2829018533208336
2023-11-05 00:00:00+00:00,75,85.71428571428571,66.1,1.2967365463583316
2023-11-06 00:00:00+00:00,63,81.85714285714286,65.6,1.2478222996515682
2023-11-07 00:00:00+00:00,74,79.0,65.93333333333334,1.198179979777553
2023-11-08 00:00:00+00:00,63,74.28571428571429,66.3,1.120448179271709
2023-11-09 00:00:00+00:00,81,73.42857142857143,67.83333333333333,1.0824850824850827
2023-11-10 00:00:00+00:00,68,71.42857142857143,69.1,1.0336985734959687
2023-11-11 00:00:00+00:00,77,71.57142857142857,70.63333333333334,1.0132811973302769
2023-11-12 00:00:00+00:00,63,69.85714285714286,71.53333333333333,0.9765677007056318
2023-11-13 00:00:00+00:00,56,68.85714285714286,71.46666666666667,0.9634861407249468
2023-11-14 00:00:00+00:00,70,68.28571428571429,71.7,0.9523809523809524
2023-11-15 00:00:00+00:00,65,68.57142857142857,71.6,0.9577015163607343
2023-11-16 00:00:00+00:00,76,67.85714285714286,71.63333333333334,0.9472844512397792
2023-11-17 00:00:00+00:00,76,69.0,71.53333333333333,0.9645852749301025
2023-11-18 00:00:00+00:00,90,70.85714285714286,71.93333333333334,0.985039057328214
2023-11-19 00:00:00+00:00,97,75.71428571428571,72.63333333333334,1.042417885006228
2023-11-20 00:00:00+00:00,80,79.14285714285714,72.76666666666667,1.0876251554217655
2023-11-21 00:00:00+00:00,85,81.28571428571429,73.53333333333333,1.1054267581919441
2023-11-22 00:00:00+00:00,94,85.42857142857143,74.76666666666667,1.1426023820138844
2023-11-23 00:00:00+00:00,98,88.57142857142857,76.1,1.1638821100056318
2023-11-24 00:00:00+00:00,92,90.85714285714286,77.06666666666666,1.1789421651013348
2023-11-25 00:00:00+00:00,86,90.28571428571429,77.83333333333333,1.1599877638421536
2023-11-26 00:00:00+00:00,84,88.42857142857143,78.83333333333333,1.1217154938085172
2023-11-27 00:00:00+00:00,84,89.0,79.66666666666667,1.117154811715481
2023-11-28 00:00:00+00:00,86,89.14285714285714,80.26666666666667,1.1105837683910773
2023-11-29 00:00:00+00:00,89,88.42857142857143,80.23333333333333,1.1021425603893407
2023-11-30 00:00:00+00:00,93,87.71428571428571,80.2,1.0936943355895974
2023-12-01 00:00:00+00:00,92,87.71428571428571,80.06666666666666,1.0955156417271321
2023-12-02 00:00:00+00:00,88,88.0,80.1,1.0986267166042447
2023-12-03 00:00:00+00:00,81,87.57142857142857,80.06666666666666,1.0937314142976091
2023-12-04 00:00:00+00:00,83,87.42857142857143,80.3,1.088774239459171
2023-12-05 00:00:00+00:00,84,87.14285714285714,80.6,1.0811768876285006
2023-12-06 00:00:00+00:00,78,85.57142857142857,81.1,1.0551347542716223
2023-12-07 00:00:00+00:00,88,84.85714285714286,81.56666666666666,1.0403409422616616
2023-12-08 00:00:00+00:00,73,82.14285714285714,81.9,1.0029652886795744
2023-12-09 00:00:00+00:00,63,78.57142857142857,81.3,0.9664382358109296
2023-12-10 00:00:00+00:00,33,71.71428571428571,80.13333333333334,0.8949370097456618
2023-12-11 00:00:00+00:00,27,63.714285714285715,78.46666666666667,0.8119917465711858
2023-12-12 00:00:00+00:00,24,55.142857142857146,77.16666666666667,0.7145942610305461
2023-12-13 00:00:00+00:00,48,50.857142857142854,76.9,0.6613412595207133
2023-12-14 00:00:00+00:00,60,46.857142857142854,76.56666666666666,0.611978356862989
2023-12-15 00:00:00+00:00,81,48.0,77.1,0.622568093385214
2023-12-16 00:00:00+00:00,78,50.142857142857146,77.16666666666667,0.6497994446158593
2023-12-17 00:00:00+00:00,43,51.57142857142857,76.06666666666666,0.6779767121572555
2023-12-18 00:00:00+00:00,27,51.57142857142857,73.96666666666667,0.6972252623446855
2023-12-19 00:00:00+00:00,35,53.142857142857146,71.9,0.73912179614544
2023-12-20 00:00:00+00:00,78,57.42857142857143,71.83333333333333,0.7994696718594632
2023-12-21 00:00:00+00:00,92,62.0,72.06666666666666,0.8603145235892692
2023-12-22 00:00:00+00:00,98,64.42857142857143,72.2,0.8923624851602691
2023-12-23 00:00:00+00:00,95,66.85714285714286,72.1,0.9272835347731326
2023-12-24 00:00:00+00:00,96,74.42857142857143,72.23333333333333,1.0303909288680861
2023-12-25 00:00:00+00:00,82,82.28571428571429,72.1,1.1412720427977017
2023-12-26 00:00:00+00:00,91,90.28571428571429,72.33333333333333,1.2481895984200133
2023-12-27 00:00:00+00:00,83,91.0,72.3,1.2586445366528354
2023-12-28 00:00:00+00:00,86,90.14285714285714,72.3,1.2467891721003754
2023-12-29 00:00:00+00:00,63,85.14285714285714,71.43333333333334,1.1919205386307579
2023-12-30 00:00:00+00:00,69,81.42857142857143,70.63333333333334,1.1528348951661835
2023-12-31 00:00:00+00:00,70,77.71428571428571,69.9,1.1117923564275494
2024-01-01 00:00:00+00:00,84,78.0,69.76666666666667,1.1180124223602486
2024-01-02 00:00:00+00:00,79,76.28571428571429,69.7,1.094486575117852
2024-01-03 00:00:00+00:00,65,73.71428571428571,69.1,1.0667769278478396
2024-01-04 00:00:00+00:00,50,68.57142857142857,67.96666666666667,1.0088979191480416
2024-01-05 00:00:00+00:00,50,66.71428571428571,67.03333333333333,0.9952404631668679
2024-01-06 00:00:00+00:00,55,64.71428571428571,65.93333333333334,0.9815109056767296
2024-01-07 00:00:00+00:00,61,63.42857142857143,65.53333333333333,0.9678825752070921
2024-01-08 00:00:00+00:00,57,59.57142857142857,65.33333333333333,0.9118075801749271
2024-01-09 00:00:00+00:00,83,60.142857142857146,67.0,0.8976545842217485
2024-01-10 00:00:00+00:00,88,63.42857142857143,69.03333333333333,0.9188107884389874
2024-01-11 00:00:00+00:00,77,67.28571428571429,70.8,0.9503631961259081
2024-01-12 00:00:00+00:00,49,67.14285714285714,70.83333333333333,0.9478991596638655
2024-01-13 00:00:00+00:00,25,62.857142857142854,69.66666666666667,0.9022556390977443
2024-01-14 00:00:00+00:00,33,58.857142857142854,68.06666666666666,0.864698474884567
2024-01-15 00:00:00+00:00,52,58.142857142857146,67.2,0.8652210884353742
2024-01-16 00:00:00+00:00,81,57.857142857142854,68.46666666666667,0.8450410349144526
2024-01-17 00:00:00+00:00,60,53.857142857142854,69.56666666666666,0.7741802998151824
2024-01-18 00:00:00+00:00,33,47.57142857142857,69.5,0.6844809866392599
2024-01-19 00:00:00+00:00,23,43.857142857142854,67.66666666666667,0.6481351161154116
2024-01-20 00:00:00+00:00,47,47.0,66.16666666666667,0.7103274559193954
2024-01-21 00:00:00+00:00,40,48.0,64.23333333333333,0.7472755578619615
2024-01-22 00:00:00+00:00,11,42.142857142857146,61.43333333333333,0.6859933338500892
2024-01-23 00:00:00+00:00,4,31.142857142857142,58.36666666666667,0.5335726523619156
2024-01-24 00:00:00+00:00,4,23.142857142857142,55.766666666666666,0.41499444966271026
2024-01-25 00:00:00+00:00,8,19.571428571428573,53.0,0.36927223719676555
2024-01-26 00:00:00+00:00,18,18.857142857142858,50.833333333333336,0.37096018735362996
2024-01-27 00:00:00+00:00,37,17.428571428571427,49.2,0.35423925667828104
2024-01-28 00:00:00+00:00,56,19.714285714285715,48.96666666666667,0.4026062433142079
2024-01-29 00:00:00+00:00,50,25.285714285714285,48.333333333333336,0.5231527093596059
2024-01-30 00:00:00+00:00,69,34.57142857142857,48.3,0.7157645666962437
2024-01-31 00:00:00+00:00,83,45.857142857142854,48.266666666666666,0.9500789265982635
2024-02-01 00:00:00+00:00,99,58.857142857142854,48.93333333333333,1.2028026469443363
2024-02-02 00:00:00+00:00,98,70.28571428571429,50.03333333333333,1.4047777672028174
2024-02-03 00:00:00+00:00,84,77.0,51.166666666666664,1.504885993485342
2024-02-04 00:00:00+00:00,78,80.14285714285714,52.1,1.5382506169454344
2024-02-05 00:00:00+00:00,75,83.71428571428571,52.766666666666666,1.5864994134103418
2024-02-06 00:00:00+00:00,99,88.0,54.03333333333333,1.6286243059839607
2024-02-07 00:00:00+00:00,99,90.28571428571429,55.43333333333333,1.6287260544626752
2024-02-08 00:00:00+00:00,99,90.28571428571429,55.96666666666667,1.613205139113418
2024-02-09 00:00:00+00:00,96,90.0,56.233333333333334,1.6004742145820983
2024-02-10 00:00:00+00:00,78,89.14285714285714,56.266666666666666,1.5842924847664184
2024-02-11 00:00:00+00:00,77,89.0,57.2,1.5559440559440558
2024-02-12 00:00:00+00:00,64,87.42857142857143,58.5,1.4945054945054945
2024-02-13 00:00:00+00:00,55,81.14285714285714,59.233333333333334,1.3698850389902724
2024-02-14 00:00:00+00:00,41,72.85714285714286,58.86666666666667,1.2376638084452354
2024-02-15 00:00:00+00:00,36,63.857142857142854,57.36666666666667,1.113140200879887
2024-02-16 00:00:00+00:00,43,56.285714285714285,56.8,0.9909456740442656
2024-02-17 00:00:00+00:00,38,50.57142857142857,56.96666666666667,0.8877371896681434
2024-02-18 00:00:00+00:00,54,47.285714285714285,58.0,0.8152709359605911
2024-02-19 00:00:00+00:00,96,51.857142857142854,59.63333333333333,0.8695999361175437
2024-02-20 00:00:00+00:00,50,51.142857142857146,59.96666666666667,0.8528547605812753
2024-02-21 00:00:00+00:00,68,55.0,61.86666666666667,0.8890086206896551
2024-02-22 00:00:00+00:00,47,56.57142857142857,63.3,0.8937034529451591
2024-02-23 00:00:00+00:00,68,60.142857142857146,65.43333333333334,0.9191470780874754
2024-02-24 00:00:00+00:00,68,64.42857142857143,67.43333333333334,0.9554409999293835
2024-02-25 00:00:00+00:00,87,69.14285714285714,69.73333333333333,0.9915323682054082
2024-02-26 00:00:00+00:00,81,67.0,71.2,0.9410112359550561
2024-02-27 00:00:00+00:00,54,67.57142857142857,71.13333333333334,0.9499263622974962
2024-02-28 00:00:00+00:00,37,63.142857142857146,70.7,0.8931097191351788
2024-02-29 00:00:00+00:00,50,63.57142857142857,70.06666666666666,0.9072991708576866
2024-03-01 00:00:00+00:00,75,64.57142857142857,69.8,0.9250920998772002
2024-03-02 00:00:00+00:00,78,66.0,69.1,0.955137481910275
2024-03-03 00:00:00+00:00,66,63.0,68.03333333333333,0.926016658500735
2024-03-04 00:00:00+00:00,37,56.714285714285715,66.46666666666667,0.8532741080384009
2024-03-05 00:00:00+00:00,30,53.285714285714285,64.86666666666666,0.8214652767581854
2024-03-06 00:00:00+00:00,34,52.857142857142854,63.5,0.8323959505061866
2024-03-07 00:00:00+00:00,67,55.285714285714285,62.43333333333333,0.8855159789489742
2024-03-08 00:00:00+00:00,96,58.285714285714285,62.333333333333336,0.935064935064935
2024-03-09 00:00:00+00:00,93,60.42857142857143,62.13333333333333,0.9725628448804415
2024-03-10 00:00:00+00:00,87,63.42857142857143,61.833333333333336,1.0257989988448208
2024-03-11 00:00:00+00:00,76,69.0,61.766666666666666,1.117107393416082
2024-03-12 00:00:00+00:00,70,74.71428571428571,61.53333333333333,1.214208326884383
2024-03-13 00:00:00+00:00,57,78.0,61.3,1.272430668841762
2024-03-14 00:00:00+00:00,23,71.71428571428571,60.233333333333334,1.190607953197881
2024-03-15 00:00:00+00:00,13,59.857142857142854,59.3,1.009395326427367
2024-03-16 00:00:00+00:00,5,47.285714285714285,58.266666666666666,0.8115397188623733
2024-03-17 00:00:00+00:00,12,36.57142857142857,57.233333333333334,0.6389882685747565
2024-03-18 00:00:00+00:00,5,26.428571428571427,56.13333333333333,0.4708177807940278
2024-03-19 00:00:00+00:00,8,17.571428571428573,54.6,0.3218210361067504
2024-03-20 00:00:00+00:00,7,10.428571428571429,51.63333333333333,0.2019736235359218
2024-03-21 00:00:00+00:00,30,11.428571428571429,50.96666666666667,0.22423619545921702
2024-03-22 00:00:00+00:00,59,18.0,50.666666666666664,0.35526315789473684
2024-03-23 00:00:00+00:00,55,25.142857142857142,50.93333333333333,0.493642483171279
2024-03-24 00:00:00+00:00,61,32.142857142857146,50.7,0.6339814032121724
2024-03-25 00:00:00+00:00,65,40.714285714285715,50.6,0.8046301524562394
2024-03-26 00:00:00+00:00,75,50.285714285714285,50.2,1.0017074558907229
2024-03-27 00:00:00+00:00,77,60.285714285714285,50.06666666666667,1.2041088073045463
2024-03-28 00:00:00+00:00,84,68.0,51.06666666666667,1.3315926892950392
2024-03-29 00:00:00+00:00,97,73.42857142857143,53.06666666666667,1.3837042354630293
2024-03-30 00:00:00+00:00,96,79.28571428571429,54.6,1.4521193092621665
2024-03-31 00:00:00+00:00,71,80.71428571428571,54.46666666666667,1.4819024304948416
2024-04-01 00:00:00+00:00,16,73.71428571428571,52.4,1.406761177753544
2024-04-02 00:00:00+00:00,9,64.28571428571429,50.5,1.2729844413012732
2024-04-03 00:00:00+00:00,7,54.285714285714285,49.5,1.0966810966810967
2024-04-04 00:00:00+00:00,21,45.285714285714285,49.2,0.9204413472706154
2024-04-05 00:00:00+00:00,24,34.857142857142854,48.86666666666667,0.7133112453712726
2024-04-06 00:00:00+00:00,42,27.142857142857142,48.03333333333333,0.5650837711906415
2024-04-07 00:00:00+00:00,50,24.142857142857142,46.5,0.5192012288786482
2024-04-08 00:00:00+00:00,36,27.0,44.6,0.6053811659192825
2024-04-09 00:00:00+00:00,38,31.142857142857142,42.96666666666667,0.7248143632938047
2024-04-10 00:00:00+00:00,48,37.0,42.03333333333333,0.8802537668517051
2024-04-11 00:00:00+00:00,73,44.42857142857143,42.13333333333333,1.054475587703436
2024-04-12 00:00:00+00:00,18,43.57142857142857,40.833333333333336,1.0670553935860057
2024-04-13 00:00:00+00:00,3,38.0,40.166666666666664,0.9460580912863071
2024-04-14 00:00:00+00:00,3,31.285714285714285,39.833333333333336,0.7854154213986849
2024-04-15 00:00:00+00:00,7,27.142857142857142,39.9,0.6802721088435374
2024-04-16 00:00:00+00:00,13,23.571428571428573,39.93333333333333,0.5902694967803482
2024-04-17 00:00:00+00:00,13,18.571428571428573,40.2,0.4619758351101635
2024-04-18 00:00:00+00:00,15,10.285714285714286,40.43333333333333,0.25438699799788017
2024-04-19 00:00:00+00:00,56,15.714285714285714,42.06666666666667,0.37355671270092816
2024-04-20 00:00:00+00:00,83,27.142857142857142,43.833333333333336,0.619228680065182
2024-04-21 00:00:00+00:00,96,40.42857142857143,45.06666666666667,0.897083685545224
2024-04-22 00:00:00+00:00,83,51.285714285714285,46.0,1.1149068322981366
2024-04-23 00:00:00+00:00,93,62.714285714285715,47.06666666666667,1.3324564953460136
2024-04-24 00:00:00+00:00,92,74.0,47.96666666666667,1.5427380125086865
2024-04-25 00:00:00+00:00,92,85.0,48.53333333333333,1.7513736263736264
2024-04-26 00:00:00+00:00,54,84.71428571428571,47.766666666666666,1.7735021433555975
2024-04-27 00:00:00+00:00,42,78.85714285714286,46.36666666666667,1.7007291773646915
2024-04-28 00:00:00+00:00,19,67.85714285714286,43.766666666666666,1.5504297682515507
2024-04-29 00:00:00+00:00,16,58.285714285714285,41.1,1.4181438998957245
2024-04-30 00:00:00+00:00,4,45.57142857142857,38.86666666666667,1.1725067385444743
2024-05-01 00:00:00+00:00,4,33.0,38.46666666666667,0.8578856152512998
2024-05-02 00:00:00+00:00,4,20.428571428571427,38.3,0.5333830660201417
2024-05-03 00:00:00+00:00,21,15.714285714285714,38.766666666666666,0.40535560741923593
2024-05-04 00:00:00+00:00,40,15.428571428571429,39.4,0.39158810732414795
2024-05-05 00:00:00+00:00,67,22.285714285714285,40.833333333333336,0.5457725947521865
2024-05-06 00:00:00+00:00,85,32.142857142857146,42.266666666666666,0.760477692654349
2024-05-07 00:00:00+00:00,86,43.857142857142854,43.46666666666667,1.0089833479404031
2024-05-08 00:00:00+00:00,87,55.714285714285715,45.166666666666664,1.2335266209804956
2024-05-09 00:00:00+00:00,61,63.857142857142854,45.93333333333333,1.3902135600248808
2024-05-10 00:00:00+00:00,58,69.14285714285714,46.266666666666666,1.4944421572663646
2024-05-11 00:00:00+00:00,47,70.14285714285714,45.4,1.5449968533668974
2024-05-12 00:00:00+00:00,62,69.42857142857143,46.86666666666667,1.4814062182483236
2024-05-13 00:00:00+00:00,62,66.14285714285714,48.833333333333336,1.3544612384202825
2024-05-14 00:00:00+00:00,62,62.714285714285715,50.8,1.2345331833520812
2024-05-15 00:00:00+00:00,65,59.57142857142857,52.733333333333334,1.1296731081813256
2024-05-16 00:00:00+00:00,73,61.285714285714285,54.733333333333334,1.119714633721942
2024-05-17 00:00:00+00:00,92,66.14285714285714,57.36666666666667,1.1529841454303975
2024-05-18 00:00:00+00:00,91,72.42857142857143,59.9,1.2091581206773194
2024-05-19 00:00:00+00:00,85,75.71428571428571,60.86666666666667,1.2439367861054607
2024-05-20 00:00:00+00:00,86,79.14285714285714,60.96666666666667,1.2981332500195266
2024-05-21 00:00:00+00:00,99,84.42857142857143,61.06666666666667,1.3825639426076106
2024-05-22 00:00:00+00:00,100,89.42857142857143,61.63333333333333,1.4509773622807696
2024-05-23 00:00:00+00:00,99,93.14285714285714,61.833333333333336,1.5063534847901423
2024-05-24 00:00:00+00:00,98,94.0,62.03333333333333,1.5153143471252015
2024-05-25 00:00:00+00:00,98,95.0,62.233333333333334,1.5265131226566684
2024-05-26 00:00:00+00:00,97,96.71428571428571,63.666666666666664,1.519072550486163
2024-05-27 00:00:00+00:00,93,97.71428571428571,65.36666666666666,1.4948641363735704
2024-05-28 00:00:00+00:00,89,96.28571428571429,67.7,1.4222409791095167
2024-05-29 00:00:00+00:00,85,94.14285714285714,70.0,1.3448979591836734
2024-05-30 00:00:00+00:00,95,93.57142857142857,73.03333333333333,1.2812153615439785
2024-05-31 00:00:00+00:00,95,93.14285714285714,76.06666666666666,1.2244897959183674
2024-06-01 00:00:00+00:00,87,91.57142857142857,78.83333333333333,1.1615826034430685
2024-06-02 00:00:00+00:00,85,89.85714285714286,80.96666666666667,1.1098041522084339
2024-06-03 00:00:00+00:00,87,89.0,82.53333333333333,1.0783521809369951
2024-06-04 00:00:00+00:00,97,90.14285714285714,83.53333333333333,1.0791243871850416
2024-06-05 00:00:00+00:00,96,91.71428571428571,83.9,1.093138089562404
2024-06-06 00:00:00+00:00,84,90.14285714285714,83.83333333333333,1.0752627094575404
2024-06-07 00:00:00+00:00,64,85.71428571428571,83.06666666666666,1.031873423526714
2024-06-08 00:00:00+00:00,45,79.71428571428571,82.53333333333333,0.9658435264251096
2024-06-09 00:00:00+00:00,84,79.57142857142857,83.4,0.9540938677629324
2024-06-10 00:00:00+00:00,29,71.28571428571429,82.8,0.8609385783298827
2024-06-11 00:00:00+00:00,27,61.285714285714285,81.63333333333334,0.7507437438021349
2024-06-12 00:00:00+00:00,15,49.714285714285715,80.06666666666666,0.6209111454740098
2024-06-13 00:00:00+00:00,27,41.57142857142857,78.9,0.5268875611080933
2024-06-14 00:00:00+00:00,27,36.285714285714285,77.63333333333334,0.4673986382874317
2024-06-15 00:00:00+00:00,61,38.57142857142857,77.23333333333333,0.49941426721746096
2024-06-16 00:00:00+00:00,43,32.714285714285715,75.6,0.43272864701436137
2024-06-17 00:00:00+00:00,8,29.714285714285715,72.83333333333333,0.4079764628963714
2024-06-18 00:00:00+00:00,5,26.571428571428573,70.16666666666667,0.37869019341703425
2024-06-19 00:00:00+00:00,10,25.857142857142858,67.63333333333334,0.3823135957192142
2024-06-20 00:00:00+00:00,17,24.428571428571427,64.9,0.3764032577591899
2024-06-21 00:00:00+00:00,16,22.857142857142858,62.1,0.36806993328732457
2024-06-22 00:00:00+00:00,7,15.142857142857142,59.03333333333333,0.256513672662741
2024-06-23 00:00:00+00:00,2,9.285714285714286,55.833333333333336,0.16631130063965885
2024-06-24 00:00:00+00:00,1,8.285714285714286,52.6,0.1575230852797393
2024-06-25 00:00:00+00:00,2,7.857142857142857,49.43333333333333,0.15894422502649072
2024-06-26 00:00:00+00:00,17,8.857142857142858,46.9,0.1888516600670119
2024-06-27 00:00:00+00:00,28,10.428571428571429,44.86666666666667,0.2324347272341329
2024-06-28 00:00:00+00:00,16,10.428571428571429,42.56666666666667,0.24499384718648617
2024-06-29 00:00:00+00:00,12,11.142857142857142,39.8,0.2799712849964106
2024-06-30 00:00:00+00:00,22,14.0,37.36666666666667,0.37466547725245314
2024-07-01 00:00:00+00:00,51,21.142857142857142,36.166666666666664,0.5845951283739302
2024-07-02 00:00:00+00:00,36,26.0,34.53333333333333,0.752895752895753
2024-07-03 00:00:00+00:00,4,24.142857142857142,31.766666666666666,0.7600059961025334
2024-07-04 00:00:00+00:00,1,20.285714285714285,28.566666666666666,0.7101183530588431
2024-07-05 00:00:00+00:00,1,18.142857142857142,25.4,0.7142857142857143
2024-07-06 00:00:00+00:00,2,16.714285714285715,22.666666666666668,0.7373949579831933
2024-07-07 00:00:00+00:00,7,14.571428571428571,20.766666666666666,0.7016739279981655
2024-07-08 00:00:00+00:00,7,8.285714285714286,19.5,0.42490842490842495
2024-07-09 00:00:00+00:00,9,4.428571428571429,17.0,0.2605042016806723
2024-07-10 00:00:00+00:00,19,6.571428571428571,16.666666666666668,0.39428571428571424
2024-07-11 00:00:00+00:00,24,9.857142857142858,16.566666666666666,0.5949985628054039
2024-07-12 00:00:00+00:00,27,13.571428571428571,16.966666666666665,0.7998877350547292
2024-07-13 00:00:00+00:00,45,19.714285714285715,17.566666666666666,1.122255353754405
2024-07-14 00:00:00+00:00,43,24.857142857142858,18.1,1.3733228097868981
2024-07-15 00:00:00+00:00,26,27.571428571428573,16.933333333333334,1.628233970753656
2024-07-16 00:00:00+00:00,28,30.285714285714285,16.433333333333334,1.8429440741813967
2024-07-17 00:00:00+00:00,61,36.285714285714285,18.2,1.9937205651491365
2024-07-18 00:00:00+00:00,75,43.57142857142857,20.533333333333335,2.1219851576994433
2024-07-19 00:00:00+00:00,98,53.714285714285715,23.466666666666665,2.2889610389610393
2024-07-20 00:00:00+00:00,98,61.285714285714285,26.166666666666668,2.3421292083712464
2024-07-21 00:00:00+00:00,99,69.28571428571429,28.933333333333334,2.3946675444371297
2024-07-22 00:00:00+00:00,78,76.71428571428571,31.3,2.4509356458238245
2024-07-23 00:00:00+00:00,84,84.71428571428571,34.03333333333333,2.4891562893521755
2024-07-24 00:00:00+00:00,73,86.42857142857143,36.43333333333333,2.3722389230165994
2024-07-25 00:00:00+00:00,67,85.28571428571429,38.6,2.2094744633604737
2024-07-26 00:00:00+00:00,61,80.0,40.06666666666667,1.9966722129783692
2024-07-27 00:00:00+00:00,93,79.28571428571429,42.233333333333334,1.877325515841696
2024-07-28 00:00:00+00:00,98,79.14285714285714,44.96666666666667,1.7600338875357406
2024-07-29 00:00:00+00:00,96,81.71428571428571,47.766666666666666,1.7106968397966305
2024-07-30 00:00:00+00:00,94,83.14285714285714,50.166666666666664,1.6573327005220693
2024-07-31 00:00:00+00:00,84,84.71428571428571,51.266666666666666,1.6524242987181867
2024-08-01 00:00:00+00:00,48,82.0,51.666666666666664,1.5870967741935484
2024-08-02 00:00:00+00:00,22,76.42857142857143,52.266666666666666,1.462281341107872
2024-08-03 00:00:00+00:00,9,64.42857142857143,52.53333333333333,1.2264321972443801
2024-08-04 00:00:00+00:00,1,50.57142857142857,52.53333333333333,0.9626540971718637
2024-08-05 00:00:00+00:00,1,37.0,52.5,0.7047619047619048
2024-08-06 00:00:00+00:00,2,23.857142857142858,52.333333333333336,0.45586897179253866
2024-08-07 00:00:00+00:00,10,13.285714285714286,52.43333333333333,0.25338298065570797
2024-08-08 00:00:00+00:00,33,11.142857142857142,53.233333333333334,0.20932104839431076
2024-08-09 00:00:00+00:00,51,15.285714285714286,54.3,0.28150486714022627
2024-08-10 00:00:00+00:00,83,25.857142857142858,56.266666666666666,0.4595463777928233
2024-08-11 00:00:00+00:00,59,34.142857142857146,57.333333333333336,0.595514950166113
2024-08-12 00:00:00+00:00,66,43.42857142857143,58.03333333333333,0.7483383933699844
2024-08-13 00:00:00+00:00,44,49.42857142857143,58.06666666666667,0.851238313924881
2024-08-14 00:00:00+00:00,28,52.0,58.13333333333333,0.8944954128440367
2024-08-15 00:00:00+00:00,21,50.285714285714285,57.9,0.8684924747100913
2024-08-16 00:00:00+00:00,22,46.142857142857146,56.6,0.8152448258455326
2024-08-17 00:00:00+00:00,75,45.0,56.6,0.7950530035335689
2024-08-18 00:00:00+00:00,94,50.0,56.46666666666667,0.8854781582054309
2024-08-19 00:00:00+00:00,96,54.285714285714285,56.4,0.9625126646403243
2024-08-20 00:00:00+00:00,81,59.57142857142857,55.8,1.0675883256528418
2024-08-21 00:00:00+00:00,76,66.42857142857143,55.733333333333334,1.1919002050580998
2024-08-22 00:00:00+00:00,85,75.57142857142857,55.766666666666666,1.3551361967381095
2024-08-23 00:00:00+00:00,95,86.0,56.5,1.5221238938053097
2024-08-24 00:00:00+00:00,99,89.42857142857143,57.56666666666667,1.553478368764993
2024-08-25 00:00:00+00:00,93,89.28571428571429,58.63333333333333,1.522780800779664
2024-08-26 00:00:00+00:00,63,84.57142857142857,57.63333333333333,1.4674047756754522
2024-08-27 00:00:00+00:00,23,76.28571428571429,55.13333333333333,1.3836586629815169
2024-08-28 00:00:00+00:00,10,66.85714285714286,52.266666666666666,1.2791545189504374
2024-08-29 00:00:00+00:00,19,57.42857142857143,49.766666666666666,1.1539565591809398
2024-08-30 00:00:00+00:00,45,50.285714285714285,48.46666666666667,1.0375319316172136
2024-08-31 00:00:00+00:00,51,43.42857142857143,48.56666666666667,0.8942053142464947
2024-09-01 00:00:00+00:00,9,31.428571428571427,48.13333333333333,0.6529481598733676
2024-09-02 00:00:00+00:00,8,23.571428571428573,48.1,0.49005049005049006
2024-09-03 00:00:00+00:00,9,21.571428571428573,48.36666666666667,0.4459978340061042
2024-09-04 00:00:00+00:00,6,21.0,48.53333333333333,0.4326923076923077
2024-09-05 00:00:00+00:00,2,18.571428571428573,48.53333333333333,0.38265306122448983
2024-09-06 00:00:00+00:00,1,12.285714285714286,48.233333333333334,0.25471418698785664
2024-09-07 00:00:00+00:00,2,5.285714285714286,47.2,0.11198547215496367
2024-09-08 00:00:00+00:00,11,5.571428571428571,45.86666666666667,0.12147009966777408
2024-09-09 00:00:00+00:00,24,7.857142857142857,43.9,0.17897819720143182
2024-09-10 00:00:00+00:00,22,9.714285714285714,42.666666666666664,0.22767857142857142
2024-09-11 00:00:00+00:00,33,13.571428571428571,41.56666666666667,0.3264978806277924
2024-09-12 00:00:00+00:00,28,17.285714285714285,41.03333333333333,0.4212602994081467
2024-09-13 00:00:00+00:00,42,23.142857142857142,41.5,0.5576592082616179
2024-09-14 00:00:00+00:00,37,28.142857142857142,42.03333333333333,0.6695366489180923
2024-09-15 00:00:00+00:00,27,30.428571428571427,42.2,0.7210561949898442
2024-09-16 00:00:00+00:00,32,31.571428571428573,40.766666666666666,0.7744422380563019
2024-09-17 00:00:00+00:00,35,33.42857142857143,38.8,0.8615611192930782
2024-09-18 00:00:00+00:00,58,37.0,37.53333333333333,0.985790408525755
2024-09-19 00:00:00+00:00,70,43.0,37.166666666666664,1.15695067264574
2024-09-20 00:00:00+00:00,79,48.285714285714285,37.266666666666666,1.2956810631229236
2024-09-21 00:00:00+00:00,85,55.142857142857146,37.266666666666666,1.4796831075900845
2024-09-22 00:00:00+00:00,78,62.42857142857143,36.7,1.701050992604126
2024-09-23 00:00:00+00:00,73,68.28571428571429,35.833333333333336,1.9056478405315616
2024-09-24 00:00:00+00:00,56,71.28571428571429,34.6,2.0602807597027253
2024-09-25 00:00:00+00:00,39,68.57142857142857,33.8,2.028740490278952
2024-09-26 00:00:00+00:00,39,64.14285714285714,34.333333333333336,1.8682385575589457
2024-09-27 00:00:00+00:00,54,60.57142857142857,35.8,1.6919393455706306
2024-09-28 00:00:00+00:00,79,59.714285714285715,37.8,1.579743008314437
2024-09-29 00:00:00+00:00,73,59.0,38.733333333333334,1.5232358003442341
2024-09-30 00:00:00+00:00,24,52.0,37.833333333333336,1.3744493392070485
2024-10-01 00:00:00+00:00,12,45.714285714285715,37.93333333333333,1.205121767511926
2024-10-02 00:00:00+00:00,10,41.57142857142857,38.0,1.093984962406015
2024-10-03 00:00:00+00:00,15,38.142857142857146,38.2,0.9985041136873598
2024-10-04 00:00:00+00:00,29,34.57142857142857,38.96666666666667,0.887205181473787
2024-10-05 00:00:00+00:00,53,30.857142857142858,40.666666666666664,0.7587822014051523
2024-10-06 00:00:00+00:00,80,31.857142857142858,43.3,0.7357307819201584
2024-10-07 00:00:00+00:00,76,39.285714285714285,45.766666666666666,0.8583914264904796
2024-10-08 00:00:00+00:00,88,50.142857142857146,48.333333333333336,1.0374384236453202
2024-10-09 00:00:00+00:00,35,53.714285714285715,48.7,1.1029627456732178
2024-10-10 00:00:00+00:00,32,56.142857142857146,49.03333333333333,1.144993687481791
2024-10-11 00:00:00+00:00,23,55.285714285714285,48.7,1.1352302728072747
2024-10-12 00:00:00+00:00,52,55.142857142857146,49.5,1.113997113997114
2024-10-13 00:00:00+00:00,79,55.0,50.733333333333334,1.0840998685939554
2024-10-14 00:00:00+00:00,75,54.857142857142854,52.0,1.054945054945055
2024-10-15 00:00:00+00:00,84,54.285714285714285,53.9,1.0071561091969254
2024-10-16 00:00:00+00:00,87,61.714285714285715,55.733333333333334,1.1073137388926864
2024-10-17 00:00:00+00:00,90,70.0,57.56666666666667,1.2159814707585408
2024-10-18 00:00:00+00:00,84,78.71428571428571,58.43333333333333,1.347078477711678
2024-10-19 00:00:00+00:00,77,82.28571428571429,58.666666666666664,1.4025974025974028
2024-10-20 00:00:00+00:00,79,82.28571428571429,58.666666666666664,1.4025974025974028
2024-10-21 00:00:00+00:00,98,85.57142857142857,59.1,1.447909112883732
2024-10-22 00:00:00+00:00,96,87.28571428571429,59.7,1.4620722660923666
2024-10-23 00:00:00+00:00,98,88.85714285714286,60.53333333333333,1.4679043423536817
2024-10-24 00:00:00+00:00,98,90.0,61.93333333333333,1.4531754574811626
2024-10-25 00:00:00+00:00,99,92.14285714285714,63.93333333333333,1.4412334276776404
2024-10-26 00:00:00+00:00,98,95.14285714285714,65.9,1.4437459353999564
2024-10-27 00:00:00+00:00,70,93.85714285714286,66.43333333333334,1.4128019496810265
2024-10-28 00:00:00+00:00,47,86.57142857142857,65.36666666666666,1.3243971734537774
2024-10-29 00:00:00+00:00,44,79.14285714285714,64.4,1.2289263531499555
2024-10-30 00:00:00+00:00,61,73.85714285714286,65.63333333333334,1.1252992817238627
2024-10-31 00:00:00+00:00,59,68.28571428571429,67.2,1.0161564625850341
2024-11-01 00:00:00+00:00,59,62.57142857142857,68.83333333333333,0.9090280179868558
2024-11-02 00:00:00+00:00,31,53.0,69.36666666666666,0.7640557424315234
2024-11-03 00:00:00+00:00,41,48.857142857142854,69.76666666666667,0.7002934953245512
2024-11-04 00:00:00+00:00,40,47.857142857142854,69.33333333333333,0.6902472527472527
2024-11-05 00:00:00+00:00,96,55.285714285714285,69.86666666666666,0.7913031624863687
2024-11-06 00:00:00+00:00,99,60.714285714285715,70.63333333333334,0.8595698779747859
2024-11-07 00:00:00+00:00,99,66.42857142857143,71.0,0.9356136820925554
2024-11-08 00:00:00+00:00,90,70.85714285714286,72.83333333333333,0.9728669499836549
2024-11-09 00:00:00+00:00,93,79.71428571428571,74.86666666666666,1.0647500318025696
2024-11-10 00:00:00+00:00,93,87.14285714285714,77.2,1.1287934863064395
2024-11-11 00:00:00+00:00,77,92.42857142857143,78.03333333333333,1.1844754988710564
2024-11-12 00:00:00+00:00,61,87.42857142857143,77.43333333333334,1.1290818522846073
2024-11-13 00:00:00+00:00,47,80.0,76.5,1.0457516339869282
2024-11-14 00:00:00+00:00,48,72.71428571428571,75.3,0.965661164864352
2024-11-15 00:00:00+00:00,59,68.28571428571429,74.36666666666666,0.9182301338285204
2024-11-16 00:00:00+00:00,78,66.14285714285714,73.96666666666667,0.8942251979656215
2024-11-17 00:00:00+00:00,86,65.14285714285714,74.03333333333333,0.8799125233163955
2024-11-18 00:00:00+00:00,77,65.14285714285714,74.03333333333333,0.8799125233163955
2024-11-19 00:00:00+00:00,67,66.0,73.63333333333334,0.8963331824354911
2024-11-20 00:00:00+00:00,55,67.14285714285714,72.2,0.929956470122675
2024-11-21 00:00:00+00:00,48,67.14285714285714,70.6,0.9510319708619992
2024-11-22 00:00:00+00:00,41,64.57142857142857,68.7,0.9399043460178831
2024-11-23 00:00:00+00:00,32,58.0,66.5,0.8721804511278195
2024-11-24 00:00:00+00:00,20,48.57142857142857,63.86666666666667,0.760512973456606
2024-11-25 00:00:00+00:00,10,39.0,60.93333333333333,0.6400437636761488
2024-11-26 00:00:00+00:00,13,31.285714285714285,59.03333333333333,0.5299669274824554
2024-11-27 00:00:00+00:00,16,25.714285714285715,58.0,0.4433497536945813
2024-11-28 00:00:00+00:00,41,24.714285714285715,57.9,0.42684431285467556
2024-11-29 00:00:00+00:00,50,26.0,57.53333333333333,0.45191193511008115
2024-11-30 00:00:00+00:00,47,28.142857142857142,57.13333333333333,0.49258209701616934
2024-12-01 00:00:00+00:00,45,31.714285714285715,56.666666666666664,0.5596638655462185
2024-12-02 00:00:00+00:00,30,34.57142857142857,56.63333333333333,0.6104431178003867
2024-12-03 00:00:00+00:00,38,38.142857142857146,56.53333333333333,0.6746967654986523
2024-12-04 00:00:00+00:00,56,43.857142857142854,57.06666666666667,0.7685246995994659
2024-12-05 00:00:00+00:00,68,47.714285714285715,56.13333333333333,0.8500169664065151
2024-12-06 00:00:00+00:00,66,50.0,55.03333333333333,0.9085402786190188
2024-12-07 00:00:00+00:00,34,48.142857142857146,52.86666666666667,0.9106467303188616
2024-12-08 00:00:00+00:00,25,45.285714285714285,50.7,0.8932093547478163
2024-12-09 00:00:00+00:00,26,44.714285714285715,48.46666666666667,0.9225781096482609
2024-12-10 00:00:00+00:00,37,44.57142857142857,46.6,0.956468424279583
2024-12-11 00:00:00+00:00,61,45.285714285714285,46.06666666666667,0.983047343394666
2024-12-12 00:00:00+00:00,74,46.142857142857146,46.5,0.9923195084485408
2024-12-13 00:00:00+00:00,86,49.0,47.8,1.0251046025104602
2024-12-14 00:00:00+00:00,91,57.142857142857146,49.233333333333334,1.1606538349937132
2024-12-15 00:00:00+00:00,89,66.28571428571429,50.233333333333334,1.3195563560527066
2024-12-16 00:00:00+00:00,57,70.71428571428571,49.53333333333333,1.4276100749855796
2024-12-17 00:00:00+00:00,20,68.28571428571429,47.333333333333336,1.442655935613682
2024-12-18 00:00:00+00:00,7,60.57142857142857,45.0,1.346031746031746
2024-12-19 00:00:00+00:00,3,50.42857142857143,42.86666666666667,1.1764052432792713
2024-12-20 00:00:00+00:00,3,38.57142857142857,41.13333333333333,0.9377170641352165
2024-12-21 00:00:00+00:00,4,26.142857142857142,39.666666666666664,0.65906362545018
2024-12-22 00:00:00+00:00,13,15.285714285714286,38.733333333333334,0.3946397836242931
2024-12-23 00:00:00+00:00,17,9.571428571428571,38.233333333333334,0.25034250840702454
2024-12-24 00:00:00+00:00,26,10.428571428571429,38.43333333333333,0.2713418411597076
2024-12-25 00:00:00+00:00,51,16.714285714285715,39.8,0.419956927494616
2024-12-26 00:00:00+00:00,36,21.428571428571427,40.56666666666667,0.5282310130296982
2024-12-27 00:00:00+00:00,27,24.857142857142858,40.93333333333333,0.6072591903210797
2024-12-28 00:00:00+00:00,26,28.0,40.43333333333333,0.6924979389942293
2024-12-29 00:00:00+00:00,15,28.285714285714285,39.266666666666666,0.7203492602473927
2024-12-30 00:00:00+00:00,27,29.714285714285715,38.6,0.76980014803849
2024-12-31 00:00:00+00:00,36,31.142857142857142,38.3,0.8131294293174189
2025-01-01 00:00:00+00:00,56,31.857142857142858,39.166666666666664,0.8133738601823709
2025-01-02 00:00:00+00:00,53,34.285714285714285,39.666666666666664,0.8643457382953181
2025-01-03 00:00:00+00:00,31,34.857142857142854,38.833333333333336,0.8976088289393009
2025-01-04 00:00:00+00:00,41,37.0,37.93333333333333,0.9753954305799649
2025-01-05 00:00:00+00:00,49,41.857142857142854,37.36666666666667,1.1201733146425386
2025-01-06 00:00:00+00:00,55,45.857142857142854,38.06666666666667,1.204653490117588
2025-01-07 00:00:00+00:00,27,44.57142857142857,38.13333333333333,1.1688311688311688
2025-01-08 00:00:00+00:00,8,37.714285714285715,37.53333333333333,1.0048211113930474
2025-01-09 00:00:00+00:00,4,30.714285714285715,36.43333333333333,0.8430270552868907
2025-01-10 00:00:00+00:00,5,27.0,34.56666666666667,0.781099324975892
2025-01-11 00:00:00+00:00,16,23.428571428571427,32.63333333333333,0.7179337516416168
2025-01-12 00:00:00+00:00,17,18.857142857142858,30.333333333333332,0.6216640502354789
2025-01-13 00:00:00+00:00,26,14.714285714285714,28.166666666666668,0.5224006762468301
2025-01-14 00:00:00+00:00,45,17.285714285714285,26.7,0.6474050294275013
2025-01-15 00:00:00+00:00,83,28.0,27.566666666666666,1.0157194679564692
2025-01-16 00:00:00+00:00,64,36.57142857142857,29.033333333333335,1.259635886501558
2025-01-17 00:00:00+00:00,59,44.285714285714285,30.766666666666666,1.4394056647577775
2025-01-18 00:00:00+00:00,40,47.714285714285715,32.0,1.4910714285714286
2025-01-19 00:00:00+00:00,53,52.857142857142854,33.666666666666664,1.57001414427157
2025-01-20 00:00:00+00:00,65,58.42857142857143,35.7,1.6366546618647457
2025-01-21 00:00:00+00:00,75,62.714285714285715,37.766666666666666,1.6605724372714665
2025-01-22 00:00:00+00:00,72,61.142857142857146,39.6,1.544011544011544
2025-01-23 00:00:00+00:00,66,61.42857142857143,40.93333333333333,1.5006979990693348
2025-01-24 00:00:00+00:00,78,64.14285714285714,41.833333333333336,1.5332953898690949
2025-01-25 00:00:00+00:00,88,71.0,43.56666666666667,1.6296863045141545
2025-01-26 00:00:00+00:00,21,66.42857142857143,43.36666666666667,1.5317887339409246
2025-01-27 00:00:00+00:00,8,58.285714285714285,42.766666666666666,1.3628771851686894
2025-01-28 00:00:00+00:00,8,48.714285714285715,42.53333333333333,1.145320197044335
2025-01-29 00:00:00+00:00,39,44.0,42.93333333333333,1.0248447204968945
2025-01-30 00:00:00+00:00,56,42.57142857142857,43.6,0.9764089121887286
2025-01-31 00:00:00+00:00,55,39.285714285714285,43.56666666666667,0.9017378948518963
2025-02-01 00:00:00+00:00,19,29.428571428571427,42.43333333333333,0.6935248569184155
2025-02-02 00:00:00+00:00,3,26.857142857142858,41.5,0.6471600688468159
2025-02-03 00:00:00+00:00,3,26.142857142857142,40.233333333333334,0.6497810391762339
2025-02-04 00:00:00+00:00,5,25.714285714285715,38.766666666666666,0.6633091757769316
2025-02-05 00:00:00+00:00,22,23.285714285714285,37.666666666666664,0.618204804045512
2025-02-06 00:00:00+00:00,23,18.571428571428573,37.53333333333333,0.4947982745496068
2025-02-07 00:00:00+00:00,36,15.857142857142858,38.46666666666667,0.4122307501856895
2025-02-08 00:00:00+00:00,45,19.571428571428573,39.833333333333336,0.49133293484757923
2025-02-09 00:00:00+00:00,64,28.285714285714285,41.8,0.6766917293233083
2025-02-10 00:00:00+00:00,57,36.0,43.166666666666664,0.833976833976834
2025-02-11 00:00:00+00:00,43,41.42857142857143,44.03333333333333,0.9408456796798963
2025-02-12 00:00:00+00:00,45,44.714285714285715,44.666666666666664,1.0010660980810235
2025-02-13 00:00:00+00:00,48,48.285714285714285,44.766666666666666,1.0786086586533348
2025-02-14 00:00:00+00:00,80,54.57142857142857,44.666666666666664,1.2217484008528785
2025-02-15 00:00:00+00:00,70,58.142857142857146,44.86666666666667,1.2959032052642752
2025-02-16 00:00:00+00:00,42,55.0,44.3,1.2415349887133185
2025-02-17 00:00:00+00:00,27,50.714285714285715,43.86666666666667,1.1561007381676074
2025-02-18 00:00:00+00:00,26,48.285714285714285,42.96666666666667,1.1237947467582843
2025-02-19 00:00:00+00:00,28,45.857142857142854,41.733333333333334,1.098813327247832
2025-02-20 00:00:00+00:00,32,43.57142857142857,40.3,1.0811768876285006
2025-02-21 00:00:00+00:00,26,35.857142857142854,38.766666666666666,0.9249477951111656
2025-02-22 00:00:00+00:00,19,28.571428571428573,37.2,0.7680491551459293
2025-02-23 00:00:00+00:00,24,26.0,35.4,0.7344632768361582
2025-02-24 00:00:00+00:00,3,22.571428571428573,32.56666666666667,0.6930837841789735
2025-02-25 00:00:00+00:00,2,19.142857142857142,31.933333333333334,0.5994631673128541
2025-02-26 00:00:00+00:00,0,15.142857142857142,31.666666666666668,0.47819548872180445
2025-02-27 00:00:00+00:00,0,10.571428571428571,31.4,0.3366696997270246
2025-02-28 00:00:00+00:00,0,6.857142857142857,30.1,0.22781205505457994
2025-03-01 00:00:00+00:00,3,4.571428571428571,28.333333333333332,0.16134453781512606
2025-03-02 00:00:00+00:00,15,3.2857142857142856,27.0,0.12169312169312169
2025-03-03 00:00:00+00:00,14,4.857142857142857,26.833333333333332,0.18101153504880213
2025-03-04 00:00:00+00:00,13,6.428571428571429,27.166666666666668,0.2366345311130587
2025-03-05 00:00:00+00:00,19,9.142857142857142,27.7,0.3300670448684889
2025-03-06 00:00:00+00:00,40,14.857142857142858,28.866666666666667,0.5146816232266579
2025-03-07 00:00:00+00:00,33,19.571428571428573,29.233333333333334,0.6694901449747516
2025-03-08 00:00:00+00:00,10,20.571428571428573,28.8,0.7142857142857143
2025-03-09 00:00:00+00:00,3,18.857142857142858,27.7,0.6807632800412584
2025-03-10 00:00:00+00:00,1,17.0,26.233333333333334,0.6480304955527318
2025-03-11 00:00:00+00:00,4,15.714285714285714,24.233333333333334,0.6484574572607584
2025-03-12 00:00:00+00:00,7,14.0,22.566666666666666,0.620384047267356
2025-03-13 00:00:00+00:00,11,9.857142857142858,21.5,0.4584717607973422
2025-03-14 00:00:00+00:00,12,6.857142857142857,20.4,0.33613445378151263
2025-03-15 00:00:00+00:00,15,7.571428571428571,19.3,0.39230199851961506
2025-03-16 00:00:00+00:00,21,10.142857142857142,17.333333333333332,0.5851648351648352
2025-03-17 00:00:00+00:00,12,11.714285714285714,15.4,0.7606679035250463
2025-03-18 00:00:00+00:00,14,13.142857142857142,14.466666666666667,0.9084924292297564
2025-03-19 00:00:00+00:00,15,14.285714285714286,14.066666666666666,1.015572105619499
2025-03-20 00:00:00+00:00,35,17.714285714285715,14.366666666666667,1.2330129267484256
2025-03-21 00:00:00+00:00,29,20.142857142857142,14.4,1.3988095238095237
2025-03-22 00:00:00+00:00,36,23.142857142857142,14.533333333333333,1.5923984272608125
2025-03-23 00:00:00+00:00,29,24.285714285714285,14.633333333333333,1.6596160104132769
2025-03-24 00:00:00+00:00,38,28.0,15.266666666666667,1.8340611353711789
2025-03-25 00:00:00+00:00,42,32.0,15.866666666666667,2.0168067226890756
2025-03-26 00:00:00+00:00,44,36.142857142857146,17.233333333333334,2.0972644376899696
2025-03-27 00:00:00+00:00,37,36.42857142857143,18.4,1.9798136645962736
2025-03-28 00:00:00+00:00,26,36.0,19.266666666666666,1.8685121107266436
2025-03-29 00:00:00+00:00,15,33.0,19.766666666666666,1.669477234401349
2025-03-30 00:00:00+00:00,8,30.0,20.033333333333335,1.4975041597337768
2025-03-31 00:00:00+00:00,10,26.0,20.266666666666666,1.2828947368421053
2025-04-01 00:00:00+00:00,17,22.428571428571427,20.333333333333332,1.1030444964871193
2025-04-02 00:00:00+00:00,21,19.142857142857142,20.566666666666666,0.9307710118082889
2025-04-03 00:00:00+00:00,12,15.571428571428571,20.533333333333335,0.7583487940630798
2025-04-04 00:00:00+00:00,15,14.0,20.4,0.6862745098039216
2025-04-05 00:00:00+00:00,19,14.571428571428571,19.7,0.7396664249456127
2025-04-06 00:00:00+00:00,4,14.0,18.733333333333334,0.7473309608540925
2025-04-07 00:00:00+00:00,1,12.714285714285714,18.433333333333334,0.6897442521312321
2025-04-08 00:00:00+00:00,1,10.428571428571429,18.366666666666667,0.5677988073632356
2025-04-09 00:00:00+00:00,5,8.142857142857142,18.5,0.4401544401544401
2025-04-10 00:00:00+00:00,5,7.142857142857143,18.533333333333335,0.38540596094552926
2025-04-11 00:00:00+00:00,10,6.428571428571429,18.633333333333333,0.34500383337592644
2025-04-12 00:00:00+00:00,23,7.0,19.033333333333335,0.3677758318739054
2025-04-13 00:00:00+00:00,27,10.285714285714286,19.533333333333335,0.5265724037055095
2025-04-14 00:00:00+00:00,32,14.714285714285714,20.1,0.7320540156361051
2025-04-15 00:00:00+00:00,23,17.857142857142858,20.166666666666668,0.8854781582054309
2025-04-16 00:00:00+00:00,41,23.0,21.133333333333333,1.0883280757097793
2025-04-17 00:00:00+00:00,25,25.857142857142858,21.5,1.2026578073089702
2025-04-18 00:00:00+00:00,45,30.857142857142858,22.5,1.3714285714285714
2025-04-19 00:00:00+00:00,41,33.42857142857143,22.7,1.472624292007552
2025-04-20 00:00:00+00:00,45,36.0,23.233333333333334,1.5494978479196555
2025-04-21 00:00:00+00:00,30,35.714285714285715,23.033333333333335,1.5505478602439529
2025-04-22 00:00:00+00:00,42,38.42857142857143,23.466666666666665,1.637581168831169
2025-04-23 00:00:00+00:00,45,39.0,23.7,1.6455696202531647
2025-04-24 00:00:00+00:00,56,43.42857142857143,24.166666666666668,1.7970443349753695
2025-04-25 00:00:00+00:00,67,46.57142857142857,24.933333333333334,1.8678380443086324
2025-04-26 00:00:00+00:00,89,53.42857142857143,26.666666666666668,2.0035714285714286
2025-04-27 00:00:00+00:00,95,60.57142857142857,28.966666666666665,2.0910734834785467
2025-04-28 00:00:00+00:00,95,69.85714285714286,31.633333333333333,2.2083396055998796
2025-04-29 00:00:00+00:00,86,76.14285714285714,34.233333333333334,2.2242314647377937
2025-04-30 00:00:00+00:00,72,80.0,36.3,2.203856749311295
2025-05-01 00:00:00+00:00,49,79.0,37.36666666666667,2.1141837644959858
2025-05-02 00:00:00+00:00,60,78.0,38.666666666666664,2.0172413793103448
2025-05-03 00:00:00+00:00,65,74.57142857142857,40.43333333333333,1.8443057354846308
2025-05-04 00:00:00+00:00,74,71.57142857142857,42.4,1.6880053908355794
2025-05-05 00:00:00+00:00,75,68.71428571428571,44.266666666666666,1.5522805507745265
2025-05-06 00:00:00+00:00,72,66.71428571428571,46.53333333333333,1.433688088415882
2025-05-07 00:00:00+00:00,64,65.57142857142857,48.63333333333333,1.3482816018799568
2025-05-08 00:00:00+00:00,55,66.42857142857143,50.43333333333333,1.3171560759135117
2025-05-09 00:00:00+00:00,65,67.14285714285714,52.43333333333333,1.2805376441740077
2025-05-10 00:00:00+00:00,86,70.14285714285714,55.13333333333333,1.2722404560373122
2025-05-11 00:00:00+00:00,73,70.0,57.233333333333334,1.22306348281887
2025-05-12 00:00:00+00:00,48,66.14285714285714,58.06666666666667,1.1390847958012136
2025-05-13 00:00:00+00:00,41,61.714285714285715,58.53333333333333,1.054344288968435
2025-05-14 00:00:00+00:00,56,60.57142857142857,59.333333333333336,1.0208667736757624
2025-05-15 00:00:00+00:00,76,63.57142857142857,61.1,1.0404489127893382
2025-05-16 00:00:00+00:00,72,64.57142857142857,62.13333333333333,1.0392397302268546
2025-05-17 00:00:00+00:00,79,63.57142857142857,63.93333333333333,0.9943393415760465
2025-05-18 00:00:00+00:00,60,61.714285714285715,64.43333333333334,0.9578006060158155
2025-05-19 00:00:00+00:00,78,66.0,65.66666666666667,1.0050761421319796
2025-05-20 00:00:00+00:00,85,72.28571428571429,67.0,1.0788912579957357
2025-05-21 00:00:00+00:00,98,78.28571428571429,69.26666666666667,1.1302076172143545
2025-05-22 00:00:00+00:00,93,80.71428571428571,70.96666666666667,1.1373548949875862
2025-05-23 00:00:00+00:00,91,83.42857142857143,72.5,1.1507389162561577
2025-05-24 00:00:00+00:00,63,81.14285714285714,72.73333333333333,1.1156213172711797
2025-05-25 00:00:00+00:00,69,82.42857142857143,72.8,1.1322605965463108
2025-05-26 00:00:00+00:00,70,81.28571428571429,72.16666666666667,1.1263609369844936
2025-05-27 00:00:00+00:00,78,80.28571428571429,71.6,1.1213088587390265
2025-05-28 00:00:00+00:00,80,77.71428571428571,71.1,1.0930279284709665
2025-05-29 00:00:00+00:00,68,74.14285714285714,70.5,1.0516717325227962
2025-05-30 00:00:00+00:00,42,67.14285714285714,69.5,0.9660842754367933
2025-05-31 00:00:00+00:00,21,61.142857142857146,68.56666666666666,0.8917285922633517
2025-06-01 00:00:00+00:00,21,54.285714285714285,67.26666666666667,0.807022511680589
2025-06-02 00:00:00+00:00,38,49.714285714285715,66.36666666666666,0.7490851689746718
2025-06-03 00:00:00+00:00,65,47.857142857142854,66.06666666666666,0.7243765316419202
2025-06-04 00:00:00+00:00,59,44.857142857142854,65.53333333333333,0.6844935329167272
2025-06-05 00:00:00+00:00,65,44.42857142857143,65.3,0.6803762852767448
2025-06-06 00:00:00+00:00,61,47.142857142857146,65.2,0.7230499561787905
2025-06-07 00:00:00+00:00,80,55.57142857142857,66.03333333333333,0.8415663085021995
2025-06-08 00:00:00+00:00,81,64.14285714285714,66.56666666666666,0.9635882395021103
2025-06-09 00:00:00+00:00,88,71.28571428571429,66.63333333333334,1.0698206245980133
2025-06-10 00:00:00+00:00,92,75.14285714285714,67.26666666666667,1.1170890556420785
2025-06-11 00:00:00+00:00,79,78.0,68.3,1.1420204978038069
2025-06-12 00:00:00+00:00,55,76.57142857142857,68.76666666666667,1.1134962952704106
2025-06-13 00:00:00+00:00,50,75.0,68.56666666666666,1.0938259601361207
2025-06-14 00:00:00+00:00,59,72.0,68.0,1.0588235294117647
2025-06-15 00:00:00+00:00,66,69.85714285714286,67.8,1.0303413400758534
2025-06-16 00:00:00+00:00,52,64.71428571428571,66.9,0.9673286354900703
2025-06-17 00:00:00+00:00,47,58.285714285714285,66.46666666666667,0.8769164636767445
2025-06-18 00:00:00+00:00,45,53.42857142857143,65.36666666666666,0.8173672324615722
2025-06-19 00:00:00+00:00,42,51.57142857142857,63.93333333333333,0.8066438254133771
2025-06-20 00:00:00+00:00,38,49.857142857142854,61.93333333333333,0.8050130708903583
2025-06-21 00:00:00+00:00,11,43.0,59.2,0.7263513513513513
2025-06-22 00:00:00+00:00,10,35.0,56.5,0.6194690265486725
2025-06-23 00:00:00+00:00,10,29.0,54.733333333333334,0.5298416565164433
2025-06-24 00:00:00+00:00,28,26.285714285714285,53.36666666666667,0.49254929954492727
2025-06-25 00:00:00+00:00,63,28.857142857142858,53.13333333333333,0.5431080838860011
2025-06-26 00:00:00+00:00,56,30.857142857142858,52.4,0.588876772082879
2025-06-27 00:00:00+00:00,59,33.857142857142854,51.7,0.6548770378557611
2025-06-28 00:00:00+00:00,77,43.285714285714285,52.0,0.8324175824175823
2025-06-29 00:00:00+00:00,90,54.714285714285715,53.6,1.0207889125799574
2025-06-30 00:00:00+00:00,89,66.0,55.86666666666667,1.1813842482100239
2025-07-01 00:00:00+00:00,55,69.85714285714286,57.0,1.2255639097744362
2025-07-02 00:00:00+00:00,34,65.71428571428571,56.86666666666667,1.1555853290906044
2025-07-03 00:00:00+00:00,33,62.42857142857143,55.8,1.1187916026625706
2025-07-04 00:00:00+00:00,51,61.285714285714285,55.53333333333333,1.1035842908592008
2025-07-05 00:00:00+00:00,59,58.714285714285715,55.333333333333336,1.0611015490533562
2025-07-06 00:00:00+00:00,73,56.285714285714285,55.733333333333334,1.0099111414900888
2025-07-07 00:00:00+00:00,78,54.714285714285715,55.666666666666664,0.9828913601368692
2025-07-08 00:00:00+00:00,98,60.857142857142854,56.233333333333334,1.0822254212888474
2025-07-09 00:00:00+00:00,91,69.0,56.333333333333336,1.2248520710059172
2025-07-10 00:00:00+00:00,89,77.0,56.233333333333334,1.3692946058091287
2025-07-11 00:00:00+00:00,84,81.71428571428571,56.4,1.4488348530901722
2025-07-12 00:00:00+00:00,88,85.85714285714286,57.5,1.493167701863354
2025-07-13 00:00:00+00:00,65,84.71428571428571,58.0,1.460591133004926
2025-07-14 00:00:00+00:00,58,81.85714285714286,57.96666666666667,1.4121416249075824
2025-07-15 00:00:00+00:00,58,76.14285714285714,57.7,1.3196335726665014
2025-07-16 00:00:00+00:00,69,73.0,58.266666666666666,1.2528604118993136
2025-07-17 00:00:00+00:00,70,70.28571428571429,59.03333333333333,1.1906106316044205
2025-07-18 00:00:00+00:00,71,68.42857142857143,59.9,1.1423801574051993
2025-07-19 00:00:00+00:00,77,66.85714285714286,61.06666666666667,1.0948222083593262
2025-07-20 00:00:00+00:00,69,67.42857142857143,62.1,1.0858063031976075
2025-07-21 00:00:00+00:00,55,67.0,63.56666666666667,1.0540115364446774
2025-07-22 00:00:00+00:00,37,64.0,64.46666666666667,0.9927611168562565
2025-07-23 00:00:00+00:00,35,59.142857142857146,65.3,0.9057099103040911
2025-07-24 00:00:00+00:00,26,52.857142857142854,65.23333333333333,0.8102781224906926
2025-07-25 00:00:00+00:00,37,48.0,64.36666666666666,0.7457276022786122
2025-07-26 00:00:00+00:00,41,42.857142857142854,63.86666666666667,0.6710408589322994
2025-07-27 00:00:00+00:00,46,39.57142857142857,63.43333333333333,0.6238270400120111
2025-07-28 00:00:00+00:00,53,39.285714285714285,62.63333333333333,0.6272333307990572
2025-07-29 00:00:00+00:00,40,39.714285714285715,60.96666666666667,0.651409825822073
2025-07-30 00:00:00+00:00,44,41.0,59.46666666666667,0.6894618834080717
2025-07-31 00:00:00+00:00,23,40.57142857142857,58.4,0.6947162426614482
2025-08-01 00:00:00+00:00,11,36.857142857142854,57.63333333333333,0.6395108650747748
2025-08-02 00:00:00+00:00,9,32.285714285714285,56.833333333333336,0.5680770842061165
2025-08-03 00:00:00+00:00,20,28.571428571428573,55.8,0.5120327700972863
2025-08-04 00:00:00+00:00,44,27.285714285714285,55.3,0.4934125548953759
2025-08-05 00:00:00+00:00,47,28.285714285714285,54.43333333333333,0.5196395765899746
2025-08-06 00:00:00+00:00,50,29.142857142857142,53.5,0.5447263017356475
2025-08-07 00:00:00+00:00,71,36.0,52.6,0.6844106463878327
2025-08-08 00:00:00+00:00,87,46.857142857142854,52.46666666666667,0.8930840442911598
2025-08-09 00:00:00+00:00,96,59.285714285714285,52.7,1.1249661154784494
2025-08-10 00:00:00+00:00,90,69.28571428571429,52.9,1.3097488522819338
2025-08-11 00:00:00+00:00,86,75.28571428571429,52.833333333333336,1.4249662009914377
2025-08-12 00:00:00+00:00,75,79.28571428571429,53.166666666666664,1.491267353336319
2025-08-13 00:00:00+00:00,68,81.85714285714286,53.5,1.5300400534045395
2025-08-14 00:00:00+00:00,52,79.14285714285714,53.3,1.4848566068078264
2025-08-15 00:00:00+00:00,55,74.57142857142857,52.833333333333336,1.4114465975664712
2025-08-16 00:00:00+00:00,66,70.28571428571429,52.7,1.3336947682298725
2025-08-17 00:00:00+00:00,54,65.14285714285714,52.13333333333333,1.249543295579101
2025-08-18 00:00:00+00:00,28,56.857142857142854,50.5,1.125884016973126
2025-08-19 00:00:00+00:00,22,49.285714285714285,48.93333333333333,1.007201245620864
2025-08-20 00:00:00+00:00,17,42.0,47.666666666666664,0.8811188811188811
2025-08-21 00:00:00+00:00,18,37.142857142857146,47.03333333333333,0.7897134757517466
2025-08-22 00:00:00+00:00,20,32.142857142857146,46.53333333333333,0.6907490790012281
2025-08-23 00:00:00+00:00,22,25.857142857142858,46.4,0.5572660098522167
2025-08-24 00:00:00+00:00,19,20.857142857142858,45.8,0.45539613225202746
2025-08-25 00:00:00+00:00,15,19.0,44.93333333333333,0.42284866468842736
2025-08-26 00:00:00+00:00,19,18.571428571428573,44.03333333333333,0.4217584081323673
2025-08-27 00:00:00+00:00,29,20.285714285714285,43.233333333333334,0.4692146712192972
2025-08-28 00:00:00+00:00,31,22.142857142857142,42.93333333333333,0.5157497781721384
2025-08-29 00:00:00+00:00,41,25.142857142857142,42.833333333333336,0.5869927737632017
2025-08-30 00:00:00+00:00,38,27.428571428571427,43.333333333333336,0.6329670329670329
2025-08-31 00:00:00+00:00,43,30.857142857142858,44.4,0.694980694980695
2025-09-01 00:00:00+00:00,29,32.857142857142854,45.06666666666667,0.7290786136939982
2025-09-02 00:00:00+00:00,41,36.0,45.766666666666666,0.786598689002185
2025-09-03 00:00:00+00:00,66,41.285714285714285,46.5,0.8878648233486943
2025-09-04 00:00:00+00:00,58,45.142857142857146,46.86666666666667,0.9632188579557002
2025-09-05 00:00:00+00:00,37,44.57142857142857,46.43333333333333,0.9599015485591221
2025-09-06 00:00:00+00:00,27,43.0,44.96666666666667,0.9562638991845811
2025-09-07 00:00:00+00:00,39,42.42857142857143,43.36666666666667,0.9783682881300099
2025-09-08 00:00:00+00:00,62,47.142857142857146,42.233333333333334,1.1162476040139813
2025-09-09 00:00:00+00:00,43,47.42857142857143,40.666666666666664,1.1662763466042156
2025-09-10 00:00:00+00:00,48,44.857142857142854,39.4,1.1385061638868745
2025-09-11 00:00:00+00:00,49,43.57142857142857,38.53333333333333,1.1307464162135443
2025-09-12 00:00:00+00:00,81,49.857142857142854,38.96666666666667,1.2794818526212879
2025-09-13 00:00:00+00:00,85,58.142857142857146,40.06666666666667,1.451152840503922
2025-09-14 00:00:00+00:00,99,66.71428571428571,41.53333333333333,1.6062829626232515
2025-09-15 00:00:00+00:00,95,71.42857142857143,42.5,1.680672268907563
2025-09-16 00:00:00+00:00,76,76.14285714285714,43.233333333333334,1.761207181407644
2025-09-17 00:00:00+00:00,62,78.14285714285714,44.36666666666667,1.7612965546849844
2025-09-18 00:00:00+00:00,45,77.57142857142857,45.13333333333333,1.7187170289090525
2025-09-19 00:00:00+00:00,76,76.85714285714286,47.1,1.6317864725508038
2025-09-20 00:00:00+00:00,74,75.28571428571429,48.96666666666667,1.5374890596129536
2025-09-21 00:00:00+00:00,32,65.71428571428571,49.36666666666667,1.3311469084595349
2025-09-22 00:00:00+00:00,11,53.714285714285715,49.0,1.096209912536443
2025-09-23 00:00:00+00:00,15,45.0,48.86666666666667,0.9208731241473397
2025-09-24 00:00:00+00:00,13,38.0,48.8,0.778688524590164
2025-09-25 00:00:00+00:00,14,33.57142857142857,48.63333333333333,0.6902966807010672
2025-09-26 00:00:00+00:00,7,23.714285714285715,47.9,0.4950790337011632
2025-09-27 00:00:00+00:00,12,14.857142857142858,47.266666666666666,0.31432601249244413
2025-09-28 00:00:00+00:00,28,14.285714285714286,46.833333333333336,0.3050330452465684
2025-09-29 00:00:00+00:00,65,22.0,47.733333333333334,0.46089385474860334
2025-09-30 00:00:00+00:00,81,31.428571428571427,49.0,0.641399416909621
2025-10-01 00:00:00+00:00,86,41.857142857142854,50.9,0.8223407241088969
2025-10-02 00:00:00+00:00,67,49.42857142857143,51.766666666666666,0.954833961917027
2025-10-03 00:00:00+00:00,84,60.42857142857143,52.36666666666667,1.153951077566609
2025-10-04 00:00:00+00:00,80,70.14285714285714,53.1,1.3209577616357275
2025-10-05 00:00:00+00:00,56,74.14285714285714,53.733333333333334,1.379829847571783
2025-10-06 00:00:00+00:00,36,70.0,54.03333333333333,1.2954966070326959
2025-10-07 00:00:00+00:00,57,66.57142857142857,54.63333333333333,1.2185130305935674
2025-10-08 00:00:00+00:00,72,64.57142857142857,54.96666666666667,1.174737936411678
2025-10-09 00:00:00+00:00,65,64.28571428571429,55.7,1.1541420877147988
2025-10-10 00:00:00+00:00,8,53.42857142857143,54.36666666666667,0.982745029342209
2025-10-11 00:00:00+00:00,5,42.714285714285715,52.9,0.8074534161490684
2025-10-12 00:00:00+00:00,4,35.285714285714285,50.333333333333336,0.7010406811731315
2025-10-13 00:00:00+00:00,16,32.42857142857143,48.03333333333333,0.67512640031724
2025-10-14 00:00:00+00:00,22,27.428571428571427,45.46666666666667,0.6032677000418936
2025-10-15 00:00:00+00:00,20,20.0,42.96666666666667,0.4654771140418929
2025-10-16 00:00:00+00:00,7,11.714285714285714,40.666666666666664,0.28805620608899296
2025-10-17 00:00:00+00:00,3,11.0,38.7,0.2842377260981912
2025-10-18 00:00:00+00:00,3,10.714285714285714,37.3,0.2872462657985446
2025-10-19 00:00:00+00:00,12,11.857142857142858,35.166666666666664,0.3371699390656737
2025-10-20 00:00:00+00:00,22,12.714285714285714,33.43333333333333,0.3802877083036605
2025-10-21 00:00:00+00:00,22,12.714285714285714,33.1,0.38411739318083726
2025-10-22 00:00:00+00:00,33,14.571428571428571,33.833333333333336,0.43068261787473605
2025-10-23 00:00:00+00:00,41,19.428571428571427,34.7,0.5599011939069575
2025-10-24 00:00:00+00:00,70,29.0,36.6,0.7923497267759563
2025-10-25 00:00:00+00:00,74,39.142857142857146,38.6,1.0140636565507033
2025-10-26 00:00:00+00:00,85,49.57142857142857,41.2,1.2031900138696254
2025-10-27 00:00:00+00:00,75,57.142857142857146,43.3,1.3196964698119433
2025-10-28 00:00:00+00:00,52,61.42857142857143,44.1,1.3929381276320052
2025-10-29 00:00:00+00:00,24,60.142857142857146,42.733333333333334,1.4073991531089816
2025-10-30 00:00:00+00:00,15,56.42857142857143,40.53333333333333,1.392152255639098
2025-10-31 00:00:00+00:00,13,48.285714285714285,38.1,1.267341582302212
2025-11-01 00:00:00+00:00,18,40.285714285714285,36.46666666666667,1.10472708278924
2025-11-02 00:00:00+00:00,8,29.285714285714285,33.93333333333333,0.8630367667695763
2025-11-03 00:00:00+00:00,1,18.714285714285715,31.3,0.5979005020538567
2025-11-04 00:00:00+00:00,0,11.285714285714286,29.433333333333334,0.3834331014398965
2025-11-05 00:00:00+00:00,0,7.857142857142857,28.233333333333334,0.27829313543599254
2025-11-06 00:00:00+00:00,2,6.0,26.4,0.2272727272727273
2025-11-07 00:00:00+00:00,3,4.571428571428571,24.1,0.18968583283935977
2025-11-08 00:00:00+00:00,4,2.5714285714285716,22.066666666666666,0.11652999568407424
2025-11-09 00:00:00+00:00,8,2.5714285714285716,22.066666666666666,0.11652999568407424
2025-11-10 00:00:00+00:00,10,3.857142857142857,22.233333333333334,0.17348468622831442
2025-11-11 00:00:00+00:00,11,5.428571428571429,22.466666666666665,0.24162780839338704
2025-11-12 00:00:00+00:00,8,6.571428571428571,22.2,0.296010296010296
2025-11-13 00:00:00+00:00,1,6.428571428571429,21.5,0.29900332225913623
2025-11-14 00:00:00+00:00,0,6.0,20.833333333333332,0.28800000000000003
2025-11-15 00:00:00+00:00,0,5.428571428571429,20.6,0.2635228848821082
2025-11-16 00:00:00+00:00,1,4.428571428571429,20.533333333333335,0.21567717996289423
2025-11-17 00:00:00+00:00,1,3.142857142857143,20.466666666666665,0.15355979525360633
2025-11-18 00:00:00+00:00,1,1.7142857142857142,20.1,0.08528784648187632
2025-11-19 00:00:00+00:00,1,0.7142857142857143,19.4,0.036818851251840944
2025-11-20 00:00:00+00:00,0,0.5714285714285714,18.666666666666668,0.03061224489795918
2025-11-21 00:00:00+00:00,0,0.5714285714285714,17.566666666666666,0.03252914068853348
2025-11-22 00:00:00+00:00,1,0.7142857142857143,16.233333333333334,0.04400117336462305
2025-11-23 00:00:00+00:00,3,1.0,14.0,0.07142857142857142
2025-11-24 00:00:00+00:00,4,1.4285714285714286,11.666666666666666,0.12244897959183675
2025-11-25 00:00:00+00:00,6,2.142857142857143,9.033333333333333,0.23721665788086452
2025-11-26 00:00:00+00:00,7,3.0,6.766666666666667,0.4433497536945813
2025-11-27 00:00:00+00:00,12,4.714285714285714,5.433333333333334,0.8676599474145487
2025-11-28 00:00:00+00:00,15,6.857142857142857,5.133333333333334,1.3358070500927641
2025-11-29 00:00:00+00:00,17,9.142857142857142,5.2,1.758241758241758
2025-11-30 00:00:00+00:00,4,9.285714285714286,4.9,1.8950437317784257
2025-12-01 00:00:00+00:00,4,9.285714285714286,4.433333333333334,2.0945220193340495
2025-12-02 00:00:00+00:00,4,9.0,4.3,2.0930232558139537
2025-12-03 00:00:00+00:00,7,9.0,4.5,2.0
2025-12-04 00:00:00+00:00,10,8.714285714285714,4.833333333333333,1.8029556650246306
2025-12-05 00:00:00+00:00,11,8.142857142857142,5.2,1.5659340659340657
2025-12-06 00:00:00+00:00,15,7.857142857142857,5.633333333333334,1.3947590870667792
2025-12-07 00:00:00+00:00,21,10.285714285714286,6.233333333333333,1.650114591291062
2025-12-08 00:00:00+00:00,34,14.571428571428571,7.233333333333333,2.014483212639895
2025-12-09 00:00:00+00:00,29,18.142857142857142,7.933333333333334,2.2869147659063622
2025-12-10 00:00:00+00:00,21,20.142857142857142,8.3,2.426850258175559
2025-12-11 00:00:00+00:00,20,21.571428571428573,8.6,2.508305647840532
2025-12-12 00:00:00+00:00,22,23.142857142857142,9.066666666666666,2.552521008403361
2025-12-13 00:00:00+00:00,28,25.0,9.966666666666667,2.508361204013378
2025-12-14 00:00:00+00:00,14,24.0,10.433333333333334,2.3003194888178915
2025-12-15 00:00:00+00:00,15,21.285714285714285,10.933333333333334,1.9468641114982577
2025-12-16 00:00:00+00:00,17,19.571428571428573,11.466666666666667,1.706810631229236
2025-12-17 00:00:00+00:00,23,19.857142857142858,12.2,1.6276346604215457
2025-12-18 00:00:00+00:00,21,20.0,12.866666666666667,1.5544041450777202
2025-12-19 00:00:00+00:00,18,19.428571428571427,13.433333333333334,1.4462956398440268
2025-12-20 00:00:00+00:00,17,17.857142857142858,14.0,1.2755102040816326
2025-12-21 00:00:00+00:00,19,18.571428571428573,14.633333333333333,1.2691181256101531
2025-12-22 00:00:00+00:00,26,20.142857142857142,15.466666666666667,1.3023399014778325
2025-12-23 00:00:00+00:00,34,22.571428571428573,16.5,1.367965367965368
2025-12-24 00:00:00+00:00,36,24.428571428571427,17.566666666666666,1.390620764434806
2025-12-25 00:00:00+00:00,32,26.0,18.433333333333334,1.410488245931284
2025-12-26 00:00:00+00:00,19,26.142857142857142,18.833333333333332,1.3881163084702908
2025-12-27 00:00:00+00:00,21,26.714285714285715,19.133333333333333,1.3962170233947238
2025-12-28 00:00:00+00:00,27,27.857142857142858,19.533333333333335,1.4261335933690882
2025-12-29 00:00:00+00:00,28,28.142857142857142,19.9,1.4142139267767408
2025-12-30 00:00:00+00:00,22,26.428571428571427,20.5,1.2891986062717768
2025-12-31 00:00:00+00:00,22,24.428571428571427,21.1,1.1577522004062286
